,number,position,positionText,points,grid,laps,status,Driver.driverId,Driver.permanentNumber,Driver.code,Driver.url,Driver.givenName,Driver.familyName,Driver.dateOfBirth,Driver.nationality,Constructor.constructorId,Constructor.url,Constructor.name,Constructor.nationality,Time.millis,Time.time,FastestLap.rank,FastestLap.lap,FastestLap.Time.time,FastestLap.AverageSpeed.units,FastestLap.AverageSpeed.speed,season,round,raceName,date,Circuit.circuitId,constructor_names,finished
0,16,1,1,26,1,57,Finished,leclerc,16,LEC,http://en.wikipedia.org/wiki/Charles_Leclerc,Charles,Leclerc,1997-10-16,Monegasque,ferrari,https://en.wikipedia.org/wiki/Scuderia_Ferrari,Ferrari,Italian,5853584.0,1:37:33.584,1.0,51.0,1:34.570,kph,206.018,2022,1,Bahrain Grand Prix,2022-03-20,bahrain,ferrari,1
1,55,2,2,18,3,57,Finished,sainz,55,SAI,http://en.wikipedia.org/wiki/Carlos_Sainz_Jr.,Carlos,Sainz,1994-09-01,Spanish,ferrari,https://en.wikipedia.org/wiki/Scuderia_Ferrari,Ferrari,Italian,5859182.0,+5.598,3.0,52.0,1:35.740,kph,203.501,2022,1,Bahrain Grand Prix,2022-03-20,bahrain,ferrari,1
2,44,3,3,15,5,57,Finished,hamilton,44,HAM,http://en.wikipedia.org/wiki/Lewis_Hamilton,Lewis,Hamilton,1985-01-07,British,mercedes,https://en.wikipedia.org/wiki/Mercedes-Benz_in_Formula_One,Mercedes,German,5863259.0,+9.675,5.0,53.0,1:36.228,kph,202.469,2022,1,Bahrain Grand Prix,2022-03-20,bahrain,mercedes,1
3,63,4,4,12,9,57,Finished,russell,63,RUS,http://en.wikipedia.org/wiki/George_Russell_(racing_driver),George,Russell,1998-02-15,British,mercedes,https://en.wikipedia.org/wiki/Mercedes-Benz_in_Formula_One,Mercedes,German,5864795.0,+11.211,6.0,56.0,1:36.302,kph,202.313,2022,1,Bahrain Grand Prix,2022-03-20,bahrain,mercedes,1
4,20,5,5,10,7,57,Finished,kevin_magnussen,20,MAG,http://en.wikipedia.org/wiki/Kevin_Magnussen,Kevin,Magnussen,1992-10-05,Danish,haas,https://en.wikipedia.org/wiki/Haas_F1_Team,Haas F1 Team,American,5868338.0,+14.754,8.0,53.0,1:36.623,kph,201.641,2022,1,Bahrain Grand Prix,2022-03-20,bahrain,haas,1
5,77,6,6,8,6,57,Finished,bottas,77,BOT,http://en.wikipedia.org/wiki/Valtteri_Bottas,Valtteri,Bottas,1989-08-28,Finnish,alfa,https://en.wikipedia.org/wiki/Alfa_Romeo_in_Formula_One,Alfa Romeo,Swiss,5869703.0,+16.119,7.0,53.0,1:36.599,kph,201.691,2022,1,Bahrain Grand Prix,2022-03-20,bahrain,audi,1
6,31,7,7,6,11,57,Finished,ocon,31,OCO,http://en.wikipedia.org/wiki/Esteban_Ocon,Esteban,Ocon,1996-09-17,French,alpine,https://en.wikipedia.org/wiki/Alpine_F1_Team,Alpine F1 Team,French,5873007.0,+19.423,14.0,53.0,1:37.110,kph,200.63,2022,1,Bahrain Grand Prix,2022-03-20,bahrain,alpine,1
7,22,8,8,4,16,57,Finished,tsunoda,22,TSU,http://en.wikipedia.org/wiki/Yuki_Tsunoda,Yuki,Tsunoda,2000-05-11,Japanese,alphatauri,https://en.wikipedia.org/wiki/Scuderia_AlphaTauri,AlphaTauri,Italian,5873970.0,+20.386,13.0,53.0,1:37.104,kph,200.642,2022,1,Bahrain Grand Prix,2022-03-20,bahrain,rb,1
8,14,9,9,2,8,57,Finished,alonso,14,ALO,http://en.wikipedia.org/wiki/Fernando_Alonso,Fernando,Alonso,1981-07-29,Spanish,alpine,https://en.wikipedia.org/wiki/Alpine_F1_Team,Alpine F1 Team,French,5875974.0,+22.390,10.0,44.0,1:36.733,kph,201.412,2022,1,Bahrain Grand Prix,2022-03-20,bahrain,alpine,1
9,24,10,10,1,15,57,Finished,zhou,24,ZHO,http://en.wikipedia.org/wiki/Zhou_Guanyu,Guanyu,Zhou,1999-05-30,Chinese,alfa,https://en.wikipedia.org/wiki/Alfa_Romeo_in_Formula_One,Alfa Romeo,Swiss,5876648.0,+23.064,9.0,39.0,1:36.685,kph,201.512,2022,1,Bahrain Grand Prix,2022-03-20,bahrain,audi,1
10,47,11,11,0,12,57,Finished,mick_schumacher,47,MSC,http://en.wikipedia.org/wiki/Mick_Schumacher,Mick,Schumacher,1999-03-22,German,haas,https://en.wikipedia.org/wiki/Haas_F1_Team,Haas F1 Team,American,5886158.0,+32.574,11.0,37.0,1:36.956,kph,200.948,2022,1,Bahrain Grand Prix,2022-03-20,bahrain,haas,1
11,18,12,12,0,19,57,Finished,stroll,18,STR,http://en.wikipedia.org/wiki/Lance_Stroll,Lance,Stroll,1998-10-29,Canadian,aston_martin,https://en.wikipedia.org/wiki/Aston_Martin_in_Formula_One,Aston Martin,British,5899457.0,+45.873,15.0,49.0,1:37.146,kph,200.555,2022,1,Bahrain Grand Prix,2022-03-20,bahrain,aston_martin,1
12,23,13,13,0,14,57,Finished,albon,23,ALB,http://en.wikipedia.org/wiki/Alexander_Albon,Alexander,Albon,1996-03-23,Thai,williams,https://en.wikipedia.org/wiki/Williams_Racing,Williams,British,5907516.0,+53.932,18.0,50.0,1:37.355,kph,200.125,2022,1,Bahrain Grand Prix,2022-03-20,bahrain,williams,1
13,3,14,14,0,18,57,Finished,ricciardo,3,RIC,http://en.wikipedia.org/wiki/Daniel_Ricciardo,Daniel,Ricciardo,1989-07-01,Australian,mclaren,https://en.wikipedia.org/wiki/McLaren,McLaren,British,5908559.0,+54.975,16.0,50.0,1:37.261,kph,200.318,2022,1,Bahrain Grand Prix,2022-03-20,bahrain,mclaren,1
14,4,15,15,0,13,57,Finished,norris,1,NOR,http://en.wikipedia.org/wiki/Lando_Norris,Lando,Norris,1999-11-13,British,mclaren,https://en.wikipedia.org/wiki/McLaren,McLaren,British,5909919.0,+56.335,12.0,51.0,1:36.988,kph,200.882,2022,1,Bahrain Grand Prix,2022-03-20,bahrain,mclaren,1
15,6,16,16,0,20,57,Finished,latifi,6,LAT,http://en.wikipedia.org/wiki/Nicholas_Latifi,Nicholas,Latifi,1995-06-29,Canadian,williams,https://en.wikipedia.org/wiki/Williams_Racing,Williams,British,5915379.0,+1:01.795,20.0,51.0,1:38.251,kph,198.3,2022,1,Bahrain Grand Prix,2022-03-20,bahrain,williams,1
16,27,17,17,0,17,57,Finished,hulkenberg,27,HUL,http://en.wikipedia.org/wiki/Nico_H%C3%BClkenberg,Nico,Hülkenberg,1987-08-19,German,aston_martin,https://en.wikipedia.org/wiki/Aston_Martin_in_Formula_One,Aston Martin,British,5917413.0,+1:03.829,19.0,49.0,1:38.201,kph,198.401,2022,1,Bahrain Grand Prix,2022-03-20,bahrain,aston_martin,1
17,11,18,18,0,4,56,Fuel pressure,perez,11,PER,http://en.wikipedia.org/wiki/Sergio_P%C3%A9rez,Sergio,Pérez,1990-01-26,Mexican,red_bull,https://en.wikipedia.org/wiki/Red_Bull_Racing,Red Bull,Austrian,,,4.0,52.0,1:36.089,kph,202.762,2022,1,Bahrain Grand Prix,2022-03-20,bahrain,red_bull,0
18,1,19,19,0,2,54,Fuel pressure,max_verstappen,3,VER,http://en.wikipedia.org/wiki/Max_Verstappen,Max,Verstappen,1997-09-30,Dutch,red_bull,https://en.wikipedia.org/wiki/Red_Bull_Racing,Red Bull,Austrian,,,2.0,51.0,1:35.440,kph,204.14,2022,1,Bahrain Grand Prix,2022-03-20,bahrain,red_bull,0
19,10,20,R,0,10,44,Power Unit,gasly,10,GAS,http://en.wikipedia.org/wiki/Pierre_Gasly,Pierre,Gasly,1996-02-07,French,alphatauri,https://en.wikipedia.org/wiki/Scuderia_AlphaTauri,AlphaTauri,Italian,,,17.0,34.0,1:37.324,kph,200.189,2022,1,Bahrain Grand Prix,2022-03-20,bahrain,rb,0
20,1,1,1,25,4,50,Finished,max_verstappen,3,VER,http://en.wikipedia.org/wiki/Max_Verstappen,Max,Verstappen,1997-09-30,Dutch,red_bull,https://en.wikipedia.org/wiki/Red_Bull_Racing,Red Bull,Austrian,5059293.0,1:24:19.293,2.0,50.0,1:31.772,kph,242.191,2022,2,Saudi Arabian Grand Prix,2022-03-27,jeddah,red_bull,1
21,16,2,2,19,2,50,Finished,leclerc,16,LEC,http://en.wikipedia.org/wiki/Charles_Leclerc,Charles,Leclerc,1997-10-16,Monegasque,ferrari,https://en.wikipedia.org/wiki/Scuderia_Ferrari,Ferrari,Italian,5059842.0,+0.549,1.0,48.0,1:31.634,kph,242.556,2022,2,Saudi Arabian Grand Prix,2022-03-27,jeddah,ferrari,1
22,55,3,3,15,3,50,Finished,sainz,55,SAI,http://en.wikipedia.org/wiki/Carlos_Sainz_Jr.,Carlos,Sainz,1994-09-01,Spanish,ferrari,https://en.wikipedia.org/wiki/Scuderia_Ferrari,Ferrari,Italian,5067390.0,+8.097,3.0,48.0,1:31.905,kph,241.841,2022,2,Saudi Arabian Grand Prix,2022-03-27,jeddah,ferrari,1
23,11,4,4,12,1,50,Finished,perez,11,PER,http://en.wikipedia.org/wiki/Sergio_P%C3%A9rez,Sergio,Pérez,1990-01-26,Mexican,red_bull,https://en.wikipedia.org/wiki/Red_Bull_Racing,Red Bull,Austrian,5070093.0,+10.800,4.0,46.0,1:32.042,kph,241.481,2022,2,Saudi Arabian Grand Prix,2022-03-27,jeddah,red_bull,1
24,63,5,5,10,6,50,Finished,russell,63,RUS,http://en.wikipedia.org/wiki/George_Russell_(racing_driver),George,Russell,1998-02-15,British,mercedes,https://en.wikipedia.org/wiki/Mercedes-Benz_in_Formula_One,Mercedes,German,5092025.0,+32.732,7.0,43.0,1:32.821,kph,239.454,2022,2,Saudi Arabian Grand Prix,2022-03-27,jeddah,mercedes,1
25,31,6,6,8,5,50,Finished,ocon,31,OCO,http://en.wikipedia.org/wiki/Esteban_Ocon,Esteban,Ocon,1996-09-17,French,alpine,https://en.wikipedia.org/wiki/Alpine_F1_Team,Alpine F1 Team,French,5115310.0,+56.017,9.0,46.0,1:33.103,kph,238.729,2022,2,Saudi Arabian Grand Prix,2022-03-27,jeddah,alpine,1
26,4,7,7,6,11,50,Finished,norris,1,NOR,http://en.wikipedia.org/wiki/Lando_Norris,Lando,Norris,1999-11-13,British,mclaren,https://en.wikipedia.org/wiki/McLaren,McLaren,British,5115417.0,+56.124,5.0,46.0,1:32.753,kph,239.629,2022,2,Saudi Arabian Grand Prix,2022-03-27,jeddah,mclaren,1
27,10,8,8,4,9,50,Finished,gasly,10,GAS,http://en.wikipedia.org/wiki/Pierre_Gasly,Pierre,Gasly,1996-02-07,French,alphatauri,https://en.wikipedia.org/wiki/Scuderia_AlphaTauri,AlphaTauri,Italian,5122239.0,+1:02.946,10.0,42.0,1:33.468,kph,237.796,2022,2,Saudi Arabian Grand Prix,2022-03-27,jeddah,rb,1
28,20,9,9,2,10,50,Finished,kevin_magnussen,20,MAG,http://en.wikipedia.org/wiki/Kevin_Magnussen,Kevin,Magnussen,1992-10-05,Danish,haas,https://en.wikipedia.org/wiki/Haas_F1_Team,Haas F1 Team,American,5123601.0,+1:04.308,6.0,48.0,1:32.779,kph,239.562,2022,2,Saudi Arabian Grand Prix,2022-03-27,jeddah,haas,1
29,44,10,10,1,15,50,Finished,hamilton,44,HAM,http://en.wikipedia.org/wiki/Lewis_Hamilton,Lewis,Hamilton,1985-01-07,British,mercedes,https://en.wikipedia.org/wiki/Mercedes-Benz_in_Formula_One,Mercedes,German,5133241.0,+1:13.948,8.0,47.0,1:32.997,kph,239.001,2022,2,Saudi Arabian Grand Prix,2022-03-27,jeddah,mercedes,1
30,24,11,11,0,12,50,Finished,zhou,24,ZHO,http://en.wikipedia.org/wiki/Zhou_Guanyu,Guanyu,Zhou,1999-05-30,Chinese,alfa,https://en.wikipedia.org/wiki/Alfa_Romeo_in_Formula_One,Alfa Romeo,Swiss,5141508.0,+1:22.215,13.0,45.0,1:33.924,kph,236.642,2022,2,Saudi Arabian Grand Prix,2022-03-27,jeddah,audi,1
31,27,12,12,0,17,50,Finished,hulkenberg,27,HUL,http://en.wikipedia.org/wiki/Nico_H%C3%BClkenberg,Nico,Hülkenberg,1987-08-19,German,aston_martin,https://en.wikipedia.org/wiki/Aston_Martin_in_Formula_One,Aston Martin,British,5151035.0,+1:31.742,11.0,47.0,1:33.651,kph,237.332,2022,2,Saudi Arabian Grand Prix,2022-03-27,jeddah,aston_martin,1
32,18,13,13,0,13,49,+1 Lap,stroll,18,STR,http://en.wikipedia.org/wiki/Lance_Stroll,Lance,Stroll,1998-10-29,Canadian,aston_martin,https://en.wikipedia.org/wiki/Aston_Martin_in_Formula_One,Aston Martin,British,,,16.0,46.0,1:34.446,kph,235.334,2022,2,Saudi Arabian Grand Prix,2022-03-27,jeddah,aston_martin,1
33,23,14,14,0,16,47,Collision damage,albon,23,ALB,http://en.wikipedia.org/wiki/Alexander_Albon,Alexander,Albon,1996-03-23,Thai,williams,https://en.wikipedia.org/wiki/Williams_Racing,Williams,British,,,15.0,46.0,1:34.368,kph,235.528,2022,2,Saudi Arabian Grand Prix,2022-03-27,jeddah,williams,0
34,77,15,R,0,8,36,Cooling system,bottas,77,BOT,http://en.wikipedia.org/wiki/Valtteri_Bottas,Valtteri,Bottas,1989-08-28,Finnish,alfa,https://en.wikipedia.org/wiki/Alfa_Romeo_in_Formula_One,Alfa Romeo,Swiss,,,14.0,31.0,1:33.979,kph,236.503,2022,2,Saudi Arabian Grand Prix,2022-03-27,jeddah,audi,0
35,14,16,R,0,7,35,Water pump,alonso,14,ALO,http://en.wikipedia.org/wiki/Fernando_Alonso,Fernando,Alonso,1981-07-29,Spanish,alpine,https://en.wikipedia.org/wiki/Alpine_F1_Team,Alpine F1 Team,French,,,12.0,33.0,1:33.831,kph,236.876,2022,2,Saudi Arabian Grand Prix,2022-03-27,jeddah,alpine,0
36,3,17,R,0,14,35,Gearbox,ricciardo,3,RIC,http://en.wikipedia.org/wiki/Daniel_Ricciardo,Daniel,Ricciardo,1989-07-01,Australian,mclaren,https://en.wikipedia.org/wiki/McLaren,McLaren,British,,,17.0,34.0,1:34.487,kph,235.232,2022,2,Saudi Arabian Grand Prix,2022-03-27,jeddah,mclaren,0
37,6,18,R,0,18,14,Accident,latifi,6,LAT,http://en.wikipedia.org/wiki/Nicholas_Latifi,Nicholas,Latifi,1995-06-29,Canadian,williams,https://en.wikipedia.org/wiki/Williams_Racing,Williams,British,,,18.0,9.0,1:37.530,kph,227.892,2022,2,Saudi Arabian Grand Prix,2022-03-27,jeddah,williams,0
38,22,19,R,0,19,0,Power Unit,tsunoda,22,TSU,http://en.wikipedia.org/wiki/Yuki_Tsunoda,Yuki,Tsunoda,2000-05-11,Japanese,alphatauri,https://en.wikipedia.org/wiki/Scuderia_AlphaTauri,AlphaTauri,Italian,,,,,,,,2022,2,Saudi Arabian Grand Prix,2022-03-27,jeddah,rb,0
39,47,20,W,0,0,0,Withdrew,mick_schumacher,47,MSC,http://en.wikipedia.org/wiki/Mick_Schumacher,Mick,Schumacher,1999-03-22,German,haas,https://en.wikipedia.org/wiki/Haas_F1_Team,Haas F1 Team,American,,,,,,,,2022,2,Saudi Arabian Grand Prix,2022-03-27,jeddah,haas,0
40,16,1,1,26,1,58,Finished,leclerc,16,LEC,http://en.wikipedia.org/wiki/Charles_Leclerc,Charles,Leclerc,1997-10-16,Monegasque,ferrari,https://en.wikipedia.org/wiki/Scuderia_Ferrari,Ferrari,Italian,5266548.0,1:27:46.548,1.0,58.0,1:20.260,kph,236.74,2022,3,Australian Grand Prix,2022-04-10,albert_park,ferrari,1
41,11,2,2,18,3,58,Finished,perez,11,PER,http://en.wikipedia.org/wiki/Sergio_P%C3%A9rez,Sergio,Pérez,1990-01-26,Mexican,red_bull,https://en.wikipedia.org/wiki/Red_Bull_Racing,Red Bull,Austrian,5287072.0,+20.524,3.0,58.0,1:21.094,kph,234.305,2022,3,Australian Grand Prix,2022-04-10,albert_park,red_bull,1
42,63,3,3,15,6,58,Finished,russell,63,RUS,http://en.wikipedia.org/wiki/George_Russell_(racing_driver),George,Russell,1998-02-15,British,mercedes,https://en.wikipedia.org/wiki/Mercedes-Benz_in_Formula_One,Mercedes,German,5292141.0,+25.593,4.0,53.0,1:21.495,kph,233.152,2022,3,Australian Grand Prix,2022-04-10,albert_park,mercedes,1
43,44,4,4,12,5,58,Finished,hamilton,44,HAM,http://en.wikipedia.org/wiki/Lewis_Hamilton,Lewis,Hamilton,1985-01-07,British,mercedes,https://en.wikipedia.org/wiki/Mercedes-Benz_in_Formula_One,Mercedes,German,5295091.0,+28.543,7.0,51.0,1:21.886,kph,232.039,2022,3,Australian Grand Prix,2022-04-10,albert_park,mercedes,1
44,4,5,5,10,4,58,Finished,norris,1,NOR,http://en.wikipedia.org/wiki/Lando_Norris,Lando,Norris,1999-11-13,British,mclaren,https://en.wikipedia.org/wiki/McLaren,McLaren,British,5319851.0,+53.303,8.0,55.0,1:22.248,kph,231.018,2022,3,Australian Grand Prix,2022-04-10,albert_park,mclaren,1
45,3,6,6,8,7,58,Finished,ricciardo,3,RIC,http://en.wikipedia.org/wiki/Daniel_Ricciardo,Daniel,Ricciardo,1989-07-01,Australian,mclaren,https://en.wikipedia.org/wiki/McLaren,McLaren,British,5320285.0,+53.737,9.0,54.0,1:22.451,kph,230.449,2022,3,Australian Grand Prix,2022-04-10,albert_park,mclaren,1
46,31,7,7,6,8,58,Finished,ocon,31,OCO,http://en.wikipedia.org/wiki/Esteban_Ocon,Esteban,Ocon,1996-09-17,French,alpine,https://en.wikipedia.org/wiki/Alpine_F1_Team,Alpine F1 Team,French,5328231.0,+1:01.683,10.0,58.0,1:22.469,kph,230.399,2022,3,Australian Grand Prix,2022-04-10,albert_park,alpine,1
47,77,8,8,4,12,58,Finished,bottas,77,BOT,http://en.wikipedia.org/wiki/Valtteri_Bottas,Valtteri,Bottas,1989-08-28,Finnish,alfa,https://en.wikipedia.org/wiki/Alfa_Romeo_in_Formula_One,Alfa Romeo,Swiss,5334987.0,+1:08.439,5.0,54.0,1:21.651,kph,232.707,2022,3,Australian Grand Prix,2022-04-10,albert_park,audi,1
48,10,9,9,2,11,58,Finished,gasly,10,GAS,http://en.wikipedia.org/wiki/Pierre_Gasly,Pierre,Gasly,1996-02-07,French,alphatauri,https://en.wikipedia.org/wiki/Scuderia_AlphaTauri,AlphaTauri,Italian,5342769.0,+1:16.221,13.0,52.0,1:22.731,kph,229.669,2022,3,Australian Grand Prix,2022-04-10,albert_park,rb,1
49,23,10,10,1,20,58,Finished,albon,23,ALB,http://en.wikipedia.org/wiki/Alexander_Albon,Alexander,Albon,1996-03-23,Thai,williams,https://en.wikipedia.org/wiki/Williams_Racing,Williams,British,5345930.0,+1:19.382,12.0,54.0,1:22.589,kph,230.064,2022,3,Australian Grand Prix,2022-04-10,albert_park,williams,1
50,24,11,11,0,14,58,Finished,zhou,24,ZHO,http://en.wikipedia.org/wiki/Zhou_Guanyu,Guanyu,Zhou,1999-05-30,Chinese,alfa,https://en.wikipedia.org/wiki/Alfa_Romeo_in_Formula_One,Alfa Romeo,Swiss,5348243.0,+1:21.695,11.0,55.0,1:22.541,kph,230.198,2022,3,Australian Grand Prix,2022-04-10,albert_park,audi,1
51,18,12,12,0,19,58,Finished,stroll,18,STR,http://en.wikipedia.org/wiki/Lance_Stroll,Lance,Stroll,1998-10-29,Canadian,aston_martin,https://en.wikipedia.org/wiki/Aston_Martin_in_Formula_One,Aston Martin,British,5355146.0,+1:28.598,17.0,48.0,1:23.592,kph,227.304,2022,3,Australian Grand Prix,2022-04-10,albert_park,aston_martin,1
52,47,13,13,0,15,57,+1 Lap,mick_schumacher,47,MSC,http://en.wikipedia.org/wiki/Mick_Schumacher,Mick,Schumacher,1999-03-22,German,haas,https://en.wikipedia.org/wiki/Haas_F1_Team,Haas F1 Team,American,,,14.0,55.0,1:23.006,kph,228.908,2022,3,Australian Grand Prix,2022-04-10,albert_park,haas,1
53,20,14,14,0,16,57,+1 Lap,kevin_magnussen,20,MAG,http://en.wikipedia.org/wiki/Kevin_Magnussen,Kevin,Magnussen,1992-10-05,Danish,haas,https://en.wikipedia.org/wiki/Haas_F1_Team,Haas F1 Team,American,,,15.0,44.0,1:23.071,kph,228.729,2022,3,Australian Grand Prix,2022-04-10,albert_park,haas,1
54,22,15,15,0,13,57,+1 Lap,tsunoda,22,TSU,http://en.wikipedia.org/wiki/Yuki_Tsunoda,Yuki,Tsunoda,2000-05-11,Japanese,alphatauri,https://en.wikipedia.org/wiki/Scuderia_AlphaTauri,AlphaTauri,Italian,,,16.0,56.0,1:23.342,kph,227.985,2022,3,Australian Grand Prix,2022-04-10,albert_park,rb,1
55,6,16,16,0,18,57,+1 Lap,latifi,6,LAT,http://en.wikipedia.org/wiki/Nicholas_Latifi,Nicholas,Latifi,1995-06-29,Canadian,williams,https://en.wikipedia.org/wiki/Williams_Racing,Williams,British,,,18.0,49.0,1:23.882,kph,226.518,2022,3,Australian Grand Prix,2022-04-10,albert_park,williams,1
56,14,17,17,0,10,57,+1 Lap,alonso,14,ALO,http://en.wikipedia.org/wiki/Fernando_Alonso,Fernando,Alonso,1981-07-29,Spanish,alpine,https://en.wikipedia.org/wiki/Alpine_F1_Team,Alpine F1 Team,French,,,2.0,57.0,1:20.846,kph,235.024,2022,3,Australian Grand Prix,2022-04-10,albert_park,alpine,1
57,1,18,R,0,2,38,Fuel leak,max_verstappen,3,VER,http://en.wikipedia.org/wiki/Max_Verstappen,Max,Verstappen,1997-09-30,Dutch,red_bull,https://en.wikipedia.org/wiki/Red_Bull_Racing,Red Bull,Austrian,,,6.0,37.0,1:21.677,kph,232.633,2022,3,Australian Grand Prix,2022-04-10,albert_park,red_bull,0
58,5,19,R,0,17,22,Accident,vettel,5,VET,http://en.wikipedia.org/wiki/Sebastian_Vettel,Sebastian,Vettel,1987-07-03,German,aston_martin,https://en.wikipedia.org/wiki/Aston_Martin_in_Formula_One,Aston Martin,British,,,19.0,17.0,1:25.189,kph,223.042,2022,3,Australian Grand Prix,2022-04-10,albert_park,aston_martin,0
59,55,20,R,0,9,1,Spun off,sainz,55,SAI,http://en.wikipedia.org/wiki/Carlos_Sainz_Jr.,Carlos,Sainz,1994-09-01,Spanish,ferrari,https://en.wikipedia.org/wiki/Scuderia_Ferrari,Ferrari,Italian,,,,,,,,2022,3,Australian Grand Prix,2022-04-10,albert_park,ferrari,0
60,1,1,1,26,1,63,Finished,max_verstappen,3,VER,http://en.wikipedia.org/wiki/Max_Verstappen,Max,Verstappen,1997-09-30,Dutch,red_bull,https://en.wikipedia.org/wiki/Red_Bull_Racing,Red Bull,Austrian,5527986.0,1:32:07.986,1.0,55.0,1:18.446,kph,225.281,2022,4,Emilia Romagna Grand Prix,2022-04-24,imola,red_bull,1
61,11,2,2,18,3,63,Finished,perez,11,PER,http://en.wikipedia.org/wiki/Sergio_P%C3%A9rez,Sergio,Pérez,1990-01-26,Mexican,red_bull,https://en.wikipedia.org/wiki/Red_Bull_Racing,Red Bull,Austrian,5544513.0,+16.527,3.0,52.0,1:18.949,kph,223.845,2022,4,Emilia Romagna Grand Prix,2022-04-24,imola,red_bull,1
62,4,3,3,15,5,63,Finished,norris,1,NOR,http://en.wikipedia.org/wiki/Lando_Norris,Lando,Norris,1999-11-13,British,mclaren,https://en.wikipedia.org/wiki/McLaren,McLaren,British,5562820.0,+34.834,7.0,61.0,1:20.903,kph,218.439,2022,4,Emilia Romagna Grand Prix,2022-04-24,imola,mclaren,1
63,63,4,4,12,11,63,Finished,russell,63,RUS,http://en.wikipedia.org/wiki/George_Russell_(racing_driver),George,Russell,1998-02-15,British,mercedes,https://en.wikipedia.org/wiki/Mercedes-Benz_in_Formula_One,Mercedes,German,5570492.0,+42.506,8.0,57.0,1:20.962,kph,218.28,2022,4,Emilia Romagna Grand Prix,2022-04-24,imola,mercedes,1
64,77,5,5,10,7,63,Finished,bottas,77,BOT,http://en.wikipedia.org/wiki/Valtteri_Bottas,Valtteri,Bottas,1989-08-28,Finnish,alfa,https://en.wikipedia.org/wiki/Alfa_Romeo_in_Formula_One,Alfa Romeo,Swiss,5571167.0,+43.181,6.0,43.0,1:20.758,kph,218.831,2022,4,Emilia Romagna Grand Prix,2022-04-24,imola,audi,1
65,16,6,6,8,2,63,Finished,leclerc,16,LEC,http://en.wikipedia.org/wiki/Charles_Leclerc,Charles,Leclerc,1997-10-16,Monegasque,ferrari,https://en.wikipedia.org/wiki/Scuderia_Ferrari,Ferrari,Italian,5584058.0,+56.072,2.0,63.0,1:18.574,kph,224.914,2022,4,Emilia Romagna Grand Prix,2022-04-24,imola,ferrari,1
66,22,7,7,6,12,63,Finished,tsunoda,22,TSU,http://en.wikipedia.org/wiki/Yuki_Tsunoda,Yuki,Tsunoda,2000-05-11,Japanese,alphatauri,https://en.wikipedia.org/wiki/Scuderia_AlphaTauri,AlphaTauri,Italian,5589096.0,+1:01.110,5.0,61.0,1:20.544,kph,219.412,2022,4,Emilia Romagna Grand Prix,2022-04-24,imola,rb,1
67,5,8,8,4,13,63,Finished,vettel,5,VET,http://en.wikipedia.org/wiki/Sebastian_Vettel,Sebastian,Vettel,1987-07-03,German,aston_martin,https://en.wikipedia.org/wiki/Aston_Martin_in_Formula_One,Aston Martin,British,5598878.0,+1:10.892,9.0,47.0,1:21.211,kph,217.61,2022,4,Emilia Romagna Grand Prix,2022-04-24,imola,aston_martin,1
68,20,9,9,2,8,63,Finished,kevin_magnussen,20,MAG,http://en.wikipedia.org/wiki/Kevin_Magnussen,Kevin,Magnussen,1992-10-05,Danish,haas,https://en.wikipedia.org/wiki/Haas_F1_Team,Haas F1 Team,American,5603246.0,+1:15.260,10.0,61.0,1:21.238,kph,217.538,2022,4,Emilia Romagna Grand Prix,2022-04-24,imola,haas,1
69,18,10,10,1,15,62,+1 Lap,stroll,18,STR,http://en.wikipedia.org/wiki/Lance_Stroll,Lance,Stroll,1998-10-29,Canadian,aston_martin,https://en.wikipedia.org/wiki/Aston_Martin_in_Formula_One,Aston Martin,British,,,16.0,46.0,1:21.750,kph,216.176,2022,4,Emilia Romagna Grand Prix,2022-04-24,imola,aston_martin,1
70,23,11,11,0,18,62,+1 Lap,albon,23,ALB,http://en.wikipedia.org/wiki/Alexander_Albon,Alexander,Albon,1996-03-23,Thai,williams,https://en.wikipedia.org/wiki/Williams_Racing,Williams,British,,,17.0,61.0,1:21.757,kph,216.157,2022,4,Emilia Romagna Grand Prix,2022-04-24,imola,williams,1
71,10,12,12,0,17,62,+1 Lap,gasly,10,GAS,http://en.wikipedia.org/wiki/Pierre_Gasly,Pierre,Gasly,1996-02-07,French,alphatauri,https://en.wikipedia.org/wiki/Scuderia_AlphaTauri,AlphaTauri,Italian,,,15.0,34.0,1:21.713,kph,216.274,2022,4,Emilia Romagna Grand Prix,2022-04-24,imola,rb,1
72,44,13,13,0,14,62,+1 Lap,hamilton,44,HAM,http://en.wikipedia.org/wiki/Lewis_Hamilton,Lewis,Hamilton,1985-01-07,British,mercedes,https://en.wikipedia.org/wiki/Mercedes-Benz_in_Formula_One,Mercedes,German,,,13.0,50.0,1:21.419,kph,217.054,2022,4,Emilia Romagna Grand Prix,2022-04-24,imola,mercedes,1
73,31,14,14,0,16,62,+1 Lap,ocon,31,OCO,http://en.wikipedia.org/wiki/Esteban_Ocon,Esteban,Ocon,1996-09-17,French,alpine,https://en.wikipedia.org/wiki/Alpine_F1_Team,Alpine F1 Team,French,,,18.0,37.0,1:21.887,kph,215.814,2022,4,Emilia Romagna Grand Prix,2022-04-24,imola,alpine,1
74,24,15,15,0,0,62,+1 Lap,zhou,24,ZHO,http://en.wikipedia.org/wiki/Zhou_Guanyu,Guanyu,Zhou,1999-05-30,Chinese,alfa,https://en.wikipedia.org/wiki/Alfa_Romeo_in_Formula_One,Alfa Romeo,Swiss,,,11.0,61.0,1:21.286,kph,217.41,2022,4,Emilia Romagna Grand Prix,2022-04-24,imola,audi,1
75,6,16,16,0,19,62,+1 Lap,latifi,6,LAT,http://en.wikipedia.org/wiki/Nicholas_Latifi,Nicholas,Latifi,1995-06-29,Canadian,williams,https://en.wikipedia.org/wiki/Williams_Racing,Williams,British,,,12.0,62.0,1:21.338,kph,217.271,2022,4,Emilia Romagna Grand Prix,2022-04-24,imola,williams,1
76,47,17,17,0,10,62,+1 Lap,mick_schumacher,47,MSC,http://en.wikipedia.org/wiki/Mick_Schumacher,Mick,Schumacher,1999-03-22,German,haas,https://en.wikipedia.org/wiki/Haas_F1_Team,Haas F1 Team,American,,,4.0,55.0,1:18.999,kph,223.704,2022,4,Emilia Romagna Grand Prix,2022-04-24,imola,haas,1
77,3,18,18,0,6,62,+1 Lap,ricciardo,3,RIC,http://en.wikipedia.org/wiki/Daniel_Ricciardo,Daniel,Ricciardo,1989-07-01,Australian,mclaren,https://en.wikipedia.org/wiki/McLaren,McLaren,British,,,14.0,61.0,1:21.577,kph,216.634,2022,4,Emilia Romagna Grand Prix,2022-04-24,imola,mclaren,1
78,14,19,R,0,9,6,Collision damage,alonso,14,ALO,http://en.wikipedia.org/wiki/Fernando_Alonso,Fernando,Alonso,1981-07-29,Spanish,alpine,https://en.wikipedia.org/wiki/Alpine_F1_Team,Alpine F1 Team,French,,,19.0,5.0,1:39.685,kph,177.282,2022,4,Emilia Romagna Grand Prix,2022-04-24,imola,alpine,0
79,55,20,R,0,4,0,Collision,sainz,55,SAI,http://en.wikipedia.org/wiki/Carlos_Sainz_Jr.,Carlos,Sainz,1994-09-01,Spanish,ferrari,https://en.wikipedia.org/wiki/Scuderia_Ferrari,Ferrari,Italian,,,,,,,,2022,4,Emilia Romagna Grand Prix,2022-04-24,imola,ferrari,0
80,1,1,1,26,3,57,Finished,max_verstappen,3,VER,http://en.wikipedia.org/wiki/Max_Verstappen,Max,Verstappen,1997-09-30,Dutch,red_bull,https://en.wikipedia.org/wiki/Red_Bull_Racing,Red Bull,Austrian,5664258.0,1:34:24.258,1.0,54.0,1:31.361,kph,213.255,2022,5,Miami Grand Prix,2022-05-08,miami,red_bull,1
81,16,2,2,18,1,57,Finished,leclerc,16,LEC,http://en.wikipedia.org/wiki/Charles_Leclerc,Charles,Leclerc,1997-10-16,Monegasque,ferrari,https://en.wikipedia.org/wiki/Scuderia_Ferrari,Ferrari,Italian,5668044.0,+3.786,2.0,53.0,1:31.488,kph,212.959,2022,5,Miami Grand Prix,2022-05-08,miami,ferrari,1
82,55,3,3,15,2,57,Finished,sainz,55,SAI,http://en.wikipedia.org/wiki/Carlos_Sainz_Jr.,Carlos,Sainz,1994-09-01,Spanish,ferrari,https://en.wikipedia.org/wiki/Scuderia_Ferrari,Ferrari,Italian,5672487.0,+8.229,3.0,56.0,1:31.790,kph,212.258,2022,5,Miami Grand Prix,2022-05-08,miami,ferrari,1
83,11,4,4,12,4,57,Finished,perez,11,PER,http://en.wikipedia.org/wiki/Sergio_P%C3%A9rez,Sergio,Pérez,1990-01-26,Mexican,red_bull,https://en.wikipedia.org/wiki/Red_Bull_Racing,Red Bull,Austrian,5674896.0,+10.638,4.0,54.0,1:31.819,kph,212.191,2022,5,Miami Grand Prix,2022-05-08,miami,red_bull,1
84,63,5,5,10,12,57,Finished,russell,63,RUS,http://en.wikipedia.org/wiki/George_Russell_(racing_driver),George,Russell,1998-02-15,British,mercedes,https://en.wikipedia.org/wiki/Mercedes-Benz_in_Formula_One,Mercedes,German,5682840.0,+18.582,5.0,56.0,1:32.195,kph,211.325,2022,5,Miami Grand Prix,2022-05-08,miami,mercedes,1
85,44,6,6,8,6,57,Finished,hamilton,44,HAM,http://en.wikipedia.org/wiki/Lewis_Hamilton,Lewis,Hamilton,1985-01-07,British,mercedes,https://en.wikipedia.org/wiki/Mercedes-Benz_in_Formula_One,Mercedes,German,5685626.0,+21.368,7.0,55.0,1:32.941,kph,209.629,2022,5,Miami Grand Prix,2022-05-08,miami,mercedes,1
86,77,7,7,6,5,57,Finished,bottas,77,BOT,http://en.wikipedia.org/wiki/Valtteri_Bottas,Valtteri,Bottas,1989-08-28,Finnish,alfa,https://en.wikipedia.org/wiki/Alfa_Romeo_in_Formula_One,Alfa Romeo,Swiss,5689331.0,+25.073,10.0,56.0,1:33.184,kph,209.083,2022,5,Miami Grand Prix,2022-05-08,miami,audi,1
87,31,8,8,4,20,57,Finished,ocon,31,OCO,http://en.wikipedia.org/wiki/Esteban_Ocon,Esteban,Ocon,1996-09-17,French,alpine,https://en.wikipedia.org/wiki/Alpine_F1_Team,Alpine F1 Team,French,5692644.0,+28.386,9.0,56.0,1:33.163,kph,209.13,2022,5,Miami Grand Prix,2022-05-08,miami,alpine,1
88,23,9,9,2,18,57,Finished,albon,23,ALB,http://en.wikipedia.org/wiki/Alexander_Albon,Alexander,Albon,1996-03-23,Thai,williams,https://en.wikipedia.org/wiki/Williams_Racing,Williams,British,5696623.0,+32.365,15.0,57.0,1:33.447,kph,208.494,2022,5,Miami Grand Prix,2022-05-08,miami,williams,1
89,18,10,10,1,0,57,Finished,stroll,18,STR,http://en.wikipedia.org/wiki/Lance_Stroll,Lance,Stroll,1998-10-29,Canadian,aston_martin,https://en.wikipedia.org/wiki/Aston_Martin_in_Formula_One,Aston Martin,British,5701284.0,+37.026,12.0,52.0,1:33.312,kph,208.796,2022,5,Miami Grand Prix,2022-05-08,miami,aston_martin,1
90,14,11,11,0,11,57,Finished,alonso,14,ALO,http://en.wikipedia.org/wiki/Fernando_Alonso,Fernando,Alonso,1981-07-29,Spanish,alpine,https://en.wikipedia.org/wiki/Alpine_F1_Team,Alpine F1 Team,French,5701386.0,+37.128,13.0,53.0,1:33.331,kph,208.753,2022,5,Miami Grand Prix,2022-05-08,miami,alpine,1
91,22,12,12,0,9,57,Finished,tsunoda,22,TSU,http://en.wikipedia.org/wiki/Yuki_Tsunoda,Yuki,Tsunoda,2000-05-11,Japanese,alphatauri,https://en.wikipedia.org/wiki/Scuderia_AlphaTauri,AlphaTauri,Italian,5704404.0,+40.146,8.0,55.0,1:33.035,kph,209.417,2022,5,Miami Grand Prix,2022-05-08,miami,rb,1
92,3,13,13,0,14,57,Finished,ricciardo,3,RIC,http://en.wikipedia.org/wiki/Daniel_Ricciardo,Daniel,Ricciardo,1989-07-01,Australian,mclaren,https://en.wikipedia.org/wiki/McLaren,McLaren,British,5705160.0,+40.902,11.0,56.0,1:33.265,kph,208.901,2022,5,Miami Grand Prix,2022-05-08,miami,mclaren,1
93,6,14,14,0,19,57,Finished,latifi,6,LAT,http://en.wikipedia.org/wiki/Nicholas_Latifi,Nicholas,Latifi,1995-06-29,Canadian,williams,https://en.wikipedia.org/wiki/Williams_Racing,Williams,British,5714194.0,+49.936,18.0,53.0,1:34.169,kph,206.896,2022,5,Miami Grand Prix,2022-05-08,miami,williams,1
94,47,15,15,0,15,57,Finished,mick_schumacher,47,MSC,http://en.wikipedia.org/wiki/Mick_Schumacher,Mick,Schumacher,1999-03-22,German,haas,https://en.wikipedia.org/wiki/Haas_F1_Team,Haas F1 Team,American,5737563.0,+1:13.305,6.0,57.0,1:32.528,kph,210.565,2022,5,Miami Grand Prix,2022-05-08,miami,haas,1
95,20,16,16,0,16,56,Front wing,kevin_magnussen,20,MAG,http://en.wikipedia.org/wiki/Kevin_Magnussen,Kevin,Magnussen,1992-10-05,Danish,haas,https://en.wikipedia.org/wiki/Haas_F1_Team,Haas F1 Team,American,,,17.0,52.0,1:33.511,kph,208.351,2022,5,Miami Grand Prix,2022-05-08,miami,haas,0
96,5,17,17,0,0,54,Collision,vettel,5,VET,http://en.wikipedia.org/wiki/Sebastian_Vettel,Sebastian,Vettel,1987-07-03,German,aston_martin,https://en.wikipedia.org/wiki/Aston_Martin_in_Formula_One,Aston Martin,British,,,16.0,50.0,1:33.479,kph,208.423,2022,5,Miami Grand Prix,2022-05-08,miami,aston_martin,0
97,10,18,R,0,7,45,Suspension,gasly,10,GAS,http://en.wikipedia.org/wiki/Pierre_Gasly,Pierre,Gasly,1996-02-07,French,alphatauri,https://en.wikipedia.org/wiki/Scuderia_AlphaTauri,AlphaTauri,Italian,,,19.0,38.0,1:34.487,kph,206.199,2022,5,Miami Grand Prix,2022-05-08,miami,rb,0
98,4,19,R,0,8,39,Collision,norris,1,NOR,http://en.wikipedia.org/wiki/Lando_Norris,Lando,Norris,1999-11-13,British,mclaren,https://en.wikipedia.org/wiki/McLaren,McLaren,British,,,14.0,37.0,1:33.411,kph,208.575,2022,5,Miami Grand Prix,2022-05-08,miami,mclaren,0
99,24,20,R,0,17,6,Water leak,zhou,24,ZHO,http://en.wikipedia.org/wiki/Zhou_Guanyu,Guanyu,Zhou,1999-05-30,Chinese,alfa,https://en.wikipedia.org/wiki/Alfa_Romeo_in_Formula_One,Alfa Romeo,Swiss,,,20.0,4.0,1:35.731,kph,203.52,2022,5,Miami Grand Prix,2022-05-08,miami,audi,0
100,1,1,1,25,2,66,Finished,max_verstappen,3,VER,http://en.wikipedia.org/wiki/Max_Verstappen,Max,Verstappen,1997-09-30,Dutch,red_bull,https://en.wikipedia.org/wiki/Red_Bull_Racing,Red Bull,Austrian,5840475.0,1:37:20.475,4.0,46.0,1:25.456,kph,196.943,2022,6,Spanish Grand Prix,2022-05-22,catalunya,red_bull,1
101,11,2,2,19,5,66,Finished,perez,11,PER,http://en.wikipedia.org/wiki/Sergio_P%C3%A9rez,Sergio,Pérez,1990-01-26,Mexican,red_bull,https://en.wikipedia.org/wiki/Red_Bull_Racing,Red Bull,Austrian,5853547.0,+13.072,1.0,55.0,1:24.108,kph,200.099,2022,6,Spanish Grand Prix,2022-05-22,catalunya,red_bull,1
102,63,3,3,15,4,66,Finished,russell,63,RUS,http://en.wikipedia.org/wiki/George_Russell_(racing_driver),George,Russell,1998-02-15,British,mercedes,https://en.wikipedia.org/wiki/Mercedes-Benz_in_Formula_One,Mercedes,German,5873402.0,+32.927,3.0,53.0,1:24.636,kph,198.851,2022,6,Spanish Grand Prix,2022-05-22,catalunya,mercedes,1
103,55,4,4,12,3,66,Finished,sainz,55,SAI,http://en.wikipedia.org/wiki/Carlos_Sainz_Jr.,Carlos,Sainz,1994-09-01,Spanish,ferrari,https://en.wikipedia.org/wiki/Scuderia_Ferrari,Ferrari,Italian,5885683.0,+45.208,7.0,49.0,1:25.985,kph,195.731,2022,6,Spanish Grand Prix,2022-05-22,catalunya,ferrari,1
104,44,5,5,10,6,66,Finished,hamilton,44,HAM,http://en.wikipedia.org/wiki/Lewis_Hamilton,Lewis,Hamilton,1985-01-07,British,mercedes,https://en.wikipedia.org/wiki/Mercedes-Benz_in_Formula_One,Mercedes,German,5895009.0,+54.534,2.0,51.0,1:24.253,kph,199.755,2022,6,Spanish Grand Prix,2022-05-22,catalunya,mercedes,1
105,77,6,6,8,7,66,Finished,bottas,77,BOT,http://en.wikipedia.org/wiki/Valtteri_Bottas,Valtteri,Bottas,1989-08-28,Finnish,alfa,https://en.wikipedia.org/wiki/Alfa_Romeo_in_Formula_One,Alfa Romeo,Swiss,5900451.0,+59.976,8.0,36.0,1:26.395,kph,194.802,2022,6,Spanish Grand Prix,2022-05-22,catalunya,audi,1
106,31,7,7,6,12,66,Finished,ocon,31,OCO,http://en.wikipedia.org/wiki/Esteban_Ocon,Esteban,Ocon,1996-09-17,French,alpine,https://en.wikipedia.org/wiki/Alpine_F1_Team,Alpine F1 Team,French,5915872.0,+1:15.397,6.0,54.0,1:25.935,kph,195.845,2022,6,Spanish Grand Prix,2022-05-22,catalunya,alpine,1
107,4,8,8,4,11,66,Finished,norris,1,NOR,http://en.wikipedia.org/wiki/Lando_Norris,Lando,Norris,1999-11-13,British,mclaren,https://en.wikipedia.org/wiki/McLaren,McLaren,British,5923710.0,+1:23.235,5.0,53.0,1:25.619,kph,196.568,2022,6,Spanish Grand Prix,2022-05-22,catalunya,mclaren,1
108,14,9,9,2,20,65,+1 Lap,alonso,14,ALO,http://en.wikipedia.org/wiki/Fernando_Alonso,Fernando,Alonso,1981-07-29,Spanish,alpine,https://en.wikipedia.org/wiki/Alpine_F1_Team,Alpine F1 Team,French,,,9.0,56.0,1:26.599,kph,194.344,2022,6,Spanish Grand Prix,2022-05-22,catalunya,alpine,1
109,22,10,10,1,13,65,+1 Lap,tsunoda,22,TSU,http://en.wikipedia.org/wiki/Yuki_Tsunoda,Yuki,Tsunoda,2000-05-11,Japanese,alphatauri,https://en.wikipedia.org/wiki/Scuderia_AlphaTauri,AlphaTauri,Italian,,,10.0,59.0,1:26.828,kph,193.831,2022,6,Spanish Grand Prix,2022-05-22,catalunya,rb,1
110,5,11,11,0,16,65,+1 Lap,vettel,5,VET,http://en.wikipedia.org/wiki/Sebastian_Vettel,Sebastian,Vettel,1987-07-03,German,aston_martin,https://en.wikipedia.org/wiki/Aston_Martin_in_Formula_One,Aston Martin,British,,,18.0,59.0,1:27.629,kph,192.059,2022,6,Spanish Grand Prix,2022-05-22,catalunya,aston_martin,1
111,3,12,12,0,9,65,+1 Lap,ricciardo,3,RIC,http://en.wikipedia.org/wiki/Daniel_Ricciardo,Daniel,Ricciardo,1989-07-01,Australian,mclaren,https://en.wikipedia.org/wiki/McLaren,McLaren,British,,,15.0,54.0,1:27.285,kph,192.816,2022,6,Spanish Grand Prix,2022-05-22,catalunya,mclaren,1
112,10,13,13,0,14,65,+1 Lap,gasly,10,GAS,http://en.wikipedia.org/wiki/Pierre_Gasly,Pierre,Gasly,1996-02-07,French,alphatauri,https://en.wikipedia.org/wiki/Scuderia_AlphaTauri,AlphaTauri,Italian,,,12.0,51.0,1:26.987,kph,193.477,2022,6,Spanish Grand Prix,2022-05-22,catalunya,rb,1
113,47,14,14,0,10,65,+1 Lap,mick_schumacher,47,MSC,http://en.wikipedia.org/wiki/Mick_Schumacher,Mick,Schumacher,1999-03-22,German,haas,https://en.wikipedia.org/wiki/Haas_F1_Team,Haas F1 Team,American,,,16.0,32.0,1:27.447,kph,192.459,2022,6,Spanish Grand Prix,2022-05-22,catalunya,haas,1
114,18,15,15,0,17,65,+1 Lap,stroll,18,STR,http://en.wikipedia.org/wiki/Lance_Stroll,Lance,Stroll,1998-10-29,Canadian,aston_martin,https://en.wikipedia.org/wiki/Aston_Martin_in_Formula_One,Aston Martin,British,,,11.0,54.0,1:26.876,kph,193.724,2022,6,Spanish Grand Prix,2022-05-22,catalunya,aston_martin,1
115,6,16,16,0,19,64,+2 Laps,latifi,6,LAT,http://en.wikipedia.org/wiki/Nicholas_Latifi,Nicholas,Latifi,1995-06-29,Canadian,williams,https://en.wikipedia.org/wiki/Williams_Racing,Williams,British,,,14.0,52.0,1:27.246,kph,192.902,2022,6,Spanish Grand Prix,2022-05-22,catalunya,williams,1
116,20,17,17,0,8,64,+2 Laps,kevin_magnussen,20,MAG,http://en.wikipedia.org/wiki/Kevin_Magnussen,Kevin,Magnussen,1992-10-05,Danish,haas,https://en.wikipedia.org/wiki/Haas_F1_Team,Haas F1 Team,American,,,17.0,3.0,1:27.537,kph,192.261,2022,6,Spanish Grand Prix,2022-05-22,catalunya,haas,1
117,23,18,18,0,18,64,+2 Laps,albon,23,ALB,http://en.wikipedia.org/wiki/Alexander_Albon,Alexander,Albon,1996-03-23,Thai,williams,https://en.wikipedia.org/wiki/Williams_Racing,Williams,British,,,19.0,56.0,1:28.281,kph,190.641,2022,6,Spanish Grand Prix,2022-05-22,catalunya,williams,1
118,24,19,R,0,15,28,Power loss,zhou,24,ZHO,http://en.wikipedia.org/wiki/Zhou_Guanyu,Guanyu,Zhou,1999-05-30,Chinese,alfa,https://en.wikipedia.org/wiki/Alfa_Romeo_in_Formula_One,Alfa Romeo,Swiss,,,20.0,12.0,1:28.415,kph,190.352,2022,6,Spanish Grand Prix,2022-05-22,catalunya,audi,0
119,16,20,R,0,1,27,Turbo,leclerc,16,LEC,http://en.wikipedia.org/wiki/Charles_Leclerc,Charles,Leclerc,1997-10-16,Monegasque,ferrari,https://en.wikipedia.org/wiki/Scuderia_Ferrari,Ferrari,Italian,,,13.0,25.0,1:27.030,kph,193.381,2022,6,Spanish Grand Prix,2022-05-22,catalunya,ferrari,0
120,11,1,1,25,3,64,Finished,perez,11,PER,http://en.wikipedia.org/wiki/Sergio_P%C3%A9rez,Sergio,Pérez,1990-01-26,Mexican,red_bull,https://en.wikipedia.org/wiki/Red_Bull_Racing,Red Bull,Austrian,6990265.0,1:56:30.265,4.0,46.0,1:16.028,kph,158.01,2022,7,Monaco Grand Prix,2022-05-29,monaco,red_bull,1
121,55,2,2,18,2,64,Finished,sainz,55,SAI,http://en.wikipedia.org/wiki/Carlos_Sainz_Jr.,Carlos,Sainz,1994-09-01,Spanish,ferrari,https://en.wikipedia.org/wiki/Scuderia_Ferrari,Ferrari,Italian,6991419.0,+1.154,7.0,47.0,1:16.421,kph,157.197,2022,7,Monaco Grand Prix,2022-05-29,monaco,ferrari,1
122,1,3,3,15,4,64,Finished,max_verstappen,3,VER,http://en.wikipedia.org/wiki/Max_Verstappen,Max,Verstappen,1997-09-30,Dutch,red_bull,https://en.wikipedia.org/wiki/Red_Bull_Racing,Red Bull,Austrian,6991756.0,+1.491,5.0,47.0,1:16.052,kph,157.96,2022,7,Monaco Grand Prix,2022-05-29,monaco,red_bull,1
123,16,4,4,12,1,64,Finished,leclerc,16,LEC,http://en.wikipedia.org/wiki/Charles_Leclerc,Charles,Leclerc,1997-10-16,Monegasque,ferrari,https://en.wikipedia.org/wiki/Scuderia_Ferrari,Ferrari,Italian,6993187.0,+2.922,6.0,46.0,1:16.249,kph,157.552,2022,7,Monaco Grand Prix,2022-05-29,monaco,ferrari,1
124,63,5,5,10,6,64,Finished,russell,63,RUS,http://en.wikipedia.org/wiki/George_Russell_(racing_driver),George,Russell,1998-02-15,British,mercedes,https://en.wikipedia.org/wiki/Mercedes-Benz_in_Formula_One,Mercedes,German,7002233.0,+11.968,8.0,42.0,1:16.830,kph,156.36,2022,7,Monaco Grand Prix,2022-05-29,monaco,mercedes,1
125,4,6,6,9,5,64,Finished,norris,1,NOR,http://en.wikipedia.org/wiki/Lando_Norris,Lando,Norris,1999-11-13,British,mclaren,https://en.wikipedia.org/wiki/McLaren,McLaren,British,7002496.0,+12.231,1.0,55.0,1:14.693,kph,160.834,2022,7,Monaco Grand Prix,2022-05-29,monaco,mclaren,1
126,14,7,7,6,7,64,Finished,alonso,14,ALO,http://en.wikipedia.org/wiki/Fernando_Alonso,Fernando,Alonso,1981-07-29,Spanish,alpine,https://en.wikipedia.org/wiki/Alpine_F1_Team,Alpine F1 Team,French,7036623.0,+46.358,3.0,50.0,1:15.882,kph,158.314,2022,7,Monaco Grand Prix,2022-05-29,monaco,alpine,1
127,44,8,8,4,8,64,Finished,hamilton,44,HAM,http://en.wikipedia.org/wiki/Lewis_Hamilton,Lewis,Hamilton,1985-01-07,British,mercedes,https://en.wikipedia.org/wiki/Mercedes-Benz_in_Formula_One,Mercedes,German,7040653.0,+50.388,9.0,51.0,1:17.203,kph,155.605,2022,7,Monaco Grand Prix,2022-05-29,monaco,mercedes,1
128,77,9,9,2,12,64,Finished,bottas,77,BOT,http://en.wikipedia.org/wiki/Valtteri_Bottas,Valtteri,Bottas,1989-08-28,Finnish,alfa,https://en.wikipedia.org/wiki/Alfa_Romeo_in_Formula_One,Alfa Romeo,Swiss,7042790.0,+52.525,14.0,57.0,1:17.600,kph,154.809,2022,7,Monaco Grand Prix,2022-05-29,monaco,audi,1
129,5,10,10,1,9,64,Finished,vettel,5,VET,http://en.wikipedia.org/wiki/Sebastian_Vettel,Sebastian,Vettel,1987-07-03,German,aston_martin,https://en.wikipedia.org/wiki/Aston_Martin_in_Formula_One,Aston Martin,British,7043801.0,+53.536,12.0,54.0,1:17.558,kph,154.893,2022,7,Monaco Grand Prix,2022-05-29,monaco,aston_martin,1
130,10,11,11,0,17,64,Finished,gasly,10,GAS,http://en.wikipedia.org/wiki/Pierre_Gasly,Pierre,Gasly,1996-02-07,French,alphatauri,https://en.wikipedia.org/wiki/Scuderia_AlphaTauri,AlphaTauri,Italian,7044554.0,+54.289,10.0,61.0,1:17.344,kph,155.321,2022,7,Monaco Grand Prix,2022-05-29,monaco,rb,1
131,31,12,12,0,10,64,Finished,ocon,31,OCO,http://en.wikipedia.org/wiki/Esteban_Ocon,Esteban,Ocon,1996-09-17,French,alpine,https://en.wikipedia.org/wiki/Alpine_F1_Team,Alpine F1 Team,French,7045909.0,+55.644,13.0,50.0,1:17.571,kph,154.867,2022,7,Monaco Grand Prix,2022-05-29,monaco,alpine,1
132,3,13,13,0,14,64,Finished,ricciardo,3,RIC,http://en.wikipedia.org/wiki/Daniel_Ricciardo,Daniel,Ricciardo,1989-07-01,Australian,mclaren,https://en.wikipedia.org/wiki/McLaren,McLaren,British,7047900.0,+57.635,11.0,59.0,1:17.532,kph,154.945,2022,7,Monaco Grand Prix,2022-05-29,monaco,mclaren,1
133,18,14,14,0,18,64,Finished,stroll,18,STR,http://en.wikipedia.org/wiki/Lance_Stroll,Lance,Stroll,1998-10-29,Canadian,aston_martin,https://en.wikipedia.org/wiki/Aston_Martin_in_Formula_One,Aston Martin,British,7051067.0,+1:00.802,15.0,56.0,1:17.672,kph,154.665,2022,7,Monaco Grand Prix,2022-05-29,monaco,aston_martin,1
134,6,15,15,0,19,63,+1 Lap,latifi,6,LAT,http://en.wikipedia.org/wiki/Nicholas_Latifi,Nicholas,Latifi,1995-06-29,Canadian,williams,https://en.wikipedia.org/wiki/Williams_Racing,Williams,British,,,18.0,43.0,1:18.579,kph,152.88,2022,7,Monaco Grand Prix,2022-05-29,monaco,williams,1
135,24,16,16,0,20,63,+1 Lap,zhou,24,ZHO,http://en.wikipedia.org/wiki/Zhou_Guanyu,Guanyu,Zhou,1999-05-30,Chinese,alfa,https://en.wikipedia.org/wiki/Alfa_Romeo_in_Formula_One,Alfa Romeo,Swiss,,,17.0,52.0,1:18.200,kph,153.621,2022,7,Monaco Grand Prix,2022-05-29,monaco,audi,1
136,22,17,17,0,11,63,+1 Lap,tsunoda,22,TSU,http://en.wikipedia.org/wiki/Yuki_Tsunoda,Yuki,Tsunoda,2000-05-11,Japanese,alphatauri,https://en.wikipedia.org/wiki/Scuderia_AlphaTauri,AlphaTauri,Italian,,,2.0,61.0,1:15.334,kph,159.465,2022,7,Monaco Grand Prix,2022-05-29,monaco,rb,1
137,23,18,R,0,16,48,Mechanical,albon,23,ALB,http://en.wikipedia.org/wiki/Alexander_Albon,Alexander,Albon,1996-03-23,Thai,williams,https://en.wikipedia.org/wiki/Williams_Racing,Williams,British,,,16.0,40.0,1:18.023,kph,153.969,2022,7,Monaco Grand Prix,2022-05-29,monaco,williams,0
138,47,19,R,0,15,24,Accident,mick_schumacher,47,MSC,http://en.wikipedia.org/wiki/Mick_Schumacher,Mick,Schumacher,1999-03-22,German,haas,https://en.wikipedia.org/wiki/Haas_F1_Team,Haas F1 Team,American,,,19.0,24.0,1:24.778,kph,141.701,2022,7,Monaco Grand Prix,2022-05-29,monaco,haas,0
139,20,20,R,0,13,19,Water pressure,kevin_magnussen,20,MAG,http://en.wikipedia.org/wiki/Kevin_Magnussen,Kevin,Magnussen,1992-10-05,Danish,haas,https://en.wikipedia.org/wiki/Haas_F1_Team,Haas F1 Team,American,,,20.0,18.0,1:33.754,kph,128.135,2022,7,Monaco Grand Prix,2022-05-29,monaco,haas,0
140,1,1,1,25,3,51,Finished,max_verstappen,3,VER,http://en.wikipedia.org/wiki/Max_Verstappen,Max,Verstappen,1997-09-30,Dutch,red_bull,https://en.wikipedia.org/wiki/Red_Bull_Racing,Red Bull,Austrian,5645941.0,1:34:05.941,2.0,50.0,1:46.050,kph,203.779,2022,8,Azerbaijan Grand Prix,2022-06-12,baku,red_bull,1
141,11,2,2,19,2,51,Finished,perez,11,PER,http://en.wikipedia.org/wiki/Sergio_P%C3%A9rez,Sergio,Pérez,1990-01-26,Mexican,red_bull,https://en.wikipedia.org/wiki/Red_Bull_Racing,Red Bull,Austrian,5666764.0,+20.823,1.0,36.0,1:46.046,kph,203.787,2022,8,Azerbaijan Grand Prix,2022-06-12,baku,red_bull,1
142,63,3,3,15,5,51,Finished,russell,63,RUS,http://en.wikipedia.org/wiki/George_Russell_(racing_driver),George,Russell,1998-02-15,British,mercedes,https://en.wikipedia.org/wiki/Mercedes-Benz_in_Formula_One,Mercedes,German,5691936.0,+45.995,4.0,42.0,1:47.177,kph,201.636,2022,8,Azerbaijan Grand Prix,2022-06-12,baku,mercedes,1
143,44,4,4,12,7,51,Finished,hamilton,44,HAM,http://en.wikipedia.org/wiki/Lewis_Hamilton,Lewis,Hamilton,1985-01-07,British,mercedes,https://en.wikipedia.org/wiki/Mercedes-Benz_in_Formula_One,Mercedes,German,5717620.0,+1:11.679,3.0,39.0,1:47.044,kph,201.887,2022,8,Azerbaijan Grand Prix,2022-06-12,baku,mercedes,1
144,10,5,5,10,6,51,Finished,gasly,10,GAS,http://en.wikipedia.org/wiki/Pierre_Gasly,Pierre,Gasly,1996-02-07,French,alphatauri,https://en.wikipedia.org/wiki/Scuderia_AlphaTauri,AlphaTauri,Italian,5723240.0,+1:17.299,16.0,39.0,1:48.519,kph,199.143,2022,8,Azerbaijan Grand Prix,2022-06-12,baku,rb,1
145,5,6,6,8,9,51,Finished,vettel,5,VET,http://en.wikipedia.org/wiki/Sebastian_Vettel,Sebastian,Vettel,1987-07-03,German,aston_martin,https://en.wikipedia.org/wiki/Aston_Martin_in_Formula_One,Aston Martin,British,5730040.0,+1:24.099,12.0,41.0,1:48.206,kph,199.719,2022,8,Azerbaijan Grand Prix,2022-06-12,baku,aston_martin,1
146,14,7,7,6,10,51,Finished,alonso,14,ALO,http://en.wikipedia.org/wiki/Fernando_Alonso,Fernando,Alonso,1981-07-29,Spanish,alpine,https://en.wikipedia.org/wiki/Alpine_F1_Team,Alpine F1 Team,French,5734537.0,+1:28.596,8.0,49.0,1:47.989,kph,200.12,2022,8,Azerbaijan Grand Prix,2022-06-12,baku,alpine,1
147,3,8,8,4,12,51,Finished,ricciardo,3,RIC,http://en.wikipedia.org/wiki/Daniel_Ricciardo,Daniel,Ricciardo,1989-07-01,Australian,mclaren,https://en.wikipedia.org/wiki/McLaren,McLaren,British,5738148.0,+1:32.207,13.0,44.0,1:48.276,kph,199.589,2022,8,Azerbaijan Grand Prix,2022-06-12,baku,mclaren,1
148,4,9,9,2,11,51,Finished,norris,1,NOR,http://en.wikipedia.org/wiki/Lando_Norris,Lando,Norris,1999-11-13,British,mclaren,https://en.wikipedia.org/wiki/McLaren,McLaren,British,5738497.0,+1:32.556,9.0,37.0,1:47.997,kph,200.105,2022,8,Azerbaijan Grand Prix,2022-06-12,baku,mclaren,1
149,31,10,10,1,13,51,Finished,ocon,31,OCO,http://en.wikipedia.org/wiki/Esteban_Ocon,Esteban,Ocon,1996-09-17,French,alpine,https://en.wikipedia.org/wiki/Alpine_F1_Team,Alpine F1 Team,French,5754125.0,+1:48.184,14.0,36.0,1:48.297,kph,199.551,2022,8,Azerbaijan Grand Prix,2022-06-12,baku,alpine,1
150,77,11,11,0,15,50,+1 Lap,bottas,77,BOT,http://en.wikipedia.org/wiki/Valtteri_Bottas,Valtteri,Bottas,1989-08-28,Finnish,alfa,https://en.wikipedia.org/wiki/Alfa_Romeo_in_Formula_One,Alfa Romeo,Swiss,,,11.0,42.0,1:48.179,kph,199.768,2022,8,Azerbaijan Grand Prix,2022-06-12,baku,audi,1
151,23,12,12,0,17,50,+1 Lap,albon,23,ALB,http://en.wikipedia.org/wiki/Alexander_Albon,Alexander,Albon,1996-03-23,Thai,williams,https://en.wikipedia.org/wiki/Williams_Racing,Williams,British,,,7.0,48.0,1:47.966,kph,200.163,2022,8,Azerbaijan Grand Prix,2022-06-12,baku,williams,1
152,22,13,13,0,8,50,+1 Lap,tsunoda,22,TSU,http://en.wikipedia.org/wiki/Yuki_Tsunoda,Yuki,Tsunoda,2000-05-11,Japanese,alphatauri,https://en.wikipedia.org/wiki/Scuderia_AlphaTauri,AlphaTauri,Italian,,,5.0,42.0,1:47.523,kph,200.987,2022,8,Azerbaijan Grand Prix,2022-06-12,baku,rb,1
153,47,14,14,0,20,50,+1 Lap,mick_schumacher,47,MSC,http://en.wikipedia.org/wiki/Mick_Schumacher,Mick,Schumacher,1999-03-22,German,haas,https://en.wikipedia.org/wiki/Haas_F1_Team,Haas F1 Team,American,,,15.0,40.0,1:48.410,kph,199.343,2022,8,Azerbaijan Grand Prix,2022-06-12,baku,haas,1
154,6,15,15,0,18,50,+1 Lap,latifi,6,LAT,http://en.wikipedia.org/wiki/Nicholas_Latifi,Nicholas,Latifi,1995-06-29,Canadian,williams,https://en.wikipedia.org/wiki/Williams_Racing,Williams,British,,,20.0,37.0,1:49.583,kph,197.209,2022,8,Azerbaijan Grand Prix,2022-06-12,baku,williams,1
155,18,16,16,0,19,46,Vibrations,stroll,18,STR,http://en.wikipedia.org/wiki/Lance_Stroll,Lance,Stroll,1998-10-29,Canadian,aston_martin,https://en.wikipedia.org/wiki/Aston_Martin_in_Formula_One,Aston Martin,British,,,10.0,38.0,1:48.038,kph,200.029,2022,8,Azerbaijan Grand Prix,2022-06-12,baku,aston_martin,0
156,20,17,R,0,16,31,Power Unit,kevin_magnussen,20,MAG,http://en.wikipedia.org/wiki/Kevin_Magnussen,Kevin,Magnussen,1992-10-05,Danish,haas,https://en.wikipedia.org/wiki/Haas_F1_Team,Haas F1 Team,American,,,18.0,12.0,1:48.789,kph,198.648,2022,8,Azerbaijan Grand Prix,2022-06-12,baku,haas,0
157,24,18,R,0,14,23,Hydraulics,zhou,24,ZHO,http://en.wikipedia.org/wiki/Zhou_Guanyu,Guanyu,Zhou,1999-05-30,Chinese,alfa,https://en.wikipedia.org/wiki/Alfa_Romeo_in_Formula_One,Alfa Romeo,Swiss,,,17.0,12.0,1:48.723,kph,198.769,2022,8,Azerbaijan Grand Prix,2022-06-12,baku,audi,0
158,16,19,R,0,1,21,Power Unit,leclerc,16,LEC,http://en.wikipedia.org/wiki/Charles_Leclerc,Charles,Leclerc,1997-10-16,Monegasque,ferrari,https://en.wikipedia.org/wiki/Scuderia_Ferrari,Ferrari,Italian,,,6.0,13.0,1:47.531,kph,200.972,2022,8,Azerbaijan Grand Prix,2022-06-12,baku,ferrari,0
159,55,20,R,0,4,8,Hydraulics,sainz,55,SAI,http://en.wikipedia.org/wiki/Carlos_Sainz_Jr.,Carlos,Sainz,1994-09-01,Spanish,ferrari,https://en.wikipedia.org/wiki/Scuderia_Ferrari,Ferrari,Italian,,,19.0,3.0,1:48.978,kph,198.304,2022,8,Azerbaijan Grand Prix,2022-06-12,baku,ferrari,0
160,1,1,1,25,1,70,Finished,max_verstappen,3,VER,http://en.wikipedia.org/wiki/Max_Verstappen,Max,Verstappen,1997-09-30,Dutch,red_bull,https://en.wikipedia.org/wiki/Red_Bull_Racing,Red Bull,Austrian,5781757.0,1:36:21.757,2.0,64.0,1:15.839,kph,207.012,2022,9,Canadian Grand Prix,2022-06-19,villeneuve,red_bull,1
161,55,2,2,19,3,70,Finished,sainz,55,SAI,http://en.wikipedia.org/wiki/Carlos_Sainz_Jr.,Carlos,Sainz,1994-09-01,Spanish,ferrari,https://en.wikipedia.org/wiki/Scuderia_Ferrari,Ferrari,Italian,5782750.0,+0.993,1.0,63.0,1:15.749,kph,207.258,2022,9,Canadian Grand Prix,2022-06-19,villeneuve,ferrari,1
162,44,3,3,15,4,70,Finished,hamilton,44,HAM,http://en.wikipedia.org/wiki/Lewis_Hamilton,Lewis,Hamilton,1985-01-07,British,mercedes,https://en.wikipedia.org/wiki/Mercedes-Benz_in_Formula_One,Mercedes,German,5788763.0,+7.006,4.0,69.0,1:16.167,kph,206.12,2022,9,Canadian Grand Prix,2022-06-19,villeneuve,mercedes,1
163,63,4,4,12,8,70,Finished,russell,63,RUS,http://en.wikipedia.org/wiki/George_Russell_(racing_driver),George,Russell,1998-02-15,British,mercedes,https://en.wikipedia.org/wiki/Mercedes-Benz_in_Formula_One,Mercedes,German,5794070.0,+12.313,5.0,63.0,1:16.418,kph,205.443,2022,9,Canadian Grand Prix,2022-06-19,villeneuve,mercedes,1
164,16,5,5,10,19,70,Finished,leclerc,16,LEC,http://en.wikipedia.org/wiki/Charles_Leclerc,Charles,Leclerc,1997-10-16,Monegasque,ferrari,https://en.wikipedia.org/wiki/Scuderia_Ferrari,Ferrari,Italian,5796925.0,+15.168,3.0,62.0,1:15.901,kph,206.843,2022,9,Canadian Grand Prix,2022-06-19,villeneuve,ferrari,1
165,31,6,6,8,7,70,Finished,ocon,31,OCO,http://en.wikipedia.org/wiki/Esteban_Ocon,Esteban,Ocon,1996-09-17,French,alpine,https://en.wikipedia.org/wiki/Alpine_F1_Team,Alpine F1 Team,French,5805647.0,+23.890,9.0,62.0,1:17.110,kph,203.6,2022,9,Canadian Grand Prix,2022-06-19,villeneuve,alpine,1
166,77,7,7,6,11,70,Finished,bottas,77,BOT,http://en.wikipedia.org/wiki/Valtteri_Bottas,Valtteri,Bottas,1989-08-28,Finnish,alfa,https://en.wikipedia.org/wiki/Alfa_Romeo_in_Formula_One,Alfa Romeo,Swiss,5807004.0,+25.247,8.0,64.0,1:17.010,kph,203.864,2022,9,Canadian Grand Prix,2022-06-19,villeneuve,audi,1
167,24,8,8,4,10,70,Finished,zhou,24,ZHO,http://en.wikipedia.org/wiki/Zhou_Guanyu,Guanyu,Zhou,1999-05-30,Chinese,alfa,https://en.wikipedia.org/wiki/Alfa_Romeo_in_Formula_One,Alfa Romeo,Swiss,5808709.0,+26.952,7.0,60.0,1:16.927,kph,204.084,2022,9,Canadian Grand Prix,2022-06-19,villeneuve,audi,1
168,14,9,9,2,2,70,Finished,alonso,14,ALO,http://en.wikipedia.org/wiki/Fernando_Alonso,Fernando,Alonso,1981-07-29,Spanish,alpine,https://en.wikipedia.org/wiki/Alpine_F1_Team,Alpine F1 Team,French,5811702.0,+29.945,6.0,63.0,1:16.578,kph,205.014,2022,9,Canadian Grand Prix,2022-06-19,villeneuve,alpine,1
169,18,10,10,1,17,70,Finished,stroll,18,STR,http://en.wikipedia.org/wiki/Lance_Stroll,Lance,Stroll,1998-10-29,Canadian,aston_martin,https://en.wikipedia.org/wiki/Aston_Martin_in_Formula_One,Aston Martin,British,5819979.0,+38.222,10.0,64.0,1:17.421,kph,202.782,2022,9,Canadian Grand Prix,2022-06-19,villeneuve,aston_martin,1
170,3,11,11,0,9,70,Finished,ricciardo,3,RIC,http://en.wikipedia.org/wiki/Daniel_Ricciardo,Daniel,Ricciardo,1989-07-01,Australian,mclaren,https://en.wikipedia.org/wiki/McLaren,McLaren,British,5824804.0,+43.047,13.0,59.0,1:17.932,kph,201.452,2022,9,Canadian Grand Prix,2022-06-19,villeneuve,mclaren,1
171,5,12,12,0,16,70,Finished,vettel,5,VET,http://en.wikipedia.org/wiki/Sebastian_Vettel,Sebastian,Vettel,1987-07-03,German,aston_martin,https://en.wikipedia.org/wiki/Aston_Martin_in_Formula_One,Aston Martin,British,5826002.0,+44.245,15.0,63.0,1:17.956,kph,201.39,2022,9,Canadian Grand Prix,2022-06-19,villeneuve,aston_martin,1
172,23,13,13,0,12,70,Finished,albon,23,ALB,http://en.wikipedia.org/wiki/Alexander_Albon,Alexander,Albon,1996-03-23,Thai,williams,https://en.wikipedia.org/wiki/Williams_Racing,Williams,British,5826650.0,+44.893,14.0,59.0,1:17.951,kph,201.403,2022,9,Canadian Grand Prix,2022-06-19,villeneuve,williams,1
173,10,14,14,0,15,70,Finished,gasly,10,GAS,http://en.wikipedia.org/wiki/Pierre_Gasly,Pierre,Gasly,1996-02-07,French,alphatauri,https://en.wikipedia.org/wiki/Scuderia_AlphaTauri,AlphaTauri,Italian,5826940.0,+45.183,12.0,60.0,1:17.810,kph,201.768,2022,9,Canadian Grand Prix,2022-06-19,villeneuve,rb,1
174,4,15,15,0,14,70,Finished,norris,1,NOR,http://en.wikipedia.org/wiki/Lando_Norris,Lando,Norris,1999-11-13,British,mclaren,https://en.wikipedia.org/wiki/McLaren,McLaren,British,5833902.0,+52.145,11.0,63.0,1:17.495,kph,202.588,2022,9,Canadian Grand Prix,2022-06-19,villeneuve,mclaren,1
175,6,16,16,0,18,70,Finished,latifi,6,LAT,http://en.wikipedia.org/wiki/Nicholas_Latifi,Nicholas,Latifi,1995-06-29,Canadian,williams,https://en.wikipedia.org/wiki/Williams_Racing,Williams,British,5841735.0,+59.978,18.0,61.0,1:18.540,kph,199.893,2022,9,Canadian Grand Prix,2022-06-19,villeneuve,williams,1
176,20,17,17,0,5,70,Finished,kevin_magnussen,20,MAG,http://en.wikipedia.org/wiki/Kevin_Magnussen,Kevin,Magnussen,1992-10-05,Danish,haas,https://en.wikipedia.org/wiki/Haas_F1_Team,Haas F1 Team,American,5849937.0,+1:08.180,16.0,11.0,1:18.046,kph,201.158,2022,9,Canadian Grand Prix,2022-06-19,villeneuve,haas,1
177,22,18,R,0,20,47,Accident,tsunoda,22,TSU,http://en.wikipedia.org/wiki/Yuki_Tsunoda,Yuki,Tsunoda,2000-05-11,Japanese,alphatauri,https://en.wikipedia.org/wiki/Scuderia_AlphaTauri,AlphaTauri,Italian,,,17.0,15.0,1:18.309,kph,200.482,2022,9,Canadian Grand Prix,2022-06-19,villeneuve,rb,0
178,47,19,R,0,6,18,Engine,mick_schumacher,47,MSC,http://en.wikipedia.org/wiki/Mick_Schumacher,Mick,Schumacher,1999-03-22,German,haas,https://en.wikipedia.org/wiki/Haas_F1_Team,Haas F1 Team,American,,,20.0,13.0,1:18.967,kph,198.812,2022,9,Canadian Grand Prix,2022-06-19,villeneuve,haas,0
179,11,20,R,0,13,7,Gearbox,perez,11,PER,http://en.wikipedia.org/wiki/Sergio_P%C3%A9rez,Sergio,Pérez,1990-01-26,Mexican,red_bull,https://en.wikipedia.org/wiki/Red_Bull_Racing,Red Bull,Austrian,,,19.0,7.0,1:18.844,kph,199.122,2022,9,Canadian Grand Prix,2022-06-19,villeneuve,red_bull,0
180,55,1,1,25,1,52,Finished,sainz,55,SAI,http://en.wikipedia.org/wiki/Carlos_Sainz_Jr.,Carlos,Sainz,1994-09-01,Spanish,ferrari,https://en.wikipedia.org/wiki/Scuderia_Ferrari,Ferrari,Italian,8270311.0,2:17:50.311,2.0,44.0,1:30.813,kph,233.53,2022,10,British Grand Prix,2022-07-03,silverstone,ferrari,1
181,11,2,2,18,4,52,Finished,perez,11,PER,http://en.wikipedia.org/wiki/Sergio_P%C3%A9rez,Sergio,Pérez,1990-01-26,Mexican,red_bull,https://en.wikipedia.org/wiki/Red_Bull_Racing,Red Bull,Austrian,8274090.0,+3.779,3.0,47.0,1:30.937,kph,233.212,2022,10,British Grand Prix,2022-07-03,silverstone,red_bull,1
182,44,3,3,16,5,52,Finished,hamilton,44,HAM,http://en.wikipedia.org/wiki/Lewis_Hamilton,Lewis,Hamilton,1985-01-07,British,mercedes,https://en.wikipedia.org/wiki/Mercedes-Benz_in_Formula_One,Mercedes,German,8276536.0,+6.225,1.0,52.0,1:30.510,kph,234.312,2022,10,British Grand Prix,2022-07-03,silverstone,mercedes,1
183,16,4,4,12,3,52,Finished,leclerc,16,LEC,http://en.wikipedia.org/wiki/Charles_Leclerc,Charles,Leclerc,1997-10-16,Monegasque,ferrari,https://en.wikipedia.org/wiki/Scuderia_Ferrari,Ferrari,Italian,8278857.0,+8.546,4.0,52.0,1:31.282,kph,232.33,2022,10,British Grand Prix,2022-07-03,silverstone,ferrari,1
184,14,5,5,10,7,52,Finished,alonso,14,ALO,http://en.wikipedia.org/wiki/Fernando_Alonso,Fernando,Alonso,1981-07-29,Spanish,alpine,https://en.wikipedia.org/wiki/Alpine_F1_Team,Alpine F1 Team,French,8279882.0,+9.571,5.0,47.0,1:31.609,kph,231.501,2022,10,British Grand Prix,2022-07-03,silverstone,alpine,1
185,4,6,6,8,6,52,Finished,norris,1,NOR,http://en.wikipedia.org/wiki/Lando_Norris,Lando,Norris,1999-11-13,British,mclaren,https://en.wikipedia.org/wiki/McLaren,McLaren,British,8282254.0,+11.943,6.0,47.0,1:31.645,kph,231.41,2022,10,British Grand Prix,2022-07-03,silverstone,mclaren,1
186,1,7,7,6,2,52,Finished,max_verstappen,3,VER,http://en.wikipedia.org/wiki/Max_Verstappen,Max,Verstappen,1997-09-30,Dutch,red_bull,https://en.wikipedia.org/wiki/Red_Bull_Racing,Red Bull,Austrian,8289088.0,+18.777,8.0,44.0,1:32.354,kph,229.633,2022,10,British Grand Prix,2022-07-03,silverstone,red_bull,1
187,47,8,8,4,19,52,Finished,mick_schumacher,47,MSC,http://en.wikipedia.org/wiki/Mick_Schumacher,Mick,Schumacher,1999-03-22,German,haas,https://en.wikipedia.org/wiki/Haas_F1_Team,Haas F1 Team,American,8289306.0,+18.995,7.0,48.0,1:32.109,kph,230.244,2022,10,British Grand Prix,2022-07-03,silverstone,haas,1
188,5,9,9,2,18,52,Finished,vettel,5,VET,http://en.wikipedia.org/wiki/Sebastian_Vettel,Sebastian,Vettel,1987-07-03,German,aston_martin,https://en.wikipedia.org/wiki/Aston_Martin_in_Formula_One,Aston Martin,British,8292666.0,+22.356,10.0,52.0,1:32.471,kph,229.343,2022,10,British Grand Prix,2022-07-03,silverstone,aston_martin,1
189,20,10,10,1,17,52,Finished,kevin_magnussen,20,MAG,http://en.wikipedia.org/wiki/Kevin_Magnussen,Kevin,Magnussen,1992-10-05,Danish,haas,https://en.wikipedia.org/wiki/Haas_F1_Team,Haas F1 Team,American,8294901.0,+24.590,12.0,52.0,1:32.661,kph,228.872,2022,10,British Grand Prix,2022-07-03,silverstone,haas,1
190,18,11,11,0,20,52,Finished,stroll,18,STR,http://en.wikipedia.org/wiki/Lance_Stroll,Lance,Stroll,1998-10-29,Canadian,aston_martin,https://en.wikipedia.org/wiki/Aston_Martin_in_Formula_One,Aston Martin,British,8296458.0,+26.147,9.0,52.0,1:32.379,kph,229.571,2022,10,British Grand Prix,2022-07-03,silverstone,aston_martin,1
191,6,12,12,0,10,52,Finished,latifi,6,LAT,http://en.wikipedia.org/wiki/Nicholas_Latifi,Nicholas,Latifi,1995-06-29,Canadian,williams,https://en.wikipedia.org/wiki/Williams_Racing,Williams,British,8302822.0,+32.511,13.0,48.0,1:33.286,kph,227.339,2022,10,British Grand Prix,2022-07-03,silverstone,williams,1
192,3,13,13,0,14,52,Finished,ricciardo,3,RIC,http://en.wikipedia.org/wiki/Daniel_Ricciardo,Daniel,Ricciardo,1989-07-01,Australian,mclaren,https://en.wikipedia.org/wiki/McLaren,McLaren,British,8303128.0,+32.817,11.0,34.0,1:32.644,kph,228.914,2022,10,British Grand Prix,2022-07-03,silverstone,mclaren,1
193,22,14,14,0,13,52,Finished,tsunoda,22,TSU,http://en.wikipedia.org/wiki/Yuki_Tsunoda,Yuki,Tsunoda,2000-05-11,Japanese,alphatauri,https://en.wikipedia.org/wiki/Scuderia_AlphaTauri,AlphaTauri,Italian,8311221.0,+40.910,15.0,51.0,1:33.832,kph,226.016,2022,10,British Grand Prix,2022-07-03,silverstone,rb,1
194,31,15,R,0,15,37,Fuel pump,ocon,31,OCO,http://en.wikipedia.org/wiki/Esteban_Ocon,Esteban,Ocon,1996-09-17,French,alpine,https://en.wikipedia.org/wiki/Alpine_F1_Team,Alpine F1 Team,French,,,14.0,37.0,1:33.537,kph,226.729,2022,10,British Grand Prix,2022-07-03,silverstone,alpine,0
195,10,16,R,0,11,26,Collision damage,gasly,10,GAS,http://en.wikipedia.org/wiki/Pierre_Gasly,Pierre,Gasly,1996-02-07,French,alphatauri,https://en.wikipedia.org/wiki/Scuderia_AlphaTauri,AlphaTauri,Italian,,,16.0,18.0,1:34.614,kph,224.148,2022,10,British Grand Prix,2022-07-03,silverstone,rb,0
196,77,17,R,0,12,20,Gearbox,bottas,77,BOT,http://en.wikipedia.org/wiki/Valtteri_Bottas,Valtteri,Bottas,1989-08-28,Finnish,alfa,https://en.wikipedia.org/wiki/Alfa_Romeo_in_Formula_One,Alfa Romeo,Swiss,,,17.0,19.0,1:35.103,kph,222.996,2022,10,British Grand Prix,2022-07-03,silverstone,audi,0
197,63,18,R,0,8,0,Collision,russell,63,RUS,http://en.wikipedia.org/wiki/George_Russell_(racing_driver),George,Russell,1998-02-15,British,mercedes,https://en.wikipedia.org/wiki/Mercedes-Benz_in_Formula_One,Mercedes,German,,,,,,,,2022,10,British Grand Prix,2022-07-03,silverstone,mercedes,0
198,24,19,R,0,9,0,Collision,zhou,24,ZHO,http://en.wikipedia.org/wiki/Zhou_Guanyu,Guanyu,Zhou,1999-05-30,Chinese,alfa,https://en.wikipedia.org/wiki/Alfa_Romeo_in_Formula_One,Alfa Romeo,Swiss,,,,,,,,2022,10,British Grand Prix,2022-07-03,silverstone,audi,0
199,23,20,R,0,16,0,Collision,albon,23,ALB,http://en.wikipedia.org/wiki/Alexander_Albon,Alexander,Albon,1996-03-23,Thai,williams,https://en.wikipedia.org/wiki/Williams_Racing,Williams,British,,,,,,,,2022,10,British Grand Prix,2022-07-03,silverstone,williams,0
200,16,1,1,25,2,71,Finished,leclerc,16,LEC,http://en.wikipedia.org/wiki/Charles_Leclerc,Charles,Leclerc,1997-10-16,Monegasque,ferrari,https://en.wikipedia.org/wiki/Scuderia_Ferrari,Ferrari,Italian,5064312.0,1:24:24.312,2.0,62.0,1:07.583,kph,230.01,2022,11,Austrian Grand Prix,2022-07-10,red_bull_ring,ferrari,1
201,1,2,2,19,1,71,Finished,max_verstappen,3,VER,http://en.wikipedia.org/wiki/Max_Verstappen,Max,Verstappen,1997-09-30,Dutch,red_bull,https://en.wikipedia.org/wiki/Red_Bull_Racing,Red Bull,Austrian,5065844.0,+1.532,1.0,62.0,1:07.275,kph,231.063,2022,11,Austrian Grand Prix,2022-07-10,red_bull_ring,red_bull,1
202,44,3,3,15,8,71,Finished,hamilton,44,HAM,http://en.wikipedia.org/wiki/Lewis_Hamilton,Lewis,Hamilton,1985-01-07,British,mercedes,https://en.wikipedia.org/wiki/Mercedes-Benz_in_Formula_One,Mercedes,German,5105529.0,+41.217,5.0,63.0,1:09.000,kph,225.286,2022,11,Austrian Grand Prix,2022-07-10,red_bull_ring,mercedes,1
203,63,4,4,12,4,71,Finished,russell,63,RUS,http://en.wikipedia.org/wiki/George_Russell_(racing_driver),George,Russell,1998-02-15,British,mercedes,https://en.wikipedia.org/wiki/Mercedes-Benz_in_Formula_One,Mercedes,German,5123284.0,+58.972,6.0,61.0,1:09.075,kph,225.042,2022,11,Austrian Grand Prix,2022-07-10,red_bull_ring,mercedes,1
204,31,5,5,10,6,71,Finished,ocon,31,OCO,http://en.wikipedia.org/wiki/Esteban_Ocon,Esteban,Ocon,1996-09-17,French,alpine,https://en.wikipedia.org/wiki/Alpine_F1_Team,Alpine F1 Team,French,5132748.0,+1:08.436,10.0,62.0,1:09.559,kph,223.476,2022,11,Austrian Grand Prix,2022-07-10,red_bull_ring,alpine,1
205,47,6,6,8,9,70,+1 Lap,mick_schumacher,47,MSC,http://en.wikipedia.org/wiki/Mick_Schumacher,Mick,Schumacher,1999-03-22,German,haas,https://en.wikipedia.org/wiki/Haas_F1_Team,Haas F1 Team,American,,,11.0,50.0,1:09.625,kph,223.264,2022,11,Austrian Grand Prix,2022-07-10,red_bull_ring,haas,1
206,4,7,7,6,10,70,+1 Lap,norris,1,NOR,http://en.wikipedia.org/wiki/Lando_Norris,Lando,Norris,1999-11-13,British,mclaren,https://en.wikipedia.org/wiki/McLaren,McLaren,British,,,8.0,62.0,1:09.304,kph,224.298,2022,11,Austrian Grand Prix,2022-07-10,red_bull_ring,mclaren,1
207,20,8,8,4,7,70,+1 Lap,kevin_magnussen,20,MAG,http://en.wikipedia.org/wiki/Kevin_Magnussen,Kevin,Magnussen,1992-10-05,Danish,haas,https://en.wikipedia.org/wiki/Haas_F1_Team,Haas F1 Team,American,,,14.0,61.0,1:09.938,kph,222.265,2022,11,Austrian Grand Prix,2022-07-10,red_bull_ring,haas,1
208,3,9,9,2,11,70,+1 Lap,ricciardo,3,RIC,http://en.wikipedia.org/wiki/Daniel_Ricciardo,Daniel,Ricciardo,1989-07-01,Australian,mclaren,https://en.wikipedia.org/wiki/McLaren,McLaren,British,,,13.0,61.0,1:09.924,kph,222.309,2022,11,Austrian Grand Prix,2022-07-10,red_bull_ring,mclaren,1
209,14,10,10,1,19,70,+1 Lap,alonso,14,ALO,http://en.wikipedia.org/wiki/Fernando_Alonso,Fernando,Alonso,1981-07-29,Spanish,alpine,https://en.wikipedia.org/wiki/Alpine_F1_Team,Alpine F1 Team,French,,,3.0,62.0,1:08.558,kph,226.739,2022,11,Austrian Grand Prix,2022-07-10,red_bull_ring,alpine,1
210,77,11,11,0,0,70,+1 Lap,bottas,77,BOT,http://en.wikipedia.org/wiki/Valtteri_Bottas,Valtteri,Bottas,1989-08-28,Finnish,alfa,https://en.wikipedia.org/wiki/Alfa_Romeo_in_Formula_One,Alfa Romeo,Swiss,,,7.0,61.0,1:09.266,kph,224.421,2022,11,Austrian Grand Prix,2022-07-10,red_bull_ring,audi,1
211,23,12,12,0,15,70,+1 Lap,albon,23,ALB,http://en.wikipedia.org/wiki/Alexander_Albon,Alexander,Albon,1996-03-23,Thai,williams,https://en.wikipedia.org/wiki/Williams_Racing,Williams,British,,,12.0,60.0,1:09.669,kph,223.123,2022,11,Austrian Grand Prix,2022-07-10,red_bull_ring,williams,1
212,18,13,13,0,12,70,+1 Lap,stroll,18,STR,http://en.wikipedia.org/wiki/Lance_Stroll,Lance,Stroll,1998-10-29,Canadian,aston_martin,https://en.wikipedia.org/wiki/Aston_Martin_in_Formula_One,Aston Martin,British,,,17.0,64.0,1:10.048,kph,221.916,2022,11,Austrian Grand Prix,2022-07-10,red_bull_ring,aston_martin,1
213,24,14,14,0,13,70,+1 Lap,zhou,24,ZHO,http://en.wikipedia.org/wiki/Zhou_Guanyu,Guanyu,Zhou,1999-05-30,Chinese,alfa,https://en.wikipedia.org/wiki/Alfa_Romeo_in_Formula_One,Alfa Romeo,Swiss,,,9.0,50.0,1:09.380,kph,224.053,2022,11,Austrian Grand Prix,2022-07-10,red_bull_ring,audi,1
214,10,15,15,0,14,70,+1 Lap,gasly,10,GAS,http://en.wikipedia.org/wiki/Pierre_Gasly,Pierre,Gasly,1996-02-07,French,alphatauri,https://en.wikipedia.org/wiki/Scuderia_AlphaTauri,AlphaTauri,Italian,,,18.0,61.0,1:10.104,kph,221.739,2022,11,Austrian Grand Prix,2022-07-10,red_bull_ring,rb,1
215,22,16,16,0,16,70,+1 Lap,tsunoda,22,TSU,http://en.wikipedia.org/wiki/Yuki_Tsunoda,Yuki,Tsunoda,2000-05-11,Japanese,alphatauri,https://en.wikipedia.org/wiki/Scuderia_AlphaTauri,AlphaTauri,Italian,,,16.0,62.0,1:10.023,kph,221.995,2022,11,Austrian Grand Prix,2022-07-10,red_bull_ring,rb,1
216,5,17,17,0,18,70,+1 Lap,vettel,5,VET,http://en.wikipedia.org/wiki/Sebastian_Vettel,Sebastian,Vettel,1987-07-03,German,aston_martin,https://en.wikipedia.org/wiki/Aston_Martin_in_Formula_One,Aston Martin,British,,,15.0,62.0,1:10.001,kph,222.065,2022,11,Austrian Grand Prix,2022-07-10,red_bull_ring,aston_martin,1
217,55,18,R,0,3,56,Power Unit,sainz,55,SAI,http://en.wikipedia.org/wiki/Carlos_Sainz_Jr.,Carlos,Sainz,1994-09-01,Spanish,ferrari,https://en.wikipedia.org/wiki/Scuderia_Ferrari,Ferrari,Italian,,,4.0,55.0,1:08.649,kph,226.438,2022,11,Austrian Grand Prix,2022-07-10,red_bull_ring,ferrari,0
218,6,19,R,0,17,48,Undertray,latifi,6,LAT,http://en.wikipedia.org/wiki/Nicholas_Latifi,Nicholas,Latifi,1995-06-29,Canadian,williams,https://en.wikipedia.org/wiki/Williams_Racing,Williams,British,,,19.0,14.0,1:10.890,kph,219.28,2022,11,Austrian Grand Prix,2022-07-10,red_bull_ring,williams,0
219,11,20,R,0,5,24,Collision damage,perez,11,PER,http://en.wikipedia.org/wiki/Sergio_P%C3%A9rez,Sergio,Pérez,1990-01-26,Mexican,red_bull,https://en.wikipedia.org/wiki/Red_Bull_Racing,Red Bull,Austrian,,,20.0,5.0,1:11.843,kph,216.371,2022,11,Austrian Grand Prix,2022-07-10,red_bull_ring,red_bull,0
220,1,1,1,25,2,53,Finished,max_verstappen,3,VER,http://en.wikipedia.org/wiki/Max_Verstappen,Max,Verstappen,1997-09-30,Dutch,red_bull,https://en.wikipedia.org/wiki/Red_Bull_Racing,Red Bull,Austrian,5402112.0,1:30:02.112,2.0,30.0,1:37.491,kph,215.724,2022,12,French Grand Prix,2022-07-24,ricard,red_bull,1
221,44,2,2,18,4,53,Finished,hamilton,44,HAM,http://en.wikipedia.org/wiki/Lewis_Hamilton,Lewis,Hamilton,1985-01-07,British,mercedes,https://en.wikipedia.org/wiki/Mercedes-Benz_in_Formula_One,Mercedes,German,5412699.0,+10.587,4.0,30.0,1:37.668,kph,215.333,2022,12,French Grand Prix,2022-07-24,ricard,mercedes,1
222,63,3,3,15,6,53,Finished,russell,63,RUS,http://en.wikipedia.org/wiki/George_Russell_(racing_driver),George,Russell,1998-02-15,British,mercedes,https://en.wikipedia.org/wiki/Mercedes-Benz_in_Formula_One,Mercedes,German,5418607.0,+16.495,3.0,51.0,1:37.548,kph,215.598,2022,12,French Grand Prix,2022-07-24,ricard,mercedes,1
223,11,4,4,12,3,53,Finished,perez,11,PER,http://en.wikipedia.org/wiki/Sergio_P%C3%A9rez,Sergio,Pérez,1990-01-26,Mexican,red_bull,https://en.wikipedia.org/wiki/Red_Bull_Racing,Red Bull,Austrian,5419422.0,+17.310,5.0,45.0,1:37.780,kph,215.086,2022,12,French Grand Prix,2022-07-24,ricard,red_bull,1
224,55,5,5,11,19,53,Finished,sainz,55,SAI,http://en.wikipedia.org/wiki/Carlos_Sainz_Jr.,Carlos,Sainz,1994-09-01,Spanish,ferrari,https://en.wikipedia.org/wiki/Scuderia_Ferrari,Ferrari,Italian,5430984.0,+28.872,1.0,51.0,1:35.781,kph,219.575,2022,12,French Grand Prix,2022-07-24,ricard,ferrari,1
225,14,6,6,8,7,53,Finished,alonso,14,ALO,http://en.wikipedia.org/wiki/Fernando_Alonso,Fernando,Alonso,1981-07-29,Spanish,alpine,https://en.wikipedia.org/wiki/Alpine_F1_Team,Alpine F1 Team,French,5444991.0,+42.879,8.0,53.0,1:38.160,kph,214.254,2022,12,French Grand Prix,2022-07-24,ricard,alpine,1
226,4,7,7,6,5,53,Finished,norris,1,NOR,http://en.wikipedia.org/wiki/Lando_Norris,Lando,Norris,1999-11-13,British,mclaren,https://en.wikipedia.org/wiki/McLaren,McLaren,British,5454138.0,+52.026,11.0,43.0,1:39.037,kph,212.356,2022,12,French Grand Prix,2022-07-24,ricard,mclaren,1
227,31,8,8,4,10,53,Finished,ocon,31,OCO,http://en.wikipedia.org/wiki/Esteban_Ocon,Esteban,Ocon,1996-09-17,French,alpine,https://en.wikipedia.org/wiki/Alpine_F1_Team,Alpine F1 Team,French,5459071.0,+56.959,9.0,53.0,1:38.684,kph,213.116,2022,12,French Grand Prix,2022-07-24,ricard,alpine,1
228,3,9,9,2,9,53,Finished,ricciardo,3,RIC,http://en.wikipedia.org/wiki/Daniel_Ricciardo,Daniel,Ricciardo,1989-07-01,Australian,mclaren,https://en.wikipedia.org/wiki/McLaren,McLaren,British,5462484.0,+1:00.372,14.0,27.0,1:39.133,kph,212.151,2022,12,French Grand Prix,2022-07-24,ricard,mclaren,1
229,18,10,10,1,15,53,Finished,stroll,18,STR,http://en.wikipedia.org/wiki/Lance_Stroll,Lance,Stroll,1998-10-29,Canadian,aston_martin,https://en.wikipedia.org/wiki/Aston_Martin_in_Formula_One,Aston Martin,British,5464661.0,+1:02.549,15.0,52.0,1:39.185,kph,212.04,2022,12,French Grand Prix,2022-07-24,ricard,aston_martin,1
230,5,11,11,0,12,53,Finished,vettel,5,VET,http://en.wikipedia.org/wiki/Sebastian_Vettel,Sebastian,Vettel,1987-07-03,German,aston_martin,https://en.wikipedia.org/wiki/Aston_Martin_in_Formula_One,Aston Martin,British,5466606.0,+1:04.494,12.0,43.0,1:39.044,kph,212.341,2022,12,French Grand Prix,2022-07-24,ricard,aston_martin,1
231,10,12,12,0,14,53,Finished,gasly,10,GAS,http://en.wikipedia.org/wiki/Pierre_Gasly,Pierre,Gasly,1996-02-07,French,alphatauri,https://en.wikipedia.org/wiki/Scuderia_AlphaTauri,AlphaTauri,Italian,5467560.0,+1:05.448,10.0,53.0,1:38.786,kph,212.896,2022,12,French Grand Prix,2022-07-24,ricard,rb,1
232,23,13,13,0,13,53,Finished,albon,23,ALB,http://en.wikipedia.org/wiki/Alexander_Albon,Alexander,Albon,1996-03-23,Thai,williams,https://en.wikipedia.org/wiki/Williams_Racing,Williams,British,5470677.0,+1:08.565,16.0,53.0,1:39.199,kph,212.01,2022,12,French Grand Prix,2022-07-24,ricard,williams,1
233,77,14,14,0,11,53,Finished,bottas,77,BOT,http://en.wikipedia.org/wiki/Valtteri_Bottas,Valtteri,Bottas,1989-08-28,Finnish,alfa,https://en.wikipedia.org/wiki/Alfa_Romeo_in_Formula_One,Alfa Romeo,Swiss,5478778.0,+1:16.666,6.0,52.0,1:37.963,kph,214.685,2022,12,French Grand Prix,2022-07-24,ricard,audi,1
234,47,15,15,0,17,53,Finished,mick_schumacher,47,MSC,http://en.wikipedia.org/wiki/Mick_Schumacher,Mick,Schumacher,1999-03-22,German,haas,https://en.wikipedia.org/wiki/Haas_F1_Team,Haas F1 Team,American,5482506.0,+1:20.394,13.0,48.0,1:39.068,kph,212.29,2022,12,French Grand Prix,2022-07-24,ricard,haas,1
235,24,16,16,0,16,47,+6 Laps,zhou,24,ZHO,http://en.wikipedia.org/wiki/Zhou_Guanyu,Guanyu,Zhou,1999-05-30,Chinese,alfa,https://en.wikipedia.org/wiki/Alfa_Romeo_in_Formula_One,Alfa Romeo,Swiss,,,18.0,25.0,1:39.368,kph,211.649,2022,12,French Grand Prix,2022-07-24,ricard,audi,1
236,6,17,R,0,18,40,Collision damage,latifi,6,LAT,http://en.wikipedia.org/wiki/Nicholas_Latifi,Nicholas,Latifi,1995-06-29,Canadian,williams,https://en.wikipedia.org/wiki/Williams_Racing,Williams,British,,,19.0,40.0,1:39.650,kph,211.05,2022,12,French Grand Prix,2022-07-24,ricard,williams,0
237,20,18,R,0,20,37,Collision damage,kevin_magnussen,20,MAG,http://en.wikipedia.org/wiki/Kevin_Magnussen,Kevin,Magnussen,1992-10-05,Danish,haas,https://en.wikipedia.org/wiki/Haas_F1_Team,Haas F1 Team,American,,,17.0,11.0,1:39.265,kph,211.869,2022,12,French Grand Prix,2022-07-24,ricard,haas,0
238,16,19,R,0,1,17,Accident,leclerc,16,LEC,http://en.wikipedia.org/wiki/Charles_Leclerc,Charles,Leclerc,1997-10-16,Monegasque,ferrari,https://en.wikipedia.org/wiki/Scuderia_Ferrari,Ferrari,Italian,,,7.0,4.0,1:38.088,kph,214.411,2022,12,French Grand Prix,2022-07-24,ricard,ferrari,0
239,22,20,R,0,8,17,Undertray,tsunoda,22,TSU,http://en.wikipedia.org/wiki/Yuki_Tsunoda,Yuki,Tsunoda,2000-05-11,Japanese,alphatauri,https://en.wikipedia.org/wiki/Scuderia_AlphaTauri,AlphaTauri,Italian,,,20.0,4.0,1:40.216,kph,209.858,2022,12,French Grand Prix,2022-07-24,ricard,rb,0
240,1,1,1,25,10,70,Finished,max_verstappen,3,VER,http://en.wikipedia.org/wiki/Max_Verstappen,Max,Verstappen,1997-09-30,Dutch,red_bull,https://en.wikipedia.org/wiki/Red_Bull_Racing,Red Bull,Austrian,5975912.0,1:39:35.912,6.0,45.0,1:22.126,kph,192.041,2022,13,Hungarian Grand Prix,2022-07-31,hungaroring,red_bull,1
241,44,2,2,19,7,70,Finished,hamilton,44,HAM,http://en.wikipedia.org/wiki/Lewis_Hamilton,Lewis,Hamilton,1985-01-07,British,mercedes,https://en.wikipedia.org/wiki/Mercedes-Benz_in_Formula_One,Mercedes,German,5983746.0,+7.834,1.0,57.0,1:21.386,kph,193.787,2022,13,Hungarian Grand Prix,2022-07-31,hungaroring,mercedes,1
242,63,3,3,15,1,70,Finished,russell,63,RUS,http://en.wikipedia.org/wiki/George_Russell_(racing_driver),George,Russell,1998-02-15,British,mercedes,https://en.wikipedia.org/wiki/Mercedes-Benz_in_Formula_One,Mercedes,German,5988249.0,+12.337,9.0,57.0,1:22.766,kph,190.556,2022,13,Hungarian Grand Prix,2022-07-31,hungaroring,mercedes,1
243,55,4,4,12,2,70,Finished,sainz,55,SAI,http://en.wikipedia.org/wiki/Carlos_Sainz_Jr.,Carlos,Sainz,1994-09-01,Spanish,ferrari,https://en.wikipedia.org/wiki/Scuderia_Ferrari,Ferrari,Italian,5990491.0,+14.579,4.0,51.0,1:22.000,kph,192.336,2022,13,Hungarian Grand Prix,2022-07-31,hungaroring,ferrari,1
244,11,5,5,10,11,70,Finished,perez,11,PER,http://en.wikipedia.org/wiki/Sergio_P%C3%A9rez,Sergio,Pérez,1990-01-26,Mexican,red_bull,https://en.wikipedia.org/wiki/Red_Bull_Racing,Red Bull,Austrian,5991600.0,+15.688,3.0,44.0,1:21.940,kph,192.477,2022,13,Hungarian Grand Prix,2022-07-31,hungaroring,red_bull,1
245,16,6,6,8,3,70,Finished,leclerc,16,LEC,http://en.wikipedia.org/wiki/Charles_Leclerc,Charles,Leclerc,1997-10-16,Monegasque,ferrari,https://en.wikipedia.org/wiki/Scuderia_Ferrari,Ferrari,Italian,5991959.0,+16.047,2.0,57.0,1:21.622,kph,193.227,2022,13,Hungarian Grand Prix,2022-07-31,hungaroring,ferrari,1
246,4,7,7,6,4,70,Finished,norris,1,NOR,http://en.wikipedia.org/wiki/Lando_Norris,Lando,Norris,1999-11-13,British,mclaren,https://en.wikipedia.org/wiki/McLaren,McLaren,British,6054212.0,+1:18.300,11.0,47.0,1:23.043,kph,189.92,2022,13,Hungarian Grand Prix,2022-07-31,hungaroring,mclaren,1
247,14,8,8,4,6,69,+1 Lap,alonso,14,ALO,http://en.wikipedia.org/wiki/Fernando_Alonso,Fernando,Alonso,1981-07-29,Spanish,alpine,https://en.wikipedia.org/wiki/Alpine_F1_Team,Alpine F1 Team,French,,,18.0,47.0,1:23.979,kph,187.804,2022,13,Hungarian Grand Prix,2022-07-31,hungaroring,alpine,1
248,31,9,9,2,5,69,+1 Lap,ocon,31,OCO,http://en.wikipedia.org/wiki/Esteban_Ocon,Esteban,Ocon,1996-09-17,French,alpine,https://en.wikipedia.org/wiki/Alpine_F1_Team,Alpine F1 Team,French,,,20.0,60.0,1:24.149,kph,187.424,2022,13,Hungarian Grand Prix,2022-07-31,hungaroring,alpine,1
249,5,10,10,1,18,69,+1 Lap,vettel,5,VET,http://en.wikipedia.org/wiki/Sebastian_Vettel,Sebastian,Vettel,1987-07-03,German,aston_martin,https://en.wikipedia.org/wiki/Aston_Martin_in_Formula_One,Aston Martin,British,,,10.0,51.0,1:22.824,kph,190.423,2022,13,Hungarian Grand Prix,2022-07-31,hungaroring,aston_martin,1
250,18,11,11,0,14,69,+1 Lap,stroll,18,STR,http://en.wikipedia.org/wiki/Lance_Stroll,Lance,Stroll,1998-10-29,Canadian,aston_martin,https://en.wikipedia.org/wiki/Aston_Martin_in_Formula_One,Aston Martin,British,,,7.0,51.0,1:22.437,kph,191.317,2022,13,Hungarian Grand Prix,2022-07-31,hungaroring,aston_martin,1
251,10,12,12,0,0,69,+1 Lap,gasly,10,GAS,http://en.wikipedia.org/wiki/Pierre_Gasly,Pierre,Gasly,1996-02-07,French,alphatauri,https://en.wikipedia.org/wiki/Scuderia_AlphaTauri,AlphaTauri,Italian,,,14.0,58.0,1:23.199,kph,189.564,2022,13,Hungarian Grand Prix,2022-07-31,hungaroring,rb,1
252,24,13,13,0,12,69,+1 Lap,zhou,24,ZHO,http://en.wikipedia.org/wiki/Zhou_Guanyu,Guanyu,Zhou,1999-05-30,Chinese,alfa,https://en.wikipedia.org/wiki/Alfa_Romeo_in_Formula_One,Alfa Romeo,Swiss,,,5.0,58.0,1:22.029,kph,192.268,2022,13,Hungarian Grand Prix,2022-07-31,hungaroring,audi,1
253,47,14,14,0,15,69,+1 Lap,mick_schumacher,47,MSC,http://en.wikipedia.org/wiki/Mick_Schumacher,Mick,Schumacher,1999-03-22,German,haas,https://en.wikipedia.org/wiki/Haas_F1_Team,Haas F1 Team,American,,,13.0,50.0,1:23.151,kph,189.674,2022,13,Hungarian Grand Prix,2022-07-31,hungaroring,haas,1
254,3,15,15,0,9,69,+1 Lap,ricciardo,3,RIC,http://en.wikipedia.org/wiki/Daniel_Ricciardo,Daniel,Ricciardo,1989-07-01,Australian,mclaren,https://en.wikipedia.org/wiki/McLaren,McLaren,British,,,17.0,63.0,1:23.654,kph,188.533,2022,13,Hungarian Grand Prix,2022-07-31,hungaroring,mclaren,1
255,20,16,16,0,13,69,+1 Lap,kevin_magnussen,20,MAG,http://en.wikipedia.org/wiki/Kevin_Magnussen,Kevin,Magnussen,1992-10-05,Danish,haas,https://en.wikipedia.org/wiki/Haas_F1_Team,Haas F1 Team,American,,,15.0,37.0,1:23.511,kph,188.856,2022,13,Hungarian Grand Prix,2022-07-31,hungaroring,haas,1
256,23,17,17,0,17,69,+1 Lap,albon,23,ALB,http://en.wikipedia.org/wiki/Alexander_Albon,Alexander,Albon,1996-03-23,Thai,williams,https://en.wikipedia.org/wiki/Williams_Racing,Williams,British,,,12.0,43.0,1:23.047,kph,189.911,2022,13,Hungarian Grand Prix,2022-07-31,hungaroring,williams,1
257,6,18,18,0,19,69,+1 Lap,latifi,6,LAT,http://en.wikipedia.org/wiki/Nicholas_Latifi,Nicholas,Latifi,1995-06-29,Canadian,williams,https://en.wikipedia.org/wiki/Williams_Racing,Williams,British,,,8.0,60.0,1:22.478,kph,191.221,2022,13,Hungarian Grand Prix,2022-07-31,hungaroring,williams,1
258,22,19,19,0,16,68,+2 Laps,tsunoda,22,TSU,http://en.wikipedia.org/wiki/Yuki_Tsunoda,Yuki,Tsunoda,2000-05-11,Japanese,alphatauri,https://en.wikipedia.org/wiki/Scuderia_AlphaTauri,AlphaTauri,Italian,,,16.0,58.0,1:23.538,kph,188.795,2022,13,Hungarian Grand Prix,2022-07-31,hungaroring,rb,1
259,77,20,20,0,8,65,Power Unit,bottas,77,BOT,http://en.wikipedia.org/wiki/Valtteri_Bottas,Valtteri,Bottas,1989-08-28,Finnish,alfa,https://en.wikipedia.org/wiki/Alfa_Romeo_in_Formula_One,Alfa Romeo,Swiss,,,19.0,60.0,1:24.002,kph,187.752,2022,13,Hungarian Grand Prix,2022-07-31,hungaroring,audi,0
260,1,1,1,26,14,44,Finished,max_verstappen,3,VER,http://en.wikipedia.org/wiki/Max_Verstappen,Max,Verstappen,1997-09-30,Dutch,red_bull,https://en.wikipedia.org/wiki/Red_Bull_Racing,Red Bull,Austrian,5152894.0,1:25:52.894,1.0,32.0,1:49.354,kph,230.575,2022,14,Belgian Grand Prix,2022-08-28,spa,red_bull,1
261,11,2,2,18,2,44,Finished,perez,11,PER,http://en.wikipedia.org/wiki/Sergio_P%C3%A9rez,Sergio,Pérez,1990-01-26,Mexican,red_bull,https://en.wikipedia.org/wiki/Red_Bull_Racing,Red Bull,Austrian,5170735.0,+17.841,3.0,29.0,1:50.764,kph,227.64,2022,14,Belgian Grand Prix,2022-08-28,spa,red_bull,1
262,55,3,3,15,1,44,Finished,sainz,55,SAI,http://en.wikipedia.org/wiki/Carlos_Sainz_Jr.,Carlos,Sainz,1994-09-01,Spanish,ferrari,https://en.wikipedia.org/wiki/Scuderia_Ferrari,Ferrari,Italian,5179780.0,+26.886,7.0,32.0,1:51.977,kph,225.174,2022,14,Belgian Grand Prix,2022-08-28,spa,ferrari,1
263,63,4,4,12,5,44,Finished,russell,63,RUS,http://en.wikipedia.org/wiki/George_Russell_(racing_driver),George,Russell,1998-02-15,British,mercedes,https://en.wikipedia.org/wiki/Mercedes-Benz_in_Formula_One,Mercedes,German,5182034.0,+29.140,4.0,31.0,1:50.793,kph,227.581,2022,14,Belgian Grand Prix,2022-08-28,spa,mercedes,1
264,14,5,5,10,3,44,Finished,alonso,14,ALO,http://en.wikipedia.org/wiki/Fernando_Alonso,Fernando,Alonso,1981-07-29,Spanish,alpine,https://en.wikipedia.org/wiki/Alpine_F1_Team,Alpine F1 Team,French,5226150.0,+1:13.256,13.0,35.0,1:52.868,kph,223.397,2022,14,Belgian Grand Prix,2022-08-28,spa,alpine,1
265,16,6,6,8,15,44,Finished,leclerc,16,LEC,http://en.wikipedia.org/wiki/Charles_Leclerc,Charles,Leclerc,1997-10-16,Monegasque,ferrari,https://en.wikipedia.org/wiki/Scuderia_Ferrari,Ferrari,Italian,5227830.0,+1:14.936,2.0,44.0,1:49.984,kph,229.255,2022,14,Belgian Grand Prix,2022-08-28,spa,ferrari,1
266,31,7,7,6,16,44,Finished,ocon,31,OCO,http://en.wikipedia.org/wiki/Esteban_Ocon,Esteban,Ocon,1996-09-17,French,alpine,https://en.wikipedia.org/wiki/Alpine_F1_Team,Alpine F1 Team,French,5228534.0,+1:15.640,6.0,36.0,1:51.717,kph,225.698,2022,14,Belgian Grand Prix,2022-08-28,spa,alpine,1
267,5,8,8,4,10,44,Finished,vettel,5,VET,http://en.wikipedia.org/wiki/Sebastian_Vettel,Sebastian,Vettel,1987-07-03,German,aston_martin,https://en.wikipedia.org/wiki/Aston_Martin_in_Formula_One,Aston Martin,British,5231001.0,+1:18.107,11.0,40.0,1:52.515,kph,224.098,2022,14,Belgian Grand Prix,2022-08-28,spa,aston_martin,1
268,10,9,9,2,0,44,Finished,gasly,10,GAS,http://en.wikipedia.org/wiki/Pierre_Gasly,Pierre,Gasly,1996-02-07,French,alphatauri,https://en.wikipedia.org/wiki/Scuderia_AlphaTauri,AlphaTauri,Italian,5245075.0,+1:32.181,15.0,24.0,1:53.002,kph,223.132,2022,14,Belgian Grand Prix,2022-08-28,spa,rb,1
269,23,10,10,1,6,44,Finished,albon,23,ALB,http://en.wikipedia.org/wiki/Alexander_Albon,Alexander,Albon,1996-03-23,Thai,williams,https://en.wikipedia.org/wiki/Williams_Racing,Williams,British,5254794.0,+1:41.900,16.0,28.0,1:53.055,kph,223.027,2022,14,Belgian Grand Prix,2022-08-28,spa,williams,1
270,18,11,11,0,9,44,Finished,stroll,18,STR,http://en.wikipedia.org/wiki/Lance_Stroll,Lance,Stroll,1998-10-29,Canadian,aston_martin,https://en.wikipedia.org/wiki/Aston_Martin_in_Formula_One,Aston Martin,British,5255972.0,+1:43.078,14.0,29.0,1:52.880,kph,223.373,2022,14,Belgian Grand Prix,2022-08-28,spa,aston_martin,1
271,4,12,12,0,17,44,Finished,norris,1,NOR,http://en.wikipedia.org/wiki/Lando_Norris,Lando,Norris,1999-11-13,British,mclaren,https://en.wikipedia.org/wiki/McLaren,McLaren,British,5257633.0,+1:44.739,5.0,31.0,1:51.678,kph,225.777,2022,14,Belgian Grand Prix,2022-08-28,spa,mclaren,1
272,22,13,13,0,0,44,Finished,tsunoda,22,TSU,http://en.wikipedia.org/wiki/Yuki_Tsunoda,Yuki,Tsunoda,2000-05-11,Japanese,alphatauri,https://en.wikipedia.org/wiki/Scuderia_AlphaTauri,AlphaTauri,Italian,5258111.0,+1:45.217,10.0,32.0,1:52.436,kph,224.255,2022,14,Belgian Grand Prix,2022-08-28,spa,rb,1
273,24,14,14,0,18,44,Finished,zhou,24,ZHO,http://en.wikipedia.org/wiki/Zhou_Guanyu,Guanyu,Zhou,1999-05-30,Chinese,alfa,https://en.wikipedia.org/wiki/Alfa_Romeo_in_Formula_One,Alfa Romeo,Swiss,5259146.0,+1:46.252,9.0,30.0,1:52.317,kph,224.493,2022,14,Belgian Grand Prix,2022-08-28,spa,audi,1
274,3,15,15,0,7,44,Finished,ricciardo,3,RIC,http://en.wikipedia.org/wiki/Daniel_Ricciardo,Daniel,Ricciardo,1989-07-01,Australian,mclaren,https://en.wikipedia.org/wiki/McLaren,McLaren,British,5260057.0,+1:47.163,17.0,34.0,1:53.080,kph,222.978,2022,14,Belgian Grand Prix,2022-08-28,spa,mclaren,1
275,20,16,16,0,12,43,+1 Lap,kevin_magnussen,20,MAG,http://en.wikipedia.org/wiki/Kevin_Magnussen,Kevin,Magnussen,1992-10-05,Danish,haas,https://en.wikipedia.org/wiki/Haas_F1_Team,Haas F1 Team,American,,,18.0,29.0,1:53.332,kph,222.482,2022,14,Belgian Grand Prix,2022-08-28,spa,haas,1
276,47,17,17,0,19,43,+1 Lap,mick_schumacher,47,MSC,http://en.wikipedia.org/wiki/Mick_Schumacher,Mick,Schumacher,1999-03-22,German,haas,https://en.wikipedia.org/wiki/Haas_F1_Team,Haas F1 Team,American,,,12.0,35.0,1:52.646,kph,223.837,2022,14,Belgian Grand Prix,2022-08-28,spa,haas,1
277,6,18,18,0,11,43,+1 Lap,latifi,6,LAT,http://en.wikipedia.org/wiki/Nicholas_Latifi,Nicholas,Latifi,1995-06-29,Canadian,williams,https://en.wikipedia.org/wiki/Williams_Racing,Williams,British,,,8.0,38.0,1:52.256,kph,224.615,2022,14,Belgian Grand Prix,2022-08-28,spa,williams,1
278,77,19,R,0,13,1,Accident,bottas,77,BOT,http://en.wikipedia.org/wiki/Valtteri_Bottas,Valtteri,Bottas,1989-08-28,Finnish,alfa,https://en.wikipedia.org/wiki/Alfa_Romeo_in_Formula_One,Alfa Romeo,Swiss,,,,,,,,2022,14,Belgian Grand Prix,2022-08-28,spa,audi,0
279,44,20,R,0,4,0,Collision damage,hamilton,44,HAM,http://en.wikipedia.org/wiki/Lewis_Hamilton,Lewis,Hamilton,1985-01-07,British,mercedes,https://en.wikipedia.org/wiki/Mercedes-Benz_in_Formula_One,Mercedes,German,,,,,,,,2022,14,Belgian Grand Prix,2022-08-28,spa,mercedes,0
280,1,1,1,26,1,72,Finished,max_verstappen,3,VER,http://en.wikipedia.org/wiki/Max_Verstappen,Max,Verstappen,1997-09-30,Dutch,red_bull,https://en.wikipedia.org/wiki/Red_Bull_Racing,Red Bull,Austrian,5802773.0,1:36:42.773,1.0,62.0,1:13.652,kph,208.173,2022,15,Dutch Grand Prix,2022-09-04,zandvoort,red_bull,1
281,63,2,2,18,6,72,Finished,russell,63,RUS,http://en.wikipedia.org/wiki/George_Russell_(racing_driver),George,Russell,1998-02-15,British,mercedes,https://en.wikipedia.org/wiki/Mercedes-Benz_in_Formula_One,Mercedes,German,5806844.0,+4.071,2.0,72.0,1:13.671,kph,208.119,2022,15,Dutch Grand Prix,2022-09-04,zandvoort,mercedes,1
282,16,3,3,15,2,72,Finished,leclerc,16,LEC,http://en.wikipedia.org/wiki/Charles_Leclerc,Charles,Leclerc,1997-10-16,Monegasque,ferrari,https://en.wikipedia.org/wiki/Scuderia_Ferrari,Ferrari,Italian,5813702.0,+10.929,6.0,62.0,1:14.413,kph,206.044,2022,15,Dutch Grand Prix,2022-09-04,zandvoort,ferrari,1
283,44,4,4,12,4,72,Finished,hamilton,44,HAM,http://en.wikipedia.org/wiki/Lewis_Hamilton,Lewis,Hamilton,1985-01-07,British,mercedes,https://en.wikipedia.org/wiki/Mercedes-Benz_in_Formula_One,Mercedes,German,5815789.0,+13.016,3.0,54.0,1:13.854,kph,207.604,2022,15,Dutch Grand Prix,2022-09-04,zandvoort,mercedes,1
284,11,5,5,10,5,72,Finished,perez,11,PER,http://en.wikipedia.org/wiki/Sergio_P%C3%A9rez,Sergio,Pérez,1990-01-26,Mexican,red_bull,https://en.wikipedia.org/wiki/Red_Bull_Racing,Red Bull,Austrian,5820941.0,+18.168,5.0,63.0,1:14.404,kph,206.069,2022,15,Dutch Grand Prix,2022-09-04,zandvoort,red_bull,1
285,14,6,6,8,13,72,Finished,alonso,14,ALO,http://en.wikipedia.org/wiki/Fernando_Alonso,Fernando,Alonso,1981-07-29,Spanish,alpine,https://en.wikipedia.org/wiki/Alpine_F1_Team,Alpine F1 Team,French,5821527.0,+18.754,4.0,51.0,1:14.144,kph,206.792,2022,15,Dutch Grand Prix,2022-09-04,zandvoort,alpine,1
286,4,7,7,6,7,72,Finished,norris,1,NOR,http://en.wikipedia.org/wiki/Lando_Norris,Lando,Norris,1999-11-13,British,mclaren,https://en.wikipedia.org/wiki/McLaren,McLaren,British,5822079.0,+19.306,8.0,63.0,1:14.706,kph,205.236,2022,15,Dutch Grand Prix,2022-09-04,zandvoort,mclaren,1
287,55,8,8,4,3,72,Finished,sainz,55,SAI,http://en.wikipedia.org/wiki/Carlos_Sainz_Jr.,Carlos,Sainz,1994-09-01,Spanish,ferrari,https://en.wikipedia.org/wiki/Scuderia_Ferrari,Ferrari,Italian,5823689.0,+20.916,7.0,63.0,1:14.643,kph,205.409,2022,15,Dutch Grand Prix,2022-09-04,zandvoort,ferrari,1
288,31,9,9,2,12,72,Finished,ocon,31,OCO,http://en.wikipedia.org/wiki/Esteban_Ocon,Esteban,Ocon,1996-09-17,French,alpine,https://en.wikipedia.org/wiki/Alpine_F1_Team,Alpine F1 Team,French,5823890.0,+21.117,11.0,64.0,1:15.084,kph,204.203,2022,15,Dutch Grand Prix,2022-09-04,zandvoort,alpine,1
289,18,10,10,1,10,72,Finished,stroll,18,STR,http://en.wikipedia.org/wiki/Lance_Stroll,Lance,Stroll,1998-10-29,Canadian,aston_martin,https://en.wikipedia.org/wiki/Aston_Martin_in_Formula_One,Aston Martin,British,5825232.0,+22.459,10.0,65.0,1:15.043,kph,204.314,2022,15,Dutch Grand Prix,2022-09-04,zandvoort,aston_martin,1
290,10,11,11,0,11,72,Finished,gasly,10,GAS,http://en.wikipedia.org/wiki/Pierre_Gasly,Pierre,Gasly,1996-02-07,French,alphatauri,https://en.wikipedia.org/wiki/Scuderia_AlphaTauri,AlphaTauri,Italian,5829782.0,+27.009,12.0,65.0,1:15.165,kph,203.983,2022,15,Dutch Grand Prix,2022-09-04,zandvoort,rb,1
291,23,12,12,0,15,72,Finished,albon,23,ALB,http://en.wikipedia.org/wiki/Alexander_Albon,Alexander,Albon,1996-03-23,Thai,williams,https://en.wikipedia.org/wiki/Williams_Racing,Williams,British,5833163.0,+30.390,15.0,65.0,1:15.534,kph,202.986,2022,15,Dutch Grand Prix,2022-09-04,zandvoort,williams,1
292,47,13,13,0,8,72,Finished,mick_schumacher,47,MSC,http://en.wikipedia.org/wiki/Mick_Schumacher,Mick,Schumacher,1999-03-22,German,haas,https://en.wikipedia.org/wiki/Haas_F1_Team,Haas F1 Team,American,5835768.0,+32.995,13.0,51.0,1:15.233,kph,203.798,2022,15,Dutch Grand Prix,2022-09-04,zandvoort,haas,1
293,5,14,14,0,19,72,Finished,vettel,5,VET,http://en.wikipedia.org/wiki/Sebastian_Vettel,Sebastian,Vettel,1987-07-03,German,aston_martin,https://en.wikipedia.org/wiki/Aston_Martin_in_Formula_One,Aston Martin,British,5838780.0,+36.007,9.0,50.0,1:14.862,kph,204.808,2022,15,Dutch Grand Prix,2022-09-04,zandvoort,aston_martin,1
294,20,15,15,0,18,72,Finished,kevin_magnussen,20,MAG,http://en.wikipedia.org/wiki/Kevin_Magnussen,Kevin,Magnussen,1992-10-05,Danish,haas,https://en.wikipedia.org/wiki/Haas_F1_Team,Haas F1 Team,American,5839642.0,+36.869,14.0,53.0,1:15.369,kph,203.431,2022,15,Dutch Grand Prix,2022-09-04,zandvoort,haas,1
295,24,16,16,0,14,72,Finished,zhou,24,ZHO,http://en.wikipedia.org/wiki/Zhou_Guanyu,Guanyu,Zhou,1999-05-30,Chinese,alfa,https://en.wikipedia.org/wiki/Alfa_Romeo_in_Formula_One,Alfa Romeo,Swiss,5840093.0,+37.320,17.0,63.0,1:15.940,kph,201.901,2022,15,Dutch Grand Prix,2022-09-04,zandvoort,audi,1
296,3,17,17,0,17,72,Finished,ricciardo,3,RIC,http://en.wikipedia.org/wiki/Daniel_Ricciardo,Daniel,Ricciardo,1989-07-01,Australian,mclaren,https://en.wikipedia.org/wiki/McLaren,McLaren,British,5840537.0,+37.764,16.0,52.0,1:15.577,kph,202.871,2022,15,Dutch Grand Prix,2022-09-04,zandvoort,mclaren,1
297,6,18,18,0,20,71,+1 Lap,latifi,6,LAT,http://en.wikipedia.org/wiki/Nicholas_Latifi,Nicholas,Latifi,1995-06-29,Canadian,williams,https://en.wikipedia.org/wiki/Williams_Racing,Williams,British,,,18.0,62.0,1:16.066,kph,201.567,2022,15,Dutch Grand Prix,2022-09-04,zandvoort,williams,1
298,77,19,R,0,16,53,Engine,bottas,77,BOT,http://en.wikipedia.org/wiki/Valtteri_Bottas,Valtteri,Bottas,1989-08-28,Finnish,alfa,https://en.wikipedia.org/wiki/Alfa_Romeo_in_Formula_One,Alfa Romeo,Swiss,,,19.0,51.0,1:16.844,kph,199.526,2022,15,Dutch Grand Prix,2022-09-04,zandvoort,audi,0
299,22,20,R,0,9,43,Differential,tsunoda,22,TSU,http://en.wikipedia.org/wiki/Yuki_Tsunoda,Yuki,Tsunoda,2000-05-11,Japanese,alphatauri,https://en.wikipedia.org/wiki/Scuderia_AlphaTauri,AlphaTauri,Italian,,,20.0,16.0,1:17.138,kph,198.765,2022,15,Dutch Grand Prix,2022-09-04,zandvoort,rb,0
300,1,1,1,25,7,53,Finished,max_verstappen,3,VER,http://en.wikipedia.org/wiki/Max_Verstappen,Max,Verstappen,1997-09-30,Dutch,red_bull,https://en.wikipedia.org/wiki/Red_Bull_Racing,Red Bull,Austrian,4827511.0,1:20:27.511,6.0,38.0,1:24.745,kph,246.088,2022,16,Italian Grand Prix,2022-09-11,monza,red_bull,1
301,16,2,2,18,1,53,Finished,leclerc,16,LEC,http://en.wikipedia.org/wiki/Charles_Leclerc,Charles,Leclerc,1997-10-16,Monegasque,ferrari,https://en.wikipedia.org/wiki/Scuderia_Ferrari,Ferrari,Italian,4829957.0,+2.446,2.0,38.0,1:24.336,kph,247.282,2022,16,Italian Grand Prix,2022-09-11,monza,ferrari,1
302,63,3,3,15,2,53,Finished,russell,63,RUS,http://en.wikipedia.org/wiki/George_Russell_(racing_driver),George,Russell,1998-02-15,British,mercedes,https://en.wikipedia.org/wiki/Mercedes-Benz_in_Formula_One,Mercedes,German,4830916.0,+3.405,7.0,40.0,1:25.288,kph,244.522,2022,16,Italian Grand Prix,2022-09-11,monza,mercedes,1
303,55,4,4,12,18,53,Finished,sainz,55,SAI,http://en.wikipedia.org/wiki/Carlos_Sainz_Jr.,Carlos,Sainz,1994-09-01,Spanish,ferrari,https://en.wikipedia.org/wiki/Scuderia_Ferrari,Ferrari,Italian,4832572.0,+5.061,4.0,41.0,1:24.446,kph,246.96,2022,16,Italian Grand Prix,2022-09-11,monza,ferrari,1
304,44,5,5,10,19,53,Finished,hamilton,44,HAM,http://en.wikipedia.org/wiki/Lewis_Hamilton,Lewis,Hamilton,1985-01-07,British,mercedes,https://en.wikipedia.org/wiki/Mercedes-Benz_in_Formula_One,Mercedes,German,4832891.0,+5.380,3.0,43.0,1:24.434,kph,246.995,2022,16,Italian Grand Prix,2022-09-11,monza,mercedes,1
305,11,6,6,9,13,53,Finished,perez,11,PER,http://en.wikipedia.org/wiki/Sergio_P%C3%A9rez,Sergio,Pérez,1990-01-26,Mexican,red_bull,https://en.wikipedia.org/wiki/Red_Bull_Racing,Red Bull,Austrian,4833602.0,+6.091,1.0,46.0,1:24.030,kph,248.182,2022,16,Italian Grand Prix,2022-09-11,monza,red_bull,1
306,4,7,7,6,3,53,Finished,norris,1,NOR,http://en.wikipedia.org/wiki/Lando_Norris,Lando,Norris,1999-11-13,British,mclaren,https://en.wikipedia.org/wiki/McLaren,McLaren,British,4833718.0,+6.207,5.0,43.0,1:24.718,kph,246.167,2022,16,Italian Grand Prix,2022-09-11,monza,mclaren,1
307,10,8,8,4,5,53,Finished,gasly,10,GAS,http://en.wikipedia.org/wiki/Pierre_Gasly,Pierre,Gasly,1996-02-07,French,alphatauri,https://en.wikipedia.org/wiki/Scuderia_AlphaTauri,AlphaTauri,Italian,4833907.0,+6.396,14.0,30.0,1:26.718,kph,240.489,2022,16,Italian Grand Prix,2022-09-11,monza,rb,1
308,45,9,9,2,8,53,Finished,de_vries,21,DEV,http://en.wikipedia.org/wiki/Nyck_de_Vries,Nyck,de Vries,1995-02-06,Dutch,williams,https://en.wikipedia.org/wiki/Williams_Racing,Williams,British,4834633.0,+7.122,13.0,41.0,1:26.624,kph,240.75,2022,16,Italian Grand Prix,2022-09-11,monza,williams,1
309,24,10,10,1,9,53,Finished,zhou,24,ZHO,http://en.wikipedia.org/wiki/Zhou_Guanyu,Guanyu,Zhou,1999-05-30,Chinese,alfa,https://en.wikipedia.org/wiki/Alfa_Romeo_in_Formula_One,Alfa Romeo,Swiss,4835421.0,+7.910,10.0,41.0,1:26.361,kph,241.484,2022,16,Italian Grand Prix,2022-09-11,monza,audi,1
310,31,11,11,0,14,53,Finished,ocon,31,OCO,http://en.wikipedia.org/wiki/Esteban_Ocon,Esteban,Ocon,1996-09-17,French,alpine,https://en.wikipedia.org/wiki/Alpine_F1_Team,Alpine F1 Team,French,4835834.0,+8.323,11.0,37.0,1:26.593,kph,240.837,2022,16,Italian Grand Prix,2022-09-11,monza,alpine,1
311,47,12,12,0,17,53,Finished,mick_schumacher,47,MSC,http://en.wikipedia.org/wiki/Mick_Schumacher,Mick,Schumacher,1999-03-22,German,haas,https://en.wikipedia.org/wiki/Haas_F1_Team,Haas F1 Team,American,4836060.0,+8.549,8.0,43.0,1:25.298,kph,244.493,2022,16,Italian Grand Prix,2022-09-11,monza,haas,1
312,77,13,13,0,15,52,+1 Lap,bottas,77,BOT,http://en.wikipedia.org/wiki/Valtteri_Bottas,Valtteri,Bottas,1989-08-28,Finnish,alfa,https://en.wikipedia.org/wiki/Alfa_Romeo_in_Formula_One,Alfa Romeo,Swiss,,,9.0,45.0,1:25.706,kph,243.329,2022,16,Italian Grand Prix,2022-09-11,monza,audi,1
313,22,14,14,0,20,52,+1 Lap,tsunoda,22,TSU,http://en.wikipedia.org/wiki/Yuki_Tsunoda,Yuki,Tsunoda,2000-05-11,Japanese,alphatauri,https://en.wikipedia.org/wiki/Scuderia_AlphaTauri,AlphaTauri,Italian,,,17.0,43.0,1:26.857,kph,240.105,2022,16,Italian Grand Prix,2022-09-11,monza,rb,1
314,6,15,15,0,10,52,+1 Lap,latifi,6,LAT,http://en.wikipedia.org/wiki/Nicholas_Latifi,Nicholas,Latifi,1995-06-29,Canadian,williams,https://en.wikipedia.org/wiki/Williams_Racing,Williams,British,,,15.0,17.0,1:26.798,kph,240.268,2022,16,Italian Grand Prix,2022-09-11,monza,williams,1
315,20,16,16,0,16,52,+1 Lap,kevin_magnussen,20,MAG,http://en.wikipedia.org/wiki/Kevin_Magnussen,Kevin,Magnussen,1992-10-05,Danish,haas,https://en.wikipedia.org/wiki/Haas_F1_Team,Haas F1 Team,American,,,16.0,37.0,1:26.798,kph,240.268,2022,16,Italian Grand Prix,2022-09-11,monza,haas,1
316,3,17,R,0,4,45,Oil leak,ricciardo,3,RIC,http://en.wikipedia.org/wiki/Daniel_Ricciardo,Daniel,Ricciardo,1989-07-01,Australian,mclaren,https://en.wikipedia.org/wiki/McLaren,McLaren,British,,,12.0,39.0,1:26.603,kph,240.809,2022,16,Italian Grand Prix,2022-09-11,monza,mclaren,0
317,18,18,R,0,12,39,Engine,stroll,18,STR,http://en.wikipedia.org/wiki/Lance_Stroll,Lance,Stroll,1998-10-29,Canadian,aston_martin,https://en.wikipedia.org/wiki/Aston_Martin_in_Formula_One,Aston Martin,British,,,19.0,34.0,1:27.467,kph,238.43,2022,16,Italian Grand Prix,2022-09-11,monza,aston_martin,0
318,14,19,R,0,6,31,Water pressure,alonso,14,ALO,http://en.wikipedia.org/wiki/Fernando_Alonso,Fernando,Alonso,1981-07-29,Spanish,alpine,https://en.wikipedia.org/wiki/Alpine_F1_Team,Alpine F1 Team,French,,,18.0,7.0,1:27.203,kph,239.152,2022,16,Italian Grand Prix,2022-09-11,monza,alpine,0
319,5,20,R,0,11,10,Engine,vettel,5,VET,http://en.wikipedia.org/wiki/Sebastian_Vettel,Sebastian,Vettel,1987-07-03,German,aston_martin,https://en.wikipedia.org/wiki/Aston_Martin_in_Formula_One,Aston Martin,British,,,20.0,4.0,1:27.501,kph,238.337,2022,16,Italian Grand Prix,2022-09-11,monza,aston_martin,0
320,11,1,1,25,2,59,Finished,perez,11,PER,http://en.wikipedia.org/wiki/Sergio_P%C3%A9rez,Sergio,Pérez,1990-01-26,Mexican,red_bull,https://en.wikipedia.org/wiki/Red_Bull_Racing,Red Bull,Austrian,7340238.0,2:02:20.238,2.0,57.0,1:48.165,kph,168.509,2022,17,Singapore Grand Prix,2022-10-02,marina_bay,red_bull,1
321,16,2,2,18,1,59,Finished,leclerc,16,LEC,http://en.wikipedia.org/wiki/Charles_Leclerc,Charles,Leclerc,1997-10-16,Monegasque,ferrari,https://en.wikipedia.org/wiki/Scuderia_Ferrari,Ferrari,Italian,7342833.0,+2.595,4.0,54.0,1:48.753,kph,167.598,2022,17,Singapore Grand Prix,2022-10-02,marina_bay,ferrari,1
322,55,3,3,15,4,59,Finished,sainz,55,SAI,http://en.wikipedia.org/wiki/Carlos_Sainz_Jr.,Carlos,Sainz,1994-09-01,Spanish,ferrari,https://en.wikipedia.org/wiki/Scuderia_Ferrari,Ferrari,Italian,7350543.0,+10.305,3.0,59.0,1:48.414,kph,168.122,2022,17,Singapore Grand Prix,2022-10-02,marina_bay,ferrari,1
323,4,4,4,12,6,59,Finished,norris,1,NOR,http://en.wikipedia.org/wiki/Lando_Norris,Lando,Norris,1999-11-13,British,mclaren,https://en.wikipedia.org/wiki/McLaren,McLaren,British,7361371.0,+21.133,6.0,56.0,1:49.212,kph,166.893,2022,17,Singapore Grand Prix,2022-10-02,marina_bay,mclaren,1
324,3,5,5,10,16,59,Finished,ricciardo,3,RIC,http://en.wikipedia.org/wiki/Daniel_Ricciardo,Daniel,Ricciardo,1989-07-01,Australian,mclaren,https://en.wikipedia.org/wiki/McLaren,McLaren,British,7393520.0,+53.282,12.0,57.0,1:51.006,kph,164.196,2022,17,Singapore Grand Prix,2022-10-02,marina_bay,mclaren,1
325,18,6,6,8,11,59,Finished,stroll,18,STR,http://en.wikipedia.org/wiki/Lance_Stroll,Lance,Stroll,1998-10-29,Canadian,aston_martin,https://en.wikipedia.org/wiki/Aston_Martin_in_Formula_One,Aston Martin,British,7396568.0,+56.330,7.0,58.0,1:50.283,kph,165.272,2022,17,Singapore Grand Prix,2022-10-02,marina_bay,aston_martin,1
326,1,7,7,6,8,59,Finished,max_verstappen,3,VER,http://en.wikipedia.org/wiki/Max_Verstappen,Max,Verstappen,1997-09-30,Dutch,red_bull,https://en.wikipedia.org/wiki/Red_Bull_Racing,Red Bull,Austrian,7399063.0,+58.825,5.0,52.0,1:49.142,kph,167.0,2022,17,Singapore Grand Prix,2022-10-02,marina_bay,red_bull,1
327,5,8,8,4,13,59,Finished,vettel,5,VET,http://en.wikipedia.org/wiki/Sebastian_Vettel,Sebastian,Vettel,1987-07-03,German,aston_martin,https://en.wikipedia.org/wiki/Aston_Martin_in_Formula_One,Aston Martin,British,7400270.0,+1:00.032,11.0,58.0,1:50.669,kph,164.696,2022,17,Singapore Grand Prix,2022-10-02,marina_bay,aston_martin,1
328,44,9,9,2,3,59,Finished,hamilton,44,HAM,http://en.wikipedia.org/wiki/Lewis_Hamilton,Lewis,Hamilton,1985-01-07,British,mercedes,https://en.wikipedia.org/wiki/Mercedes-Benz_in_Formula_One,Mercedes,German,7401753.0,+1:01.515,10.0,58.0,1:50.622,kph,164.766,2022,17,Singapore Grand Prix,2022-10-02,marina_bay,mercedes,1
329,10,10,10,1,7,59,Finished,gasly,10,GAS,http://en.wikipedia.org/wiki/Pierre_Gasly,Pierre,Gasly,1996-02-07,French,alphatauri,https://en.wikipedia.org/wiki/Scuderia_AlphaTauri,AlphaTauri,Italian,7409814.0,+1:09.576,9.0,56.0,1:50.569,kph,164.845,2022,17,Singapore Grand Prix,2022-10-02,marina_bay,rb,1
330,77,11,11,0,15,59,Finished,bottas,77,BOT,http://en.wikipedia.org/wiki/Valtteri_Bottas,Valtteri,Bottas,1989-08-28,Finnish,alfa,https://en.wikipedia.org/wiki/Alfa_Romeo_in_Formula_One,Alfa Romeo,Swiss,7429082.0,+1:28.844,13.0,52.0,1:51.864,kph,162.937,2022,17,Singapore Grand Prix,2022-10-02,marina_bay,audi,1
331,20,12,12,0,9,59,Finished,kevin_magnussen,20,MAG,http://en.wikipedia.org/wiki/Kevin_Magnussen,Kevin,Magnussen,1992-10-05,Danish,haas,https://en.wikipedia.org/wiki/Haas_F1_Team,Haas F1 Team,American,7432848.0,+1:32.610,14.0,59.0,1:52.067,kph,162.641,2022,17,Singapore Grand Prix,2022-10-02,marina_bay,haas,1
332,47,13,13,0,12,58,+1 Lap,mick_schumacher,47,MSC,http://en.wikipedia.org/wiki/Mick_Schumacher,Mick,Schumacher,1999-03-22,German,haas,https://en.wikipedia.org/wiki/Haas_F1_Team,Haas F1 Team,American,,,8.0,58.0,1:50.290,kph,165.262,2022,17,Singapore Grand Prix,2022-10-02,marina_bay,haas,1
333,63,14,14,0,0,57,+2 Laps,russell,63,RUS,http://en.wikipedia.org/wiki/George_Russell_(racing_driver),George,Russell,1998-02-15,British,mercedes,https://en.wikipedia.org/wiki/Mercedes-Benz_in_Formula_One,Mercedes,German,,,1.0,54.0,1:46.458,kph,171.211,2022,17,Singapore Grand Prix,2022-10-02,marina_bay,mercedes,1
334,22,15,R,0,10,34,Accident,tsunoda,22,TSU,http://en.wikipedia.org/wiki/Yuki_Tsunoda,Yuki,Tsunoda,2000-05-11,Japanese,alphatauri,https://en.wikipedia.org/wiki/Scuderia_AlphaTauri,AlphaTauri,Italian,,,15.0,32.0,1:58.716,kph,153.532,2022,17,Singapore Grand Prix,2022-10-02,marina_bay,rb,0
335,31,16,R,0,17,26,Engine,ocon,31,OCO,http://en.wikipedia.org/wiki/Esteban_Ocon,Esteban,Ocon,1996-09-17,French,alpine,https://en.wikipedia.org/wiki/Alpine_F1_Team,Alpine F1 Team,French,,,17.0,24.0,2:01.105,kph,150.504,2022,17,Singapore Grand Prix,2022-10-02,marina_bay,alpine,0
336,23,17,R,0,18,25,Collision damage,albon,23,ALB,http://en.wikipedia.org/wiki/Alexander_Albon,Alexander,Albon,1996-03-23,Thai,williams,https://en.wikipedia.org/wiki/Williams_Racing,Williams,British,,,18.0,24.0,2:02.121,kph,149.251,2022,17,Singapore Grand Prix,2022-10-02,marina_bay,williams,0
337,14,18,R,0,5,20,Engine,alonso,14,ALO,http://en.wikipedia.org/wiki/Fernando_Alonso,Fernando,Alonso,1981-07-29,Spanish,alpine,https://en.wikipedia.org/wiki/Alpine_F1_Team,Alpine F1 Team,French,,,16.0,19.0,2:00.463,kph,151.306,2022,17,Singapore Grand Prix,2022-10-02,marina_bay,alpine,0
338,6,19,R,0,19,7,Collision damage,latifi,6,LAT,http://en.wikipedia.org/wiki/Nicholas_Latifi,Nicholas,Latifi,1995-06-29,Canadian,williams,https://en.wikipedia.org/wiki/Williams_Racing,Williams,British,,,20.0,5.0,2:05.585,kph,145.135,2022,17,Singapore Grand Prix,2022-10-02,marina_bay,williams,0
339,24,20,R,0,14,6,Collision,zhou,24,ZHO,http://en.wikipedia.org/wiki/Zhou_Guanyu,Guanyu,Zhou,1999-05-30,Chinese,alfa,https://en.wikipedia.org/wiki/Alfa_Romeo_in_Formula_One,Alfa Romeo,Swiss,,,19.0,5.0,2:05.556,kph,145.168,2022,17,Singapore Grand Prix,2022-10-02,marina_bay,audi,0
340,1,1,1,25,1,28,Finished,max_verstappen,3,VER,http://en.wikipedia.org/wiki/Max_Verstappen,Max,Verstappen,1997-09-30,Dutch,red_bull,https://en.wikipedia.org/wiki/Red_Bull_Racing,Red Bull,Austrian,10904004.0,3:01:44.004,4.0,10.0,1:44.911,kph,199.266,2022,18,Japanese Grand Prix,2022-10-09,suzuka,red_bull,1
341,11,2,2,18,4,28,Finished,perez,11,PER,http://en.wikipedia.org/wiki/Sergio_P%C3%A9rez,Sergio,Pérez,1990-01-26,Mexican,red_bull,https://en.wikipedia.org/wiki/Red_Bull_Racing,Red Bull,Austrian,10931070.0,+27.066,9.0,11.0,1:46.120,kph,196.995,2022,18,Japanese Grand Prix,2022-10-09,suzuka,red_bull,1
342,16,3,3,15,2,28,Finished,leclerc,16,LEC,http://en.wikipedia.org/wiki/Charles_Leclerc,Charles,Leclerc,1997-10-16,Monegasque,ferrari,https://en.wikipedia.org/wiki/Scuderia_Ferrari,Ferrari,Italian,10935767.0,+31.763,3.0,10.0,1:44.489,kph,200.07,2022,18,Japanese Grand Prix,2022-10-09,suzuka,ferrari,1
343,31,4,4,12,5,28,Finished,ocon,31,OCO,http://en.wikipedia.org/wiki/Esteban_Ocon,Esteban,Ocon,1996-09-17,French,alpine,https://en.wikipedia.org/wiki/Alpine_F1_Team,Alpine F1 Team,French,10943689.0,+39.685,11.0,11.0,1:46.559,kph,196.184,2022,18,Japanese Grand Prix,2022-10-09,suzuka,alpine,1
344,44,5,5,10,6,28,Finished,hamilton,44,HAM,http://en.wikipedia.org/wiki/Lewis_Hamilton,Lewis,Hamilton,1985-01-07,British,mercedes,https://en.wikipedia.org/wiki/Mercedes-Benz_in_Formula_One,Mercedes,German,10944330.0,+40.326,7.0,11.0,1:45.530,kph,198.097,2022,18,Japanese Grand Prix,2022-10-09,suzuka,mercedes,1
345,5,6,6,8,9,28,Finished,vettel,5,VET,http://en.wikipedia.org/wiki/Sebastian_Vettel,Sebastian,Vettel,1987-07-03,German,aston_martin,https://en.wikipedia.org/wiki/Aston_Martin_in_Formula_One,Aston Martin,British,10950362.0,+46.358,12.0,13.0,1:46.964,kph,195.441,2022,18,Japanese Grand Prix,2022-10-09,suzuka,aston_martin,1
346,14,7,7,6,7,28,Finished,alonso,14,ALO,http://en.wikipedia.org/wiki/Fernando_Alonso,Fernando,Alonso,1981-07-29,Spanish,alpine,https://en.wikipedia.org/wiki/Alpine_F1_Team,Alpine F1 Team,French,10950373.0,+46.369,2.0,25.0,1:44.412,kph,200.218,2022,18,Japanese Grand Prix,2022-10-09,suzuka,alpine,1
347,63,8,8,4,8,28,Finished,russell,63,RUS,http://en.wikipedia.org/wiki/George_Russell_(racing_driver),George,Russell,1998-02-15,British,mercedes,https://en.wikipedia.org/wiki/Mercedes-Benz_in_Formula_One,Mercedes,German,10951665.0,+47.661,13.0,21.0,1:47.004,kph,195.368,2022,18,Japanese Grand Prix,2022-10-09,suzuka,mercedes,1
348,6,9,9,2,20,28,Finished,latifi,6,LAT,http://en.wikipedia.org/wiki/Nicholas_Latifi,Nicholas,Latifi,1995-06-29,Canadian,williams,https://en.wikipedia.org/wiki/Williams_Racing,Williams,British,10974147.0,+1:10.143,18.0,12.0,1:48.371,kph,192.904,2022,18,Japanese Grand Prix,2022-10-09,suzuka,williams,1
349,4,10,10,1,10,28,Finished,norris,1,NOR,http://en.wikipedia.org/wiki/Lando_Norris,Lando,Norris,1999-11-13,British,mclaren,https://en.wikipedia.org/wiki/McLaren,McLaren,British,10974786.0,+1:10.782,17.0,8.0,1:48.175,kph,193.253,2022,18,Japanese Grand Prix,2022-10-09,suzuka,mclaren,1
350,3,11,11,0,11,28,Finished,ricciardo,3,RIC,http://en.wikipedia.org/wiki/Daniel_Ricciardo,Daniel,Ricciardo,1989-07-01,Australian,mclaren,https://en.wikipedia.org/wiki/McLaren,McLaren,British,10976881.0,+1:12.877,15.0,11.0,1:47.843,kph,193.848,2022,18,Japanese Grand Prix,2022-10-09,suzuka,mclaren,1
351,18,12,12,0,19,28,Finished,stroll,18,STR,http://en.wikipedia.org/wiki/Lance_Stroll,Lance,Stroll,1998-10-29,Canadian,aston_martin,https://en.wikipedia.org/wiki/Aston_Martin_in_Formula_One,Aston Martin,British,10977908.0,+1:13.904,5.0,21.0,1:45.205,kph,198.709,2022,18,Japanese Grand Prix,2022-10-09,suzuka,aston_martin,1
352,22,13,13,0,13,28,Finished,tsunoda,22,TSU,http://en.wikipedia.org/wiki/Yuki_Tsunoda,Yuki,Tsunoda,2000-05-11,Japanese,alphatauri,https://en.wikipedia.org/wiki/Scuderia_AlphaTauri,AlphaTauri,Italian,10979603.0,+1:15.599,8.0,22.0,1:45.893,kph,197.418,2022,18,Japanese Grand Prix,2022-10-09,suzuka,rb,1
353,20,14,14,0,18,28,Finished,kevin_magnussen,20,MAG,http://en.wikipedia.org/wiki/Kevin_Magnussen,Kevin,Magnussen,1992-10-05,Danish,haas,https://en.wikipedia.org/wiki/Haas_F1_Team,Haas F1 Team,American,10990020.0,+1:26.016,16.0,10.0,1:48.072,kph,193.437,2022,18,Japanese Grand Prix,2022-10-09,suzuka,haas,1
354,77,15,15,0,12,28,Finished,bottas,77,BOT,http://en.wikipedia.org/wiki/Valtteri_Bottas,Valtteri,Bottas,1989-08-28,Finnish,alfa,https://en.wikipedia.org/wiki/Alfa_Romeo_in_Formula_One,Alfa Romeo,Swiss,10990500.0,+1:26.496,14.0,11.0,1:47.820,kph,193.889,2022,18,Japanese Grand Prix,2022-10-09,suzuka,audi,1
355,24,16,16,0,14,28,Finished,zhou,24,ZHO,http://en.wikipedia.org/wiki/Zhou_Guanyu,Guanyu,Zhou,1999-05-30,Chinese,alfa,https://en.wikipedia.org/wiki/Alfa_Romeo_in_Formula_One,Alfa Romeo,Swiss,10991047.0,+1:27.043,1.0,20.0,1:44.411,kph,200.22,2022,18,Japanese Grand Prix,2022-10-09,suzuka,audi,1
356,47,17,17,0,15,28,Finished,mick_schumacher,47,MSC,http://en.wikipedia.org/wiki/Mick_Schumacher,Mick,Schumacher,1999-03-22,German,haas,https://en.wikipedia.org/wiki/Haas_F1_Team,Haas F1 Team,American,10996527.0,+1:32.523,6.0,22.0,1:45.387,kph,198.366,2022,18,Japanese Grand Prix,2022-10-09,suzuka,haas,1
357,10,18,18,0,17,28,Finished,gasly,10,GAS,http://en.wikipedia.org/wiki/Pierre_Gasly,Pierre,Gasly,1996-02-07,French,alphatauri,https://en.wikipedia.org/wiki/Scuderia_AlphaTauri,AlphaTauri,Italian,11012095.0,+1:48.091,10.0,13.0,1:46.545,kph,196.21,2022,18,Japanese Grand Prix,2022-10-09,suzuka,rb,1
358,55,19,R,0,3,0,Accident,sainz,55,SAI,http://en.wikipedia.org/wiki/Carlos_Sainz_Jr.,Carlos,Sainz,1994-09-01,Spanish,ferrari,https://en.wikipedia.org/wiki/Scuderia_Ferrari,Ferrari,Italian,,,,,,,,2022,18,Japanese Grand Prix,2022-10-09,suzuka,ferrari,0
359,23,20,R,0,16,0,Hydraulics,albon,23,ALB,http://en.wikipedia.org/wiki/Alexander_Albon,Alexander,Albon,1996-03-23,Thai,williams,https://en.wikipedia.org/wiki/Williams_Racing,Williams,British,,,,,,,,2022,18,Japanese Grand Prix,2022-10-09,suzuka,williams,0
360,1,1,1,25,2,56,Finished,max_verstappen,3,VER,http://en.wikipedia.org/wiki/Max_Verstappen,Max,Verstappen,1997-09-30,Dutch,red_bull,https://en.wikipedia.org/wiki/Red_Bull_Racing,Red Bull,Austrian,6131687.0,1:42:11.687,2.0,37.0,1:39.541,kph,199.383,2022,19,United States Grand Prix,2022-10-23,americas,red_bull,1
361,44,2,2,18,3,56,Finished,hamilton,44,HAM,http://en.wikipedia.org/wiki/Lewis_Hamilton,Lewis,Hamilton,1985-01-07,British,mercedes,https://en.wikipedia.org/wiki/Mercedes-Benz_in_Formula_One,Mercedes,German,6136710.0,+5.023,5.0,45.0,1:39.830,kph,198.805,2022,19,United States Grand Prix,2022-10-23,americas,mercedes,1
362,16,3,3,15,12,56,Finished,leclerc,16,LEC,http://en.wikipedia.org/wiki/Charles_Leclerc,Charles,Leclerc,1997-10-16,Monegasque,ferrari,https://en.wikipedia.org/wiki/Scuderia_Ferrari,Ferrari,Italian,6139188.0,+7.501,4.0,37.0,1:39.731,kph,199.003,2022,19,United States Grand Prix,2022-10-23,americas,ferrari,1
363,11,4,4,12,9,56,Finished,perez,11,PER,http://en.wikipedia.org/wiki/Sergio_P%C3%A9rez,Sergio,Pérez,1990-01-26,Mexican,red_bull,https://en.wikipedia.org/wiki/Red_Bull_Racing,Red Bull,Austrian,6139980.0,+8.293,3.0,44.0,1:39.563,kph,199.339,2022,19,United States Grand Prix,2022-10-23,americas,red_bull,1
364,63,5,5,11,4,56,Finished,russell,63,RUS,http://en.wikipedia.org/wiki/George_Russell_(racing_driver),George,Russell,1998-02-15,British,mercedes,https://en.wikipedia.org/wiki/Mercedes-Benz_in_Formula_One,Mercedes,German,6176502.0,+44.815,1.0,56.0,1:38.788,kph,200.902,2022,19,United States Grand Prix,2022-10-23,americas,mercedes,1
365,4,6,6,8,6,56,Finished,norris,1,NOR,http://en.wikipedia.org/wiki/Lando_Norris,Lando,Norris,1999-11-13,British,mclaren,https://en.wikipedia.org/wiki/McLaren,McLaren,British,6185472.0,+53.785,7.0,49.0,1:41.322,kph,195.878,2022,19,United States Grand Prix,2022-10-23,americas,mclaren,1
366,14,7,7,6,14,56,Finished,alonso,14,ALO,http://en.wikipedia.org/wiki/Fernando_Alonso,Fernando,Alonso,1981-07-29,Spanish,alpine,https://en.wikipedia.org/wiki/Alpine_F1_Team,Alpine F1 Team,French,6186765.0,+55.078,8.0,39.0,1:41.538,kph,195.461,2022,19,United States Grand Prix,2022-10-23,americas,alpine,1
367,5,8,8,4,10,56,Finished,vettel,5,VET,http://en.wikipedia.org/wiki/Sebastian_Vettel,Sebastian,Vettel,1987-07-03,German,aston_martin,https://en.wikipedia.org/wiki/Aston_Martin_in_Formula_One,Aston Martin,British,6197041.0,+1:05.354,16.0,35.0,1:42.546,kph,193.54,2022,19,United States Grand Prix,2022-10-23,americas,aston_martin,1
368,20,9,9,2,13,56,Finished,kevin_magnussen,20,MAG,http://en.wikipedia.org/wiki/Kevin_Magnussen,Kevin,Magnussen,1992-10-05,Danish,haas,https://en.wikipedia.org/wiki/Haas_F1_Team,Haas F1 Team,American,6197521.0,+1:05.834,11.0,36.0,1:42.206,kph,194.184,2022,19,United States Grand Prix,2022-10-23,americas,haas,1
369,22,10,10,1,19,56,Finished,tsunoda,22,TSU,http://en.wikipedia.org/wiki/Yuki_Tsunoda,Yuki,Tsunoda,2000-05-11,Japanese,alphatauri,https://en.wikipedia.org/wiki/Scuderia_AlphaTauri,AlphaTauri,Italian,6202606.0,+1:10.919,6.0,49.0,1:41.243,kph,196.031,2022,19,United States Grand Prix,2022-10-23,americas,rb,1
370,31,11,11,0,0,56,Finished,ocon,31,OCO,http://en.wikipedia.org/wiki/Esteban_Ocon,Esteban,Ocon,1996-09-17,French,alpine,https://en.wikipedia.org/wiki/Alpine_F1_Team,Alpine F1 Team,French,6204562.0,+1:12.875,13.0,39.0,1:42.394,kph,193.827,2022,19,United States Grand Prix,2022-10-23,americas,alpine,1
371,24,12,12,0,18,56,Finished,zhou,24,ZHO,http://en.wikipedia.org/wiki/Zhou_Guanyu,Guanyu,Zhou,1999-05-30,Chinese,alfa,https://en.wikipedia.org/wiki/Alfa_Romeo_in_Formula_One,Alfa Romeo,Swiss,6207851.0,+1:16.164,15.0,46.0,1:42.471,kph,193.682,2022,19,United States Grand Prix,2022-10-23,americas,audi,1
372,23,13,13,0,8,56,Finished,albon,23,ALB,http://en.wikipedia.org/wiki/Alexander_Albon,Alexander,Albon,1996-03-23,Thai,williams,https://en.wikipedia.org/wiki/Williams_Racing,Williams,British,6211744.0,+1:20.057,9.0,55.0,1:41.674,kph,195.2,2022,19,United States Grand Prix,2022-10-23,americas,williams,1
373,10,14,14,0,11,56,Finished,gasly,10,GAS,http://en.wikipedia.org/wiki/Pierre_Gasly,Pierre,Gasly,1996-02-07,French,alphatauri,https://en.wikipedia.org/wiki/Scuderia_AlphaTauri,AlphaTauri,Italian,6213450.0,+1:21.763,12.0,55.0,1:42.320,kph,193.967,2022,19,United States Grand Prix,2022-10-23,americas,rb,1
374,47,15,15,0,16,56,Finished,mick_schumacher,47,MSC,http://en.wikipedia.org/wiki/Mick_Schumacher,Mick,Schumacher,1999-03-22,German,haas,https://en.wikipedia.org/wiki/Haas_F1_Team,Haas F1 Team,American,6216177.0,+1:24.490,10.0,51.0,1:41.804,kph,194.951,2022,19,United States Grand Prix,2022-10-23,americas,haas,1
375,3,16,16,0,15,56,Finished,ricciardo,3,RIC,http://en.wikipedia.org/wiki/Daniel_Ricciardo,Daniel,Ricciardo,1989-07-01,Australian,mclaren,https://en.wikipedia.org/wiki/McLaren,McLaren,British,6222174.0,+1:30.487,14.0,55.0,1:42.420,kph,193.778,2022,19,United States Grand Prix,2022-10-23,americas,mclaren,1
376,6,17,17,0,17,56,Finished,latifi,6,LAT,http://en.wikipedia.org/wiki/Nicholas_Latifi,Nicholas,Latifi,1995-06-29,Canadian,williams,https://en.wikipedia.org/wiki/Williams_Racing,Williams,British,6235275.0,+1:43.588,19.0,54.0,1:43.485,kph,191.784,2022,19,United States Grand Prix,2022-10-23,americas,williams,1
377,18,18,R,0,5,21,Collision,stroll,18,STR,http://en.wikipedia.org/wiki/Lance_Stroll,Lance,Stroll,1998-10-29,Canadian,aston_martin,https://en.wikipedia.org/wiki/Aston_Martin_in_Formula_One,Aston Martin,British,,,17.0,3.0,1:43.080,kph,192.537,2022,19,United States Grand Prix,2022-10-23,americas,aston_martin,0
378,77,19,R,0,7,16,Spun off,bottas,77,BOT,http://en.wikipedia.org/wiki/Valtteri_Bottas,Valtteri,Bottas,1989-08-28,Finnish,alfa,https://en.wikipedia.org/wiki/Alfa_Romeo_in_Formula_One,Alfa Romeo,Swiss,,,18.0,4.0,1:43.391,kph,191.958,2022,19,United States Grand Prix,2022-10-23,americas,audi,0
379,55,20,R,0,1,1,Collision damage,sainz,55,SAI,http://en.wikipedia.org/wiki/Carlos_Sainz_Jr.,Carlos,Sainz,1994-09-01,Spanish,ferrari,https://en.wikipedia.org/wiki/Scuderia_Ferrari,Ferrari,Italian,,,,,,,,2022,19,United States Grand Prix,2022-10-23,americas,ferrari,0
380,1,1,1,25,1,71,Finished,max_verstappen,3,VER,http://en.wikipedia.org/wiki/Max_Verstappen,Max,Verstappen,1997-09-30,Dutch,red_bull,https://en.wikipedia.org/wiki/Red_Bull_Racing,Red Bull,Austrian,5916729.0,1:38:36.729,4.0,36.0,1:22.046,kph,188.85,2022,20,Mexico City Grand Prix,2022-10-30,rodriguez,red_bull,1
381,44,2,2,18,3,71,Finished,hamilton,44,HAM,http://en.wikipedia.org/wiki/Lewis_Hamilton,Lewis,Hamilton,1985-01-07,British,mercedes,https://en.wikipedia.org/wiki/Mercedes-Benz_in_Formula_One,Mercedes,German,5931915.0,+15.186,5.0,32.0,1:22.062,kph,188.813,2022,20,Mexico City Grand Prix,2022-10-30,rodriguez,mercedes,1
382,11,3,3,15,4,71,Finished,perez,11,PER,http://en.wikipedia.org/wiki/Sergio_P%C3%A9rez,Sergio,Pérez,1990-01-26,Mexican,red_bull,https://en.wikipedia.org/wiki/Red_Bull_Racing,Red Bull,Austrian,5934826.0,+18.097,2.0,30.0,1:21.775,kph,189.476,2022,20,Mexico City Grand Prix,2022-10-30,rodriguez,red_bull,1
383,63,4,4,13,2,71,Finished,russell,63,RUS,http://en.wikipedia.org/wiki/George_Russell_(racing_driver),George,Russell,1998-02-15,British,mercedes,https://en.wikipedia.org/wiki/Mercedes-Benz_in_Formula_One,Mercedes,German,5966160.0,+49.431,1.0,71.0,1:20.153,kph,193.31,2022,20,Mexico City Grand Prix,2022-10-30,rodriguez,mercedes,1
384,55,5,5,10,5,71,Finished,sainz,55,SAI,http://en.wikipedia.org/wiki/Carlos_Sainz_Jr.,Carlos,Sainz,1994-09-01,Spanish,ferrari,https://en.wikipedia.org/wiki/Scuderia_Ferrari,Ferrari,Italian,5974852.0,+58.123,6.0,32.0,1:22.199,kph,188.498,2022,20,Mexico City Grand Prix,2022-10-30,rodriguez,ferrari,1
385,16,6,6,8,7,71,Finished,leclerc,16,LEC,http://en.wikipedia.org/wiki/Charles_Leclerc,Charles,Leclerc,1997-10-16,Monegasque,ferrari,https://en.wikipedia.org/wiki/Scuderia_Ferrari,Ferrari,Italian,5985503.0,+1:08.774,10.0,48.0,1:22.603,kph,187.576,2022,20,Mexico City Grand Prix,2022-10-30,rodriguez,ferrari,1
386,3,7,7,6,11,70,+1 Lap,ricciardo,3,RIC,http://en.wikipedia.org/wiki/Daniel_Ricciardo,Daniel,Ricciardo,1989-07-01,Australian,mclaren,https://en.wikipedia.org/wiki/McLaren,McLaren,British,,,3.0,48.0,1:22.022,kph,188.905,2022,20,Mexico City Grand Prix,2022-10-30,rodriguez,mclaren,1
387,31,8,8,4,10,70,+1 Lap,ocon,31,OCO,http://en.wikipedia.org/wiki/Esteban_Ocon,Esteban,Ocon,1996-09-17,French,alpine,https://en.wikipedia.org/wiki/Alpine_F1_Team,Alpine F1 Team,French,,,14.0,48.0,1:23.279,kph,186.054,2022,20,Mexico City Grand Prix,2022-10-30,rodriguez,alpine,1
388,4,9,9,2,8,70,+1 Lap,norris,1,NOR,http://en.wikipedia.org/wiki/Lando_Norris,Lando,Norris,1999-11-13,British,mclaren,https://en.wikipedia.org/wiki/McLaren,McLaren,British,,,17.0,48.0,1:23.402,kph,185.779,2022,20,Mexico City Grand Prix,2022-10-30,rodriguez,mclaren,1
389,77,10,10,1,6,70,+1 Lap,bottas,77,BOT,http://en.wikipedia.org/wiki/Valtteri_Bottas,Valtteri,Bottas,1989-08-28,Finnish,alfa,https://en.wikipedia.org/wiki/Alfa_Romeo_in_Formula_One,Alfa Romeo,Swiss,,,16.0,43.0,1:23.363,kph,185.866,2022,20,Mexico City Grand Prix,2022-10-30,rodriguez,audi,1
390,10,11,11,0,14,70,+1 Lap,gasly,10,GAS,http://en.wikipedia.org/wiki/Pierre_Gasly,Pierre,Gasly,1996-02-07,French,alphatauri,https://en.wikipedia.org/wiki/Scuderia_AlphaTauri,AlphaTauri,Italian,,,8.0,42.0,1:22.277,kph,188.319,2022,20,Mexico City Grand Prix,2022-10-30,rodriguez,rb,1
391,23,12,12,0,17,70,+1 Lap,albon,23,ALB,http://en.wikipedia.org/wiki/Alexander_Albon,Alexander,Albon,1996-03-23,Thai,williams,https://en.wikipedia.org/wiki/Williams_Racing,Williams,British,,,12.0,48.0,1:22.914,kph,186.873,2022,20,Mexico City Grand Prix,2022-10-30,rodriguez,williams,1
392,24,13,13,0,12,70,+1 Lap,zhou,24,ZHO,http://en.wikipedia.org/wiki/Zhou_Guanyu,Guanyu,Zhou,1999-05-30,Chinese,alfa,https://en.wikipedia.org/wiki/Alfa_Romeo_in_Formula_One,Alfa Romeo,Swiss,,,7.0,47.0,1:22.260,kph,188.358,2022,20,Mexico City Grand Prix,2022-10-30,rodriguez,audi,1
393,5,14,14,0,16,70,+1 Lap,vettel,5,VET,http://en.wikipedia.org/wiki/Sebastian_Vettel,Sebastian,Vettel,1987-07-03,German,aston_martin,https://en.wikipedia.org/wiki/Aston_Martin_in_Formula_One,Aston Martin,British,,,13.0,45.0,1:23.086,kph,186.486,2022,20,Mexico City Grand Prix,2022-10-30,rodriguez,aston_martin,1
394,18,15,15,0,20,70,+1 Lap,stroll,18,STR,http://en.wikipedia.org/wiki/Lance_Stroll,Lance,Stroll,1998-10-29,Canadian,aston_martin,https://en.wikipedia.org/wiki/Aston_Martin_in_Formula_One,Aston Martin,British,,,9.0,42.0,1:22.463,kph,187.895,2022,20,Mexico City Grand Prix,2022-10-30,rodriguez,aston_martin,1
395,47,16,16,0,15,70,+1 Lap,mick_schumacher,47,MSC,http://en.wikipedia.org/wiki/Mick_Schumacher,Mick,Schumacher,1999-03-22,German,haas,https://en.wikipedia.org/wiki/Haas_F1_Team,Haas F1 Team,American,,,19.0,30.0,1:23.641,kph,185.248,2022,20,Mexico City Grand Prix,2022-10-30,rodriguez,haas,1
396,20,17,17,0,19,70,+1 Lap,kevin_magnussen,20,MAG,http://en.wikipedia.org/wiki/Kevin_Magnussen,Kevin,Magnussen,1992-10-05,Danish,haas,https://en.wikipedia.org/wiki/Haas_F1_Team,Haas F1 Team,American,,,15.0,49.0,1:23.300,kph,186.007,2022,20,Mexico City Grand Prix,2022-10-30,rodriguez,haas,1
397,6,18,18,0,18,69,+2 Laps,latifi,6,LAT,http://en.wikipedia.org/wiki/Nicholas_Latifi,Nicholas,Latifi,1995-06-29,Canadian,williams,https://en.wikipedia.org/wiki/Williams_Racing,Williams,British,,,20.0,56.0,1:23.709,kph,185.098,2022,20,Mexico City Grand Prix,2022-10-30,rodriguez,williams,1
398,14,19,19,0,9,63,Engine,alonso,14,ALO,http://en.wikipedia.org/wiki/Fernando_Alonso,Fernando,Alonso,1981-07-29,Spanish,alpine,https://en.wikipedia.org/wiki/Alpine_F1_Team,Alpine F1 Team,French,,,11.0,48.0,1:22.866,kph,186.981,2022,20,Mexico City Grand Prix,2022-10-30,rodriguez,alpine,0
399,22,20,R,0,13,50,Collision damage,tsunoda,22,TSU,http://en.wikipedia.org/wiki/Yuki_Tsunoda,Yuki,Tsunoda,2000-05-11,Japanese,alphatauri,https://en.wikipedia.org/wiki/Scuderia_AlphaTauri,AlphaTauri,Italian,,,18.0,48.0,1:23.403,kph,185.777,2022,20,Mexico City Grand Prix,2022-10-30,rodriguez,rb,0
400,63,1,1,26,1,71,Finished,russell,63,RUS,http://en.wikipedia.org/wiki/George_Russell_(racing_driver),George,Russell,1998-02-15,British,mercedes,https://en.wikipedia.org/wiki/Mercedes-Benz_in_Formula_One,Mercedes,German,5914044.0,1:38:34.044,1.0,61.0,1:13.785,kph,210.237,2022,21,São Paulo Grand Prix,2022-11-13,interlagos,mercedes,1
401,44,2,2,18,2,71,Finished,hamilton,44,HAM,http://en.wikipedia.org/wiki/Lewis_Hamilton,Lewis,Hamilton,1985-01-07,British,mercedes,https://en.wikipedia.org/wiki/Mercedes-Benz_in_Formula_One,Mercedes,German,5915573.0,+1.529,2.0,63.0,1:13.942,kph,209.791,2022,21,São Paulo Grand Prix,2022-11-13,interlagos,mercedes,1
402,55,3,3,15,7,71,Finished,sainz,55,SAI,http://en.wikipedia.org/wiki/Carlos_Sainz_Jr.,Carlos,Sainz,1994-09-01,Spanish,ferrari,https://en.wikipedia.org/wiki/Scuderia_Ferrari,Ferrari,Italian,5918095.0,+4.051,3.0,65.0,1:13.953,kph,209.76,2022,21,São Paulo Grand Prix,2022-11-13,interlagos,ferrari,1
403,16,4,4,12,5,71,Finished,leclerc,16,LEC,http://en.wikipedia.org/wiki/Charles_Leclerc,Charles,Leclerc,1997-10-16,Monegasque,ferrari,https://en.wikipedia.org/wiki/Scuderia_Ferrari,Ferrari,Italian,5922485.0,+8.441,6.0,63.0,1:14.253,kph,208.912,2022,21,São Paulo Grand Prix,2022-11-13,interlagos,ferrari,1
404,14,5,5,10,17,71,Finished,alonso,14,ALO,http://en.wikipedia.org/wiki/Fernando_Alonso,Fernando,Alonso,1981-07-29,Spanish,alpine,https://en.wikipedia.org/wiki/Alpine_F1_Team,Alpine F1 Team,French,5923605.0,+9.561,4.0,62.0,1:14.164,kph,209.163,2022,21,São Paulo Grand Prix,2022-11-13,interlagos,alpine,1
405,1,6,6,8,3,71,Finished,max_verstappen,3,VER,http://en.wikipedia.org/wiki/Max_Verstappen,Max,Verstappen,1997-09-30,Dutch,red_bull,https://en.wikipedia.org/wiki/Red_Bull_Racing,Red Bull,Austrian,5924100.0,+10.056,5.0,64.0,1:14.195,kph,209.076,2022,21,São Paulo Grand Prix,2022-11-13,interlagos,red_bull,1
406,11,7,7,6,4,71,Finished,perez,11,PER,http://en.wikipedia.org/wiki/Sergio_P%C3%A9rez,Sergio,Pérez,1990-01-26,Mexican,red_bull,https://en.wikipedia.org/wiki/Red_Bull_Racing,Red Bull,Austrian,5928124.0,+14.080,7.0,62.0,1:14.283,kph,208.828,2022,21,São Paulo Grand Prix,2022-11-13,interlagos,red_bull,1
407,31,8,8,4,16,71,Finished,ocon,31,OCO,http://en.wikipedia.org/wiki/Esteban_Ocon,Esteban,Ocon,1996-09-17,French,alpine,https://en.wikipedia.org/wiki/Alpine_F1_Team,Alpine F1 Team,French,5932734.0,+18.690,9.0,65.0,1:15.093,kph,206.575,2022,21,São Paulo Grand Prix,2022-11-13,interlagos,alpine,1
408,77,9,9,2,14,71,Finished,bottas,77,BOT,http://en.wikipedia.org/wiki/Valtteri_Bottas,Valtteri,Bottas,1989-08-28,Finnish,alfa,https://en.wikipedia.org/wiki/Alfa_Romeo_in_Formula_One,Alfa Romeo,Swiss,5936596.0,+22.552,14.0,62.0,1:15.511,kph,205.432,2022,21,São Paulo Grand Prix,2022-11-13,interlagos,audi,1
409,18,10,10,1,15,71,Finished,stroll,18,STR,http://en.wikipedia.org/wiki/Lance_Stroll,Lance,Stroll,1998-10-29,Canadian,aston_martin,https://en.wikipedia.org/wiki/Aston_Martin_in_Formula_One,Aston Martin,British,5937596.0,+23.552,8.0,50.0,1:14.831,kph,207.299,2022,21,São Paulo Grand Prix,2022-11-13,interlagos,aston_martin,1
410,5,11,11,0,9,71,Finished,vettel,5,VET,http://en.wikipedia.org/wiki/Sebastian_Vettel,Sebastian,Vettel,1987-07-03,German,aston_martin,https://en.wikipedia.org/wiki/Aston_Martin_in_Formula_One,Aston Martin,British,5940227.0,+26.183,15.0,64.0,1:15.549,kph,205.328,2022,21,São Paulo Grand Prix,2022-11-13,interlagos,aston_martin,1
411,24,12,12,0,13,71,Finished,zhou,24,ZHO,http://en.wikipedia.org/wiki/Zhou_Guanyu,Guanyu,Zhou,1999-05-30,Chinese,alfa,https://en.wikipedia.org/wiki/Alfa_Romeo_in_Formula_One,Alfa Romeo,Swiss,5943369.0,+29.325,17.0,64.0,1:15.802,kph,204.643,2022,21,São Paulo Grand Prix,2022-11-13,interlagos,audi,1
412,47,13,13,0,12,71,Finished,mick_schumacher,47,MSC,http://en.wikipedia.org/wiki/Mick_Schumacher,Mick,Schumacher,1999-03-22,German,haas,https://en.wikipedia.org/wiki/Haas_F1_Team,Haas F1 Team,American,5943943.0,+29.899,10.0,63.0,1:15.251,kph,206.142,2022,21,São Paulo Grand Prix,2022-11-13,interlagos,haas,1
413,10,14,14,0,10,71,Finished,gasly,10,GAS,http://en.wikipedia.org/wiki/Pierre_Gasly,Pierre,Gasly,1996-02-07,French,alphatauri,https://en.wikipedia.org/wiki/Scuderia_AlphaTauri,AlphaTauri,Italian,5945911.0,+31.867,12.0,64.0,1:15.327,kph,205.934,2022,21,São Paulo Grand Prix,2022-11-13,interlagos,rb,1
414,23,15,15,0,19,71,Finished,albon,23,ALB,http://en.wikipedia.org/wiki/Alexander_Albon,Alexander,Albon,1996-03-23,Thai,williams,https://en.wikipedia.org/wiki/Williams_Racing,Williams,British,5950060.0,+36.016,16.0,49.0,1:15.613,kph,205.155,2022,21,São Paulo Grand Prix,2022-11-13,interlagos,williams,1
415,6,16,16,0,18,71,Finished,latifi,6,LAT,http://en.wikipedia.org/wiki/Nicholas_Latifi,Nicholas,Latifi,1995-06-29,Canadian,williams,https://en.wikipedia.org/wiki/Williams_Racing,Williams,British,5951082.0,+37.038,11.0,59.0,1:15.327,kph,205.934,2022,21,São Paulo Grand Prix,2022-11-13,interlagos,williams,1
416,22,17,17,0,0,70,+1 Lap,tsunoda,22,TSU,http://en.wikipedia.org/wiki/Yuki_Tsunoda,Yuki,Tsunoda,2000-05-11,Japanese,alphatauri,https://en.wikipedia.org/wiki/Scuderia_AlphaTauri,AlphaTauri,Italian,,,13.0,63.0,1:15.508,kph,205.44,2022,21,São Paulo Grand Prix,2022-11-13,interlagos,rb,1
417,4,18,R,0,6,50,Gearbox,norris,1,NOR,http://en.wikipedia.org/wiki/Lando_Norris,Lando,Norris,1999-11-13,British,mclaren,https://en.wikipedia.org/wiki/McLaren,McLaren,British,,,18.0,48.0,1:15.855,kph,204.5,2022,21,São Paulo Grand Prix,2022-11-13,interlagos,mclaren,0
418,20,19,R,0,8,0,Collision,kevin_magnussen,20,MAG,http://en.wikipedia.org/wiki/Kevin_Magnussen,Kevin,Magnussen,1992-10-05,Danish,haas,https://en.wikipedia.org/wiki/Haas_F1_Team,Haas F1 Team,American,,,,,,,,2022,21,São Paulo Grand Prix,2022-11-13,interlagos,haas,0
419,3,20,R,0,11,0,Collision,ricciardo,3,RIC,http://en.wikipedia.org/wiki/Daniel_Ricciardo,Daniel,Ricciardo,1989-07-01,Australian,mclaren,https://en.wikipedia.org/wiki/McLaren,McLaren,British,,,,,,,,2022,21,São Paulo Grand Prix,2022-11-13,interlagos,mclaren,0
420,1,1,1,25,1,58,Finished,max_verstappen,3,VER,http://en.wikipedia.org/wiki/Max_Verstappen,Max,Verstappen,1997-09-30,Dutch,red_bull,https://en.wikipedia.org/wiki/Red_Bull_Racing,Red Bull,Austrian,5265914.0,1:27:45.914,6.0,54.0,1:29.392,kph,212.676,2022,22,Abu Dhabi Grand Prix,2022-11-20,yas_marina,red_bull,1
421,16,2,2,18,3,58,Finished,leclerc,16,LEC,http://en.wikipedia.org/wiki/Charles_Leclerc,Charles,Leclerc,1997-10-16,Monegasque,ferrari,https://en.wikipedia.org/wiki/Scuderia_Ferrari,Ferrari,Italian,5274685.0,+8.771,10.0,48.0,1:29.719,kph,211.901,2022,22,Abu Dhabi Grand Prix,2022-11-20,yas_marina,ferrari,1
422,11,3,3,15,2,58,Finished,perez,11,PER,http://en.wikipedia.org/wiki/Sergio_P%C3%A9rez,Sergio,Pérez,1990-01-26,Mexican,red_bull,https://en.wikipedia.org/wiki/Red_Bull_Racing,Red Bull,Austrian,5276007.0,+10.093,4.0,52.0,1:28.972,kph,213.68,2022,22,Abu Dhabi Grand Prix,2022-11-20,yas_marina,red_bull,1
423,55,4,4,12,4,58,Finished,sainz,55,SAI,http://en.wikipedia.org/wiki/Carlos_Sainz_Jr.,Carlos,Sainz,1994-09-01,Spanish,ferrari,https://en.wikipedia.org/wiki/Scuderia_Ferrari,Ferrari,Italian,5290806.0,+24.892,3.0,50.0,1:28.879,kph,213.904,2022,22,Abu Dhabi Grand Prix,2022-11-20,yas_marina,ferrari,1
424,63,5,5,10,6,58,Finished,russell,63,RUS,http://en.wikipedia.org/wiki/George_Russell_(racing_driver),George,Russell,1998-02-15,British,mercedes,https://en.wikipedia.org/wiki/Mercedes-Benz_in_Formula_One,Mercedes,German,5301802.0,+35.888,2.0,48.0,1:28.836,kph,214.007,2022,22,Abu Dhabi Grand Prix,2022-11-20,yas_marina,mercedes,1
425,4,6,6,9,7,58,Finished,norris,1,NOR,http://en.wikipedia.org/wiki/Lando_Norris,Lando,Norris,1999-11-13,British,mclaren,https://en.wikipedia.org/wiki/McLaren,McLaren,British,5322148.0,+56.234,1.0,44.0,1:28.391,kph,215.085,2022,22,Abu Dhabi Grand Prix,2022-11-20,yas_marina,mclaren,1
426,31,7,7,6,8,58,Finished,ocon,31,OCO,http://en.wikipedia.org/wiki/Esteban_Ocon,Esteban,Ocon,1996-09-17,French,alpine,https://en.wikipedia.org/wiki/Alpine_F1_Team,Alpine F1 Team,French,5323154.0,+57.240,5.0,45.0,1:29.333,kph,212.817,2022,22,Abu Dhabi Grand Prix,2022-11-20,yas_marina,alpine,1
427,18,8,8,4,14,58,Finished,stroll,18,STR,http://en.wikipedia.org/wiki/Lance_Stroll,Lance,Stroll,1998-10-29,Canadian,aston_martin,https://en.wikipedia.org/wiki/Aston_Martin_in_Formula_One,Aston Martin,British,5342845.0,+1:16.931,9.0,42.0,1:29.620,kph,212.135,2022,22,Abu Dhabi Grand Prix,2022-11-20,yas_marina,aston_martin,1
428,3,9,9,2,13,58,Finished,ricciardo,3,RIC,http://en.wikipedia.org/wiki/Daniel_Ricciardo,Daniel,Ricciardo,1989-07-01,Australian,mclaren,https://en.wikipedia.org/wiki/McLaren,McLaren,British,5349182.0,+1:23.268,18.0,45.0,1:30.785,kph,209.413,2022,22,Abu Dhabi Grand Prix,2022-11-20,yas_marina,mclaren,1
429,5,10,10,1,9,58,Finished,vettel,5,VET,http://en.wikipedia.org/wiki/Sebastian_Vettel,Sebastian,Vettel,1987-07-03,German,aston_martin,https://en.wikipedia.org/wiki/Aston_Martin_in_Formula_One,Aston Martin,British,5349812.0,+1:23.898,15.0,35.0,1:30.312,kph,210.51,2022,22,Abu Dhabi Grand Prix,2022-11-20,yas_marina,aston_martin,1
430,22,11,11,0,11,58,Finished,tsunoda,22,TSU,http://en.wikipedia.org/wiki/Yuki_Tsunoda,Yuki,Tsunoda,2000-05-11,Japanese,alphatauri,https://en.wikipedia.org/wiki/Scuderia_AlphaTauri,AlphaTauri,Italian,5355285.0,+1:29.371,7.0,40.0,1:29.489,kph,212.446,2022,22,Abu Dhabi Grand Prix,2022-11-20,yas_marina,rb,1
431,24,12,12,0,15,57,+1 Lap,zhou,24,ZHO,http://en.wikipedia.org/wiki/Zhou_Guanyu,Guanyu,Zhou,1999-05-30,Chinese,alfa,https://en.wikipedia.org/wiki/Alfa_Romeo_in_Formula_One,Alfa Romeo,Swiss,,,8.0,53.0,1:29.600,kph,212.183,2022,22,Abu Dhabi Grand Prix,2022-11-20,yas_marina,audi,1
432,23,13,13,0,19,57,+1 Lap,albon,23,ALB,http://en.wikipedia.org/wiki/Alexander_Albon,Alexander,Albon,1996-03-23,Thai,williams,https://en.wikipedia.org/wiki/Williams_Racing,Williams,British,,,13.0,40.0,1:29.939,kph,211.383,2022,22,Abu Dhabi Grand Prix,2022-11-20,yas_marina,williams,1
433,10,14,14,0,17,57,+1 Lap,gasly,10,GAS,http://en.wikipedia.org/wiki/Pierre_Gasly,Pierre,Gasly,1996-02-07,French,alphatauri,https://en.wikipedia.org/wiki/Scuderia_AlphaTauri,AlphaTauri,Italian,,,19.0,16.0,1:31.081,kph,208.732,2022,22,Abu Dhabi Grand Prix,2022-11-20,yas_marina,rb,1
434,77,15,15,0,18,57,+1 Lap,bottas,77,BOT,http://en.wikipedia.org/wiki/Valtteri_Bottas,Valtteri,Bottas,1989-08-28,Finnish,alfa,https://en.wikipedia.org/wiki/Alfa_Romeo_in_Formula_One,Alfa Romeo,Swiss,,,16.0,47.0,1:30.352,kph,210.417,2022,22,Abu Dhabi Grand Prix,2022-11-20,yas_marina,audi,1
435,47,16,16,0,12,57,+1 Lap,mick_schumacher,47,MSC,http://en.wikipedia.org/wiki/Mick_Schumacher,Mick,Schumacher,1999-03-22,German,haas,https://en.wikipedia.org/wiki/Haas_F1_Team,Haas F1 Team,American,,,12.0,39.0,1:29.833,kph,211.632,2022,22,Abu Dhabi Grand Prix,2022-11-20,yas_marina,haas,1
436,20,17,17,0,16,57,+1 Lap,kevin_magnussen,20,MAG,http://en.wikipedia.org/wiki/Kevin_Magnussen,Kevin,Magnussen,1992-10-05,Danish,haas,https://en.wikipedia.org/wiki/Haas_F1_Team,Haas F1 Team,American,,,20.0,40.0,1:31.158,kph,208.556,2022,22,Abu Dhabi Grand Prix,2022-11-20,yas_marina,haas,1
437,44,18,18,0,5,55,Hydraulics,hamilton,44,HAM,http://en.wikipedia.org/wiki/Lewis_Hamilton,Lewis,Hamilton,1985-01-07,British,mercedes,https://en.wikipedia.org/wiki/Mercedes-Benz_in_Formula_One,Mercedes,German,,,11.0,42.0,1:29.788,kph,211.738,2022,22,Abu Dhabi Grand Prix,2022-11-20,yas_marina,mercedes,0
438,6,19,19,0,20,55,Collision damage,latifi,6,LAT,http://en.wikipedia.org/wiki/Nicholas_Latifi,Nicholas,Latifi,1995-06-29,Canadian,williams,https://en.wikipedia.org/wiki/Williams_Racing,Williams,British,,,14.0,45.0,1:30.309,kph,210.517,2022,22,Abu Dhabi Grand Prix,2022-11-20,yas_marina,williams,0
439,14,20,R,0,10,27,Water leak,alonso,14,ALO,http://en.wikipedia.org/wiki/Fernando_Alonso,Fernando,Alonso,1981-07-29,Spanish,alpine,https://en.wikipedia.org/wiki/Alpine_F1_Team,Alpine F1 Team,French,,,17.0,24.0,1:30.579,kph,209.889,2022,22,Abu Dhabi Grand Prix,2022-11-20,yas_marina,alpine,0
440,1,1,1,25,1,57,Finished,max_verstappen,3,VER,http://en.wikipedia.org/wiki/Max_Verstappen,Max,Verstappen,1997-09-30,Dutch,red_bull,https://en.wikipedia.org/wiki/Red_Bull_Racing,Red Bull,Austrian,5636736.0,1:33:56.736,6.0,44.0,1:36.236,kph,202.452,2023,1,Bahrain Grand Prix,2023-03-05,bahrain,red_bull,1
441,11,2,2,18,2,57,Finished,perez,11,PER,http://en.wikipedia.org/wiki/Sergio_P%C3%A9rez,Sergio,Pérez,1990-01-26,Mexican,red_bull,https://en.wikipedia.org/wiki/Red_Bull_Racing,Red Bull,Austrian,5648723.0,+11.987,7.0,37.0,1:36.344,kph,202.225,2023,1,Bahrain Grand Prix,2023-03-05,bahrain,red_bull,1
442,14,3,3,15,5,57,Finished,alonso,14,ALO,http://en.wikipedia.org/wiki/Fernando_Alonso,Fernando,Alonso,1981-07-29,Spanish,aston_martin,https://en.wikipedia.org/wiki/Aston_Martin_in_Formula_One,Aston Martin,British,5675373.0,+38.637,5.0,36.0,1:36.156,kph,202.62,2023,1,Bahrain Grand Prix,2023-03-05,bahrain,aston_martin,1
443,55,4,4,12,4,57,Finished,sainz,55,SAI,http://en.wikipedia.org/wiki/Carlos_Sainz_Jr.,Carlos,Sainz,1994-09-01,Spanish,ferrari,https://en.wikipedia.org/wiki/Scuderia_Ferrari,Ferrari,Italian,5684788.0,+48.052,14.0,37.0,1:37.130,kph,200.588,2023,1,Bahrain Grand Prix,2023-03-05,bahrain,ferrari,1
444,44,5,5,10,7,57,Finished,hamilton,44,HAM,http://en.wikipedia.org/wiki/Lewis_Hamilton,Lewis,Hamilton,1985-01-07,British,mercedes,https://en.wikipedia.org/wiki/Mercedes-Benz_in_Formula_One,Mercedes,German,5687713.0,+50.977,10.0,36.0,1:36.546,kph,201.802,2023,1,Bahrain Grand Prix,2023-03-05,bahrain,mercedes,1
445,18,6,6,8,8,57,Finished,stroll,18,STR,http://en.wikipedia.org/wiki/Lance_Stroll,Lance,Stroll,1998-10-29,Canadian,aston_martin,https://en.wikipedia.org/wiki/Aston_Martin_in_Formula_One,Aston Martin,British,5691238.0,+54.502,9.0,32.0,1:36.546,kph,201.802,2023,1,Bahrain Grand Prix,2023-03-05,bahrain,aston_martin,1
446,63,7,7,6,6,57,Finished,russell,63,RUS,http://en.wikipedia.org/wiki/George_Russell_(racing_driver),George,Russell,1998-02-15,British,mercedes,https://en.wikipedia.org/wiki/Mercedes-Benz_in_Formula_One,Mercedes,German,5692609.0,+55.873,17.0,33.0,1:37.221,kph,200.401,2023,1,Bahrain Grand Prix,2023-03-05,bahrain,mercedes,1
447,77,8,8,4,12,57,Finished,bottas,77,BOT,http://en.wikipedia.org/wiki/Valtteri_Bottas,Valtteri,Bottas,1989-08-28,Finnish,alfa,https://en.wikipedia.org/wiki/Alfa_Romeo_in_Formula_One,Alfa Romeo,Swiss,5709383.0,+1:12.647,18.0,31.0,1:37.379,kph,200.075,2023,1,Bahrain Grand Prix,2023-03-05,bahrain,audi,1
448,10,9,9,2,20,57,Finished,gasly,10,GAS,http://en.wikipedia.org/wiki/Pierre_Gasly,Pierre,Gasly,1996-02-07,French,alpine,https://en.wikipedia.org/wiki/Alpine_F1_Team,Alpine F1 Team,French,5710489.0,+1:13.753,2.0,42.0,1:35.068,kph,204.939,2023,1,Bahrain Grand Prix,2023-03-05,bahrain,alpine,1
449,23,10,10,1,15,57,Finished,albon,23,ALB,http://en.wikipedia.org/wiki/Alexander_Albon,Alexander,Albon,1996-03-23,Thai,williams,https://en.wikipedia.org/wiki/Williams_Racing,Williams,British,5726510.0,+1:29.774,15.0,43.0,1:37.144,kph,200.559,2023,1,Bahrain Grand Prix,2023-03-05,bahrain,williams,1
450,22,11,11,0,14,57,Finished,tsunoda,22,TSU,http://en.wikipedia.org/wiki/Yuki_Tsunoda,Yuki,Tsunoda,2000-05-11,Japanese,alphatauri,https://en.wikipedia.org/wiki/Scuderia_AlphaTauri,AlphaTauri,Italian,5727606.0,+1:30.870,12.0,42.0,1:36.637,kph,201.612,2023,1,Bahrain Grand Prix,2023-03-05,bahrain,rb,1
451,2,12,12,0,16,56,Lapped,sargeant,2,SAR,http://en.wikipedia.org/wiki/Logan_Sargeant,Logan,Sargeant,2000-12-31,American,williams,https://en.wikipedia.org/wiki/Williams_Racing,Williams,British,5637872.0,+1.136,4.0,42.0,1:36.037,kph,202.871,2023,1,Bahrain Grand Prix,2023-03-05,bahrain,williams,1
452,20,13,13,0,17,56,Lapped,kevin_magnussen,20,MAG,http://en.wikipedia.org/wiki/Kevin_Magnussen,Kevin,Magnussen,1992-10-05,Danish,haas,https://en.wikipedia.org/wiki/Haas_F1_Team,Haas F1 Team,American,5653493.0,+16.757,8.0,42.0,1:36.471,kph,201.959,2023,1,Bahrain Grand Prix,2023-03-05,bahrain,haas,1
453,21,14,14,0,19,56,Lapped,de_vries,21,DEV,http://en.wikipedia.org/wiki/Nyck_de_Vries,Nyck,de Vries,1995-02-06,Dutch,alphatauri,https://en.wikipedia.org/wiki/Scuderia_AlphaTauri,AlphaTauri,Italian,5659259.0,+22.523,19.0,30.0,1:37.709,kph,199.4,2023,1,Bahrain Grand Prix,2023-03-05,bahrain,rb,1
454,27,15,15,0,10,56,Lapped,hulkenberg,27,HUL,http://en.wikipedia.org/wiki/Nico_H%C3%BClkenberg,Nico,Hülkenberg,1987-08-19,German,haas,https://en.wikipedia.org/wiki/Haas_F1_Team,Haas F1 Team,American,5675647.0,+38.911,11.0,42.0,1:36.616,kph,201.656,2023,1,Bahrain Grand Prix,2023-03-05,bahrain,haas,1
455,24,16,16,0,13,56,Lapped,zhou,24,ZHO,http://en.wikipedia.org/wiki/Zhou_Guanyu,Guanyu,Zhou,1999-05-30,Chinese,alfa,https://en.wikipedia.org/wiki/Alfa_Romeo_in_Formula_One,Alfa Romeo,Swiss,5676385.0,+39.649,1.0,56.0,1:33.996,kph,207.276,2023,1,Bahrain Grand Prix,2023-03-05,bahrain,audi,1
456,4,17,17,0,11,55,Lapped,norris,1,NOR,http://en.wikipedia.org/wiki/Lando_Norris,Lando,Norris,1999-11-13,British,mclaren,https://en.wikipedia.org/wiki/McLaren,McLaren,British,5643372.0,+6.636,3.0,51.0,1:35.822,kph,203.327,2023,1,Bahrain Grand Prix,2023-03-05,bahrain,mclaren,1
457,31,18,R,0,9,41,Retired,ocon,31,OCO,http://en.wikipedia.org/wiki/Esteban_Ocon,Esteban,Ocon,1996-09-17,French,alpine,https://en.wikipedia.org/wiki/Alpine_F1_Team,Alpine F1 Team,French,,,13.0,34.0,1:36.797,kph,201.278,2023,1,Bahrain Grand Prix,2023-03-05,bahrain,alpine,0
458,16,19,R,0,3,39,Retired,leclerc,16,LEC,http://en.wikipedia.org/wiki/Charles_Leclerc,Charles,Leclerc,1997-10-16,Monegasque,ferrari,https://en.wikipedia.org/wiki/Scuderia_Ferrari,Ferrari,Italian,,,16.0,37.0,1:37.170,kph,200.506,2023,1,Bahrain Grand Prix,2023-03-05,bahrain,ferrari,0
459,81,20,R,0,18,13,Retired,piastri,81,PIA,http://en.wikipedia.org/wiki/Oscar_Piastri,Oscar,Piastri,2001-04-06,Australian,mclaren,https://en.wikipedia.org/wiki/McLaren,McLaren,British,,,20.0,3.0,1:40.691,kph,193.494,2023,1,Bahrain Grand Prix,2023-03-05,bahrain,mclaren,0
460,11,1,1,25,1,50,Finished,perez,11,PER,http://en.wikipedia.org/wiki/Sergio_P%C3%A9rez,Sergio,Pérez,1990-01-26,Mexican,red_bull,https://en.wikipedia.org/wiki/Red_Bull_Racing,Red Bull,Austrian,4874894.0,1:21:14.894,2.0,38.0,1:32.188,kph,241.098,2023,2,Saudi Arabian Grand Prix,2023-03-19,jeddah,red_bull,1
461,1,2,2,19,15,50,Finished,max_verstappen,3,VER,http://en.wikipedia.org/wiki/Max_Verstappen,Max,Verstappen,1997-09-30,Dutch,red_bull,https://en.wikipedia.org/wiki/Red_Bull_Racing,Red Bull,Austrian,4880249.0,+5.355,1.0,50.0,1:31.906,kph,241.838,2023,2,Saudi Arabian Grand Prix,2023-03-19,jeddah,red_bull,1
462,14,3,3,15,2,50,Finished,alonso,14,ALO,http://en.wikipedia.org/wiki/Fernando_Alonso,Fernando,Alonso,1981-07-29,Spanish,aston_martin,https://en.wikipedia.org/wiki/Aston_Martin_in_Formula_One,Aston Martin,British,4895622.0,+20.728,3.0,50.0,1:32.240,kph,240.962,2023,2,Saudi Arabian Grand Prix,2023-03-19,jeddah,aston_martin,1
463,63,4,4,12,3,50,Finished,russell,63,RUS,http://en.wikipedia.org/wiki/George_Russell_(racing_driver),George,Russell,1998-02-15,British,mercedes,https://en.wikipedia.org/wiki/Mercedes-Benz_in_Formula_One,Mercedes,German,4900760.0,+25.866,4.0,50.0,1:32.433,kph,240.459,2023,2,Saudi Arabian Grand Prix,2023-03-19,jeddah,mercedes,1
464,44,5,5,10,7,50,Finished,hamilton,44,HAM,http://en.wikipedia.org/wiki/Lewis_Hamilton,Lewis,Hamilton,1985-01-07,British,mercedes,https://en.wikipedia.org/wiki/Mercedes-Benz_in_Formula_One,Mercedes,German,4905959.0,+31.065,6.0,47.0,1:32.941,kph,239.145,2023,2,Saudi Arabian Grand Prix,2023-03-19,jeddah,mercedes,1
465,55,6,6,8,4,50,Finished,sainz,55,SAI,http://en.wikipedia.org/wiki/Carlos_Sainz_Jr.,Carlos,Sainz,1994-09-01,Spanish,ferrari,https://en.wikipedia.org/wiki/Scuderia_Ferrari,Ferrari,Italian,4910770.0,+35.876,5.0,50.0,1:32.822,kph,239.451,2023,2,Saudi Arabian Grand Prix,2023-03-19,jeddah,ferrari,1
466,16,7,7,6,12,50,Finished,leclerc,16,LEC,http://en.wikipedia.org/wiki/Charles_Leclerc,Charles,Leclerc,1997-10-16,Monegasque,ferrari,https://en.wikipedia.org/wiki/Scuderia_Ferrari,Ferrari,Italian,4918056.0,+43.162,7.0,47.0,1:33.056,kph,238.849,2023,2,Saudi Arabian Grand Prix,2023-03-19,jeddah,ferrari,1
467,31,8,8,4,6,50,Finished,ocon,31,OCO,http://en.wikipedia.org/wiki/Esteban_Ocon,Esteban,Ocon,1996-09-17,French,alpine,https://en.wikipedia.org/wiki/Alpine_F1_Team,Alpine F1 Team,French,4927726.0,+52.832,8.0,49.0,1:33.222,kph,238.424,2023,2,Saudi Arabian Grand Prix,2023-03-19,jeddah,alpine,1
468,10,9,9,2,9,50,Finished,gasly,10,GAS,http://en.wikipedia.org/wiki/Pierre_Gasly,Pierre,Gasly,1996-02-07,French,alpine,https://en.wikipedia.org/wiki/Alpine_F1_Team,Alpine F1 Team,French,4929641.0,+54.747,10.0,50.0,1:33.392,kph,237.99,2023,2,Saudi Arabian Grand Prix,2023-03-19,jeddah,alpine,1
469,20,10,10,1,13,50,Finished,kevin_magnussen,20,MAG,http://en.wikipedia.org/wiki/Kevin_Magnussen,Kevin,Magnussen,1992-10-05,Danish,haas,https://en.wikipedia.org/wiki/Haas_F1_Team,Haas F1 Team,American,4939720.0,+1:04.826,9.0,44.0,1:33.374,kph,238.036,2023,2,Saudi Arabian Grand Prix,2023-03-19,jeddah,haas,1
470,22,11,11,0,16,50,Finished,tsunoda,22,TSU,http://en.wikipedia.org/wiki/Yuki_Tsunoda,Yuki,Tsunoda,2000-05-11,Japanese,alphatauri,https://en.wikipedia.org/wiki/Scuderia_AlphaTauri,AlphaTauri,Italian,4942388.0,+1:07.494,14.0,50.0,1:33.931,kph,236.624,2023,2,Saudi Arabian Grand Prix,2023-03-19,jeddah,rb,1
471,27,12,12,0,10,50,Finished,hulkenberg,27,HUL,http://en.wikipedia.org/wiki/Nico_H%C3%BClkenberg,Nico,Hülkenberg,1987-08-19,German,haas,https://en.wikipedia.org/wiki/Haas_F1_Team,Haas F1 Team,American,4945482.0,+1:10.588,12.0,50.0,1:33.780,kph,237.005,2023,2,Saudi Arabian Grand Prix,2023-03-19,jeddah,haas,1
472,24,13,13,0,11,50,Finished,zhou,24,ZHO,http://en.wikipedia.org/wiki/Zhou_Guanyu,Guanyu,Zhou,1999-05-30,Chinese,alfa,https://en.wikipedia.org/wiki/Alfa_Romeo_in_Formula_One,Alfa Romeo,Swiss,4950954.0,+1:16.060,13.0,49.0,1:33.894,kph,236.718,2023,2,Saudi Arabian Grand Prix,2023-03-19,jeddah,audi,1
473,21,14,14,0,18,50,Finished,de_vries,21,DEV,http://en.wikipedia.org/wiki/Nyck_de_Vries,Nyck,de Vries,1995-02-06,Dutch,alphatauri,https://en.wikipedia.org/wiki/Scuderia_AlphaTauri,AlphaTauri,Italian,4952372.0,+1:17.478,11.0,49.0,1:33.609,kph,237.438,2023,2,Saudi Arabian Grand Prix,2023-03-19,jeddah,rb,1
474,81,15,15,0,8,50,Finished,piastri,81,PIA,http://en.wikipedia.org/wiki/Oscar_Piastri,Oscar,Piastri,2001-04-06,Australian,mclaren,https://en.wikipedia.org/wiki/McLaren,McLaren,British,4959915.0,+1:25.021,16.0,48.0,1:34.287,kph,235.731,2023,2,Saudi Arabian Grand Prix,2023-03-19,jeddah,mclaren,1
475,2,16,16,0,20,50,Finished,sargeant,2,SAR,http://en.wikipedia.org/wiki/Logan_Sargeant,Logan,Sargeant,2000-12-31,American,williams,https://en.wikipedia.org/wiki/Williams_Racing,Williams,British,4961187.0,+1:26.293,18.0,49.0,1:34.469,kph,235.277,2023,2,Saudi Arabian Grand Prix,2023-03-19,jeddah,williams,1
476,4,17,17,0,19,50,Finished,norris,1,NOR,http://en.wikipedia.org/wiki/Lando_Norris,Lando,Norris,1999-11-13,British,mclaren,https://en.wikipedia.org/wiki/McLaren,McLaren,British,4961339.0,+1:26.445,15.0,49.0,1:34.122,kph,236.144,2023,2,Saudi Arabian Grand Prix,2023-03-19,jeddah,mclaren,1
477,77,18,18,0,14,49,Lapped,bottas,77,BOT,http://en.wikipedia.org/wiki/Valtteri_Bottas,Valtteri,Bottas,1989-08-28,Finnish,alfa,https://en.wikipedia.org/wiki/Alfa_Romeo_in_Formula_One,Alfa Romeo,Swiss,4904478.0,+29.584,17.0,37.0,1:34.384,kph,235.489,2023,2,Saudi Arabian Grand Prix,2023-03-19,jeddah,audi,1
478,23,19,R,0,17,27,Retired,albon,23,ALB,http://en.wikipedia.org/wiki/Alexander_Albon,Alexander,Albon,1996-03-23,Thai,williams,https://en.wikipedia.org/wiki/Williams_Racing,Williams,British,,,20.0,24.0,1:35.567,kph,232.574,2023,2,Saudi Arabian Grand Prix,2023-03-19,jeddah,williams,0
479,18,20,R,0,5,16,Retired,stroll,18,STR,http://en.wikipedia.org/wiki/Lance_Stroll,Lance,Stroll,1998-10-29,Canadian,aston_martin,https://en.wikipedia.org/wiki/Aston_Martin_in_Formula_One,Aston Martin,British,,,19.0,7.0,1:35.140,kph,233.617,2023,2,Saudi Arabian Grand Prix,2023-03-19,jeddah,aston_martin,0
480,1,1,1,25,1,58,Finished,max_verstappen,3,VER,http://en.wikipedia.org/wiki/Max_Verstappen,Max,Verstappen,1997-09-30,Dutch,red_bull,https://en.wikipedia.org/wiki/Red_Bull_Racing,Red Bull,Austrian,9158371.0,2:32:38.371,2.0,49.0,1:20.342,kph,236.498,2023,3,Australian Grand Prix,2023-04-02,albert_park,red_bull,1
481,44,2,2,18,3,58,Finished,hamilton,44,HAM,http://en.wikipedia.org/wiki/Lewis_Hamilton,Lewis,Hamilton,1985-01-07,British,mercedes,https://en.wikipedia.org/wiki/Mercedes-Benz_in_Formula_One,Mercedes,German,9158550.0,+0.179,5.0,49.0,1:20.613,kph,235.703,2023,3,Australian Grand Prix,2023-04-02,albert_park,mercedes,1
482,14,3,3,15,4,58,Finished,alonso,14,ALO,http://en.wikipedia.org/wiki/Fernando_Alonso,Fernando,Alonso,1981-07-29,Spanish,aston_martin,https://en.wikipedia.org/wiki/Aston_Martin_in_Formula_One,Aston Martin,British,9159140.0,+0.769,4.0,53.0,1:20.476,kph,236.105,2023,3,Australian Grand Prix,2023-04-02,albert_park,aston_martin,1
483,18,4,4,12,6,58,Finished,stroll,18,STR,http://en.wikipedia.org/wiki/Lance_Stroll,Lance,Stroll,1998-10-29,Canadian,aston_martin,https://en.wikipedia.org/wiki/Aston_Martin_in_Formula_One,Aston Martin,British,9161453.0,+3.082,6.0,50.0,1:20.934,kph,234.769,2023,3,Australian Grand Prix,2023-04-02,albert_park,aston_martin,1
484,11,5,5,11,20,58,Finished,perez,11,PER,http://en.wikipedia.org/wiki/Sergio_P%C3%A9rez,Sergio,Pérez,1990-01-26,Mexican,red_bull,https://en.wikipedia.org/wiki/Red_Bull_Racing,Red Bull,Austrian,9161691.0,+3.320,1.0,53.0,1:20.235,kph,236.814,2023,3,Australian Grand Prix,2023-04-02,albert_park,red_bull,1
485,4,6,6,8,13,58,Finished,norris,1,NOR,http://en.wikipedia.org/wiki/Lando_Norris,Lando,Norris,1999-11-13,British,mclaren,https://en.wikipedia.org/wiki/McLaren,McLaren,British,9162072.0,+3.701,9.0,46.0,1:21.173,kph,234.077,2023,3,Australian Grand Prix,2023-04-02,albert_park,mclaren,1
486,27,7,7,6,10,58,Finished,hulkenberg,27,HUL,http://en.wikipedia.org/wiki/Nico_H%C3%BClkenberg,Nico,Hülkenberg,1987-08-19,German,haas,https://en.wikipedia.org/wiki/Haas_F1_Team,Haas F1 Team,American,9163310.0,+4.939,8.0,46.0,1:21.124,kph,234.219,2023,3,Australian Grand Prix,2023-04-02,albert_park,haas,1
487,81,8,8,4,16,58,Finished,piastri,81,PIA,http://en.wikipedia.org/wiki/Oscar_Piastri,Oscar,Piastri,2001-04-06,Australian,mclaren,https://en.wikipedia.org/wiki/McLaren,McLaren,British,9163753.0,+5.382,12.0,53.0,1:21.335,kph,233.611,2023,3,Australian Grand Prix,2023-04-02,albert_park,mclaren,1
488,24,9,9,2,17,58,Finished,zhou,24,ZHO,http://en.wikipedia.org/wiki/Zhou_Guanyu,Guanyu,Zhou,1999-05-30,Chinese,alfa,https://en.wikipedia.org/wiki/Alfa_Romeo_in_Formula_One,Alfa Romeo,Swiss,9164084.0,+5.713,16.0,48.0,1:21.819,kph,232.229,2023,3,Australian Grand Prix,2023-04-02,albert_park,audi,1
489,22,10,10,1,12,58,Finished,tsunoda,22,TSU,http://en.wikipedia.org/wiki/Yuki_Tsunoda,Yuki,Tsunoda,2000-05-11,Japanese,alphatauri,https://en.wikipedia.org/wiki/Scuderia_AlphaTauri,AlphaTauri,Italian,9164423.0,+6.052,15.0,52.0,1:21.789,kph,232.314,2023,3,Australian Grand Prix,2023-04-02,albert_park,rb,1
490,77,11,11,0,19,58,Finished,bottas,77,BOT,http://en.wikipedia.org/wiki/Valtteri_Bottas,Valtteri,Bottas,1989-08-28,Finnish,alfa,https://en.wikipedia.org/wiki/Alfa_Romeo_in_Formula_One,Alfa Romeo,Swiss,9164884.0,+6.513,17.0,46.0,1:22.233,kph,231.06,2023,3,Australian Grand Prix,2023-04-02,albert_park,audi,1
491,55,12,12,0,5,58,Finished,sainz,55,SAI,http://en.wikipedia.org/wiki/Carlos_Sainz_Jr.,Carlos,Sainz,1994-09-01,Spanish,ferrari,https://en.wikipedia.org/wiki/Scuderia_Ferrari,Ferrari,Italian,9164965.0,+6.594,3.0,53.0,1:20.467,kph,236.131,2023,3,Australian Grand Prix,2023-04-02,albert_park,ferrari,1
492,10,13,13,0,9,56,Retired,gasly,10,GAS,http://en.wikipedia.org/wiki/Pierre_Gasly,Pierre,Gasly,1996-02-07,French,alpine,https://en.wikipedia.org/wiki/Alpine_F1_Team,Alpine F1 Team,French,7003407.0,,7.0,47.0,1:20.995,kph,234.592,2023,3,Australian Grand Prix,2023-04-02,albert_park,alpine,0
493,31,14,14,0,11,56,Retired,ocon,31,OCO,http://en.wikipedia.org/wiki/Esteban_Ocon,Esteban,Ocon,1996-09-17,French,alpine,https://en.wikipedia.org/wiki/Alpine_F1_Team,Alpine F1 Team,French,7004780.0,,11.0,44.0,1:21.203,kph,233.991,2023,3,Australian Grand Prix,2023-04-02,albert_park,alpine,0
494,21,15,15,0,15,56,Retired,de_vries,21,DEV,http://en.wikipedia.org/wiki/Nyck_de_Vries,Nyck,de Vries,1995-02-06,Dutch,alphatauri,https://en.wikipedia.org/wiki/Scuderia_AlphaTauri,AlphaTauri,Italian,7005713.0,,10.0,50.0,1:21.183,kph,234.049,2023,3,Australian Grand Prix,2023-04-02,albert_park,rb,0
495,2,16,16,0,18,56,Retired,sargeant,2,SAR,http://en.wikipedia.org/wiki/Logan_Sargeant,Logan,Sargeant,2000-12-31,American,williams,https://en.wikipedia.org/wiki/Williams_Racing,Williams,British,7005930.0,,13.0,50.0,1:21.456,kph,233.264,2023,3,Australian Grand Prix,2023-04-02,albert_park,williams,0
496,20,17,17,0,14,52,Retired,kevin_magnussen,20,MAG,http://en.wikipedia.org/wiki/Kevin_Magnussen,Kevin,Magnussen,1992-10-05,Danish,haas,https://en.wikipedia.org/wiki/Haas_F1_Team,Haas F1 Team,American,5634610.0,,14.0,52.0,1:21.685,kph,232.61,2023,3,Australian Grand Prix,2023-04-02,albert_park,haas,0
497,63,18,R,0,2,17,Retired,russell,63,RUS,http://en.wikipedia.org/wiki/George_Russell_(racing_driver),George,Russell,1998-02-15,British,mercedes,https://en.wikipedia.org/wiki/Mercedes-Benz_in_Formula_One,Mercedes,German,,,18.0,16.0,1:22.680,kph,229.811,2023,3,Australian Grand Prix,2023-04-02,albert_park,mercedes,0
498,23,19,R,0,8,6,Retired,albon,23,ALB,http://en.wikipedia.org/wiki/Alexander_Albon,Alexander,Albon,1996-03-23,Thai,williams,https://en.wikipedia.org/wiki/Williams_Racing,Williams,British,,,19.0,6.0,1:23.349,kph,227.966,2023,3,Australian Grand Prix,2023-04-02,albert_park,williams,0
499,16,20,R,0,7,0,Retired,leclerc,16,LEC,http://en.wikipedia.org/wiki/Charles_Leclerc,Charles,Leclerc,1997-10-16,Monegasque,ferrari,https://en.wikipedia.org/wiki/Scuderia_Ferrari,Ferrari,Italian,,,,,,,,2023,3,Australian Grand Prix,2023-04-02,albert_park,ferrari,0
500,11,1,1,25,3,51,Finished,perez,11,PER,http://en.wikipedia.org/wiki/Sergio_P%C3%A9rez,Sergio,Pérez,1990-01-26,Mexican,red_bull,https://en.wikipedia.org/wiki/Red_Bull_Racing,Red Bull,Austrian,5562436.0,1:32:42.436,5.0,50.0,1:44.589,kph,206.625,2023,4,Azerbaijan Grand Prix,2023-04-30,baku,red_bull,1
501,1,2,2,18,2,51,Finished,max_verstappen,3,VER,http://en.wikipedia.org/wiki/Max_Verstappen,Max,Verstappen,1997-09-30,Dutch,red_bull,https://en.wikipedia.org/wiki/Red_Bull_Racing,Red Bull,Austrian,5564573.0,+2.137,2.0,51.0,1:44.232,kph,207.333,2023,4,Azerbaijan Grand Prix,2023-04-30,baku,red_bull,1
502,16,3,3,15,1,51,Finished,leclerc,16,LEC,http://en.wikipedia.org/wiki/Charles_Leclerc,Charles,Leclerc,1997-10-16,Monegasque,ferrari,https://en.wikipedia.org/wiki/Scuderia_Ferrari,Ferrari,Italian,5583653.0,+21.217,4.0,49.0,1:44.561,kph,206.681,2023,4,Azerbaijan Grand Prix,2023-04-30,baku,ferrari,1
503,14,4,4,12,6,51,Finished,alonso,14,ALO,http://en.wikipedia.org/wiki/Fernando_Alonso,Fernando,Alonso,1981-07-29,Spanish,aston_martin,https://en.wikipedia.org/wiki/Aston_Martin_in_Formula_One,Aston Martin,British,5584460.0,+22.024,3.0,49.0,1:44.241,kph,207.315,2023,4,Azerbaijan Grand Prix,2023-04-30,baku,aston_martin,1
504,55,5,5,10,4,51,Finished,sainz,55,SAI,http://en.wikipedia.org/wiki/Carlos_Sainz_Jr.,Carlos,Sainz,1994-09-01,Spanish,ferrari,https://en.wikipedia.org/wiki/Scuderia_Ferrari,Ferrari,Italian,5607927.0,+45.491,6.0,48.0,1:45.175,kph,205.474,2023,4,Azerbaijan Grand Prix,2023-04-30,baku,ferrari,1
505,44,6,6,8,5,51,Finished,hamilton,44,HAM,http://en.wikipedia.org/wiki/Lewis_Hamilton,Lewis,Hamilton,1985-01-07,British,mercedes,https://en.wikipedia.org/wiki/Mercedes-Benz_in_Formula_One,Mercedes,German,5608581.0,+46.145,7.0,48.0,1:45.346,kph,205.141,2023,4,Azerbaijan Grand Prix,2023-04-30,baku,mercedes,1
506,18,7,7,6,9,51,Finished,stroll,18,STR,http://en.wikipedia.org/wiki/Lance_Stroll,Lance,Stroll,1998-10-29,Canadian,aston_martin,https://en.wikipedia.org/wiki/Aston_Martin_in_Formula_One,Aston Martin,British,5614053.0,+51.617,9.0,45.0,1:45.627,kph,204.595,2023,4,Azerbaijan Grand Prix,2023-04-30,baku,aston_martin,1
507,63,8,8,5,11,51,Finished,russell,63,RUS,http://en.wikipedia.org/wiki/George_Russell_(racing_driver),George,Russell,1998-02-15,British,mercedes,https://en.wikipedia.org/wiki/Mercedes-Benz_in_Formula_One,Mercedes,German,5636676.0,+1:14.240,1.0,51.0,1:43.370,kph,209.062,2023,4,Azerbaijan Grand Prix,2023-04-30,baku,mercedes,1
508,4,9,9,2,7,51,Finished,norris,1,NOR,http://en.wikipedia.org/wiki/Lando_Norris,Lando,Norris,1999-11-13,British,mclaren,https://en.wikipedia.org/wiki/McLaren,McLaren,British,5642812.0,+1:20.376,12.0,49.0,1:45.738,kph,204.38,2023,4,Azerbaijan Grand Prix,2023-04-30,baku,mclaren,1
509,22,10,10,1,8,51,Finished,tsunoda,22,TSU,http://en.wikipedia.org/wiki/Yuki_Tsunoda,Yuki,Tsunoda,2000-05-11,Japanese,alphatauri,https://en.wikipedia.org/wiki/Scuderia_AlphaTauri,AlphaTauri,Italian,5646298.0,+1:23.862,11.0,51.0,1:45.727,kph,204.401,2023,4,Azerbaijan Grand Prix,2023-04-30,baku,rb,1
510,81,11,11,0,10,51,Finished,piastri,81,PIA,http://en.wikipedia.org/wiki/Oscar_Piastri,Oscar,Piastri,2001-04-06,Australian,mclaren,https://en.wikipedia.org/wiki/McLaren,McLaren,British,5648937.0,+1:26.501,10.0,51.0,1:45.631,kph,204.587,2023,4,Azerbaijan Grand Prix,2023-04-30,baku,mclaren,1
511,23,12,12,0,12,51,Finished,albon,23,ALB,http://en.wikipedia.org/wiki/Alexander_Albon,Alexander,Albon,1996-03-23,Thai,williams,https://en.wikipedia.org/wiki/Williams_Racing,Williams,British,5651059.0,+1:28.623,15.0,51.0,1:45.925,kph,204.019,2023,4,Azerbaijan Grand Prix,2023-04-30,baku,williams,1
512,20,13,13,0,16,51,Finished,kevin_magnussen,20,MAG,http://en.wikipedia.org/wiki/Kevin_Magnussen,Kevin,Magnussen,1992-10-05,Danish,haas,https://en.wikipedia.org/wiki/Haas_F1_Team,Haas F1 Team,American,5652165.0,+1:29.729,13.0,51.0,1:45.850,kph,204.164,2023,4,Azerbaijan Grand Prix,2023-04-30,baku,haas,1
513,10,14,14,0,17,51,Finished,gasly,10,GAS,http://en.wikipedia.org/wiki/Pierre_Gasly,Pierre,Gasly,1996-02-07,French,alpine,https://en.wikipedia.org/wiki/Alpine_F1_Team,Alpine F1 Team,French,5653768.0,+1:31.332,8.0,47.0,1:45.540,kph,204.764,2023,4,Azerbaijan Grand Prix,2023-04-30,baku,alpine,1
514,31,15,15,0,19,51,Finished,ocon,31,OCO,http://en.wikipedia.org/wiki/Esteban_Ocon,Esteban,Ocon,1996-09-17,French,alpine,https://en.wikipedia.org/wiki/Alpine_F1_Team,Alpine F1 Team,French,5660230.0,+1:37.794,14.0,49.0,1:45.908,kph,204.052,2023,4,Azerbaijan Grand Prix,2023-04-30,baku,alpine,1
515,2,16,16,0,14,51,Finished,sargeant,2,SAR,http://en.wikipedia.org/wiki/Logan_Sargeant,Logan,Sargeant,2000-12-31,American,williams,https://en.wikipedia.org/wiki/Williams_Racing,Williams,British,5663379.0,+1:40.943,17.0,49.0,1:46.501,kph,202.916,2023,4,Azerbaijan Grand Prix,2023-04-30,baku,williams,1
516,27,17,17,0,20,50,Lapped,hulkenberg,27,HUL,http://en.wikipedia.org/wiki/Nico_H%C3%BClkenberg,Nico,Hülkenberg,1987-08-19,German,haas,https://en.wikipedia.org/wiki/Haas_F1_Team,Haas F1 Team,American,5572373.0,+9.937,18.0,34.0,1:46.731,kph,202.479,2023,4,Azerbaijan Grand Prix,2023-04-30,baku,haas,1
517,77,18,18,0,13,50,Lapped,bottas,77,BOT,http://en.wikipedia.org/wiki/Valtteri_Bottas,Valtteri,Bottas,1989-08-28,Finnish,alfa,https://en.wikipedia.org/wiki/Alfa_Romeo_in_Formula_One,Alfa Romeo,Swiss,5581534.0,+19.098,16.0,36.0,1:46.304,kph,203.292,2023,4,Azerbaijan Grand Prix,2023-04-30,baku,audi,1
518,24,19,R,0,15,36,Retired,zhou,24,ZHO,http://en.wikipedia.org/wiki/Zhou_Guanyu,Guanyu,Zhou,1999-05-30,Chinese,alfa,https://en.wikipedia.org/wiki/Alfa_Romeo_in_Formula_One,Alfa Romeo,Swiss,,,19.0,31.0,1:47.553,kph,200.931,2023,4,Azerbaijan Grand Prix,2023-04-30,baku,audi,0
519,21,20,R,0,18,9,Retired,de_vries,21,DEV,http://en.wikipedia.org/wiki/Nyck_de_Vries,Nyck,de Vries,1995-02-06,Dutch,alphatauri,https://en.wikipedia.org/wiki/Scuderia_AlphaTauri,AlphaTauri,Italian,,,20.0,4.0,1:48.781,kph,198.663,2023,4,Azerbaijan Grand Prix,2023-04-30,baku,rb,0
520,1,1,1,26,9,57,Finished,max_verstappen,3,VER,http://en.wikipedia.org/wiki/Max_Verstappen,Max,Verstappen,1997-09-30,Dutch,red_bull,https://en.wikipedia.org/wiki/Red_Bull_Racing,Red Bull,Austrian,5258241.0,1:27:38.241,1.0,56.0,1:29.708,kph,217.184,2023,5,Miami Grand Prix,2023-05-07,miami,red_bull,1
521,11,2,2,18,1,57,Finished,perez,11,PER,http://en.wikipedia.org/wiki/Sergio_P%C3%A9rez,Sergio,Pérez,1990-01-26,Mexican,red_bull,https://en.wikipedia.org/wiki/Red_Bull_Racing,Red Bull,Austrian,5263625.0,+5.384,3.0,57.0,1:30.560,kph,215.141,2023,5,Miami Grand Prix,2023-05-07,miami,red_bull,1
522,14,3,3,15,2,57,Finished,alonso,14,ALO,http://en.wikipedia.org/wiki/Fernando_Alonso,Fernando,Alonso,1981-07-29,Spanish,aston_martin,https://en.wikipedia.org/wiki/Aston_Martin_in_Formula_One,Aston Martin,British,5284546.0,+26.305,2.0,57.0,1:30.519,kph,215.238,2023,5,Miami Grand Prix,2023-05-07,miami,aston_martin,1
523,63,4,4,12,6,57,Finished,russell,63,RUS,http://en.wikipedia.org/wiki/George_Russell_(racing_driver),George,Russell,1998-02-15,British,mercedes,https://en.wikipedia.org/wiki/Mercedes-Benz_in_Formula_One,Mercedes,German,5291470.0,+33.229,7.0,57.0,1:31.015,kph,214.065,2023,5,Miami Grand Prix,2023-05-07,miami,mercedes,1
524,55,5,5,10,3,57,Finished,sainz,55,SAI,http://en.wikipedia.org/wiki/Carlos_Sainz_Jr.,Carlos,Sainz,1994-09-01,Spanish,ferrari,https://en.wikipedia.org/wiki/Scuderia_Ferrari,Ferrari,Italian,5300752.0,+42.511,10.0,55.0,1:31.362,kph,213.252,2023,5,Miami Grand Prix,2023-05-07,miami,ferrari,1
525,44,6,6,8,13,57,Finished,hamilton,44,HAM,http://en.wikipedia.org/wiki/Lewis_Hamilton,Lewis,Hamilton,1985-01-07,British,mercedes,https://en.wikipedia.org/wiki/Mercedes-Benz_in_Formula_One,Mercedes,German,5309490.0,+51.249,4.0,57.0,1:30.669,kph,214.882,2023,5,Miami Grand Prix,2023-05-07,miami,mercedes,1
526,16,7,7,6,7,57,Finished,leclerc,16,LEC,http://en.wikipedia.org/wiki/Charles_Leclerc,Charles,Leclerc,1997-10-16,Monegasque,ferrari,https://en.wikipedia.org/wiki/Scuderia_Ferrari,Ferrari,Italian,5311229.0,+52.988,11.0,57.0,1:31.434,kph,213.084,2023,5,Miami Grand Prix,2023-05-07,miami,ferrari,1
527,10,8,8,4,5,57,Finished,gasly,10,GAS,http://en.wikipedia.org/wiki/Pierre_Gasly,Pierre,Gasly,1996-02-07,French,alpine,https://en.wikipedia.org/wiki/Alpine_F1_Team,Alpine F1 Team,French,5313911.0,+55.670,17.0,55.0,1:31.971,kph,211.84,2023,5,Miami Grand Prix,2023-05-07,miami,alpine,1
528,31,9,9,2,8,57,Finished,ocon,31,OCO,http://en.wikipedia.org/wiki/Esteban_Ocon,Esteban,Ocon,1996-09-17,French,alpine,https://en.wikipedia.org/wiki/Alpine_F1_Team,Alpine F1 Team,French,5316364.0,+58.123,9.0,56.0,1:31.143,kph,213.765,2023,5,Miami Grand Prix,2023-05-07,miami,alpine,1
529,20,10,10,1,4,57,Finished,kevin_magnussen,20,MAG,http://en.wikipedia.org/wiki/Kevin_Magnussen,Kevin,Magnussen,1992-10-05,Danish,haas,https://en.wikipedia.org/wiki/Haas_F1_Team,Haas F1 Team,American,5321186.0,+1:02.945,13.0,53.0,1:31.691,kph,212.487,2023,5,Miami Grand Prix,2023-05-07,miami,haas,1
530,22,11,11,0,17,57,Finished,tsunoda,22,TSU,http://en.wikipedia.org/wiki/Yuki_Tsunoda,Yuki,Tsunoda,2000-05-11,Japanese,alphatauri,https://en.wikipedia.org/wiki/Scuderia_AlphaTauri,AlphaTauri,Italian,5322550.0,+1:04.309,8.0,56.0,1:31.038,kph,214.011,2023,5,Miami Grand Prix,2023-05-07,miami,rb,1
531,18,12,12,0,18,57,Finished,stroll,18,STR,http://en.wikipedia.org/wiki/Lance_Stroll,Lance,Stroll,1998-10-29,Canadian,aston_martin,https://en.wikipedia.org/wiki/Aston_Martin_in_Formula_One,Aston Martin,British,5322995.0,+1:04.754,5.0,44.0,1:30.862,kph,214.426,2023,5,Miami Grand Prix,2023-05-07,miami,aston_martin,1
532,77,13,13,0,10,57,Finished,bottas,77,BOT,http://en.wikipedia.org/wiki/Valtteri_Bottas,Valtteri,Bottas,1989-08-28,Finnish,alfa,https://en.wikipedia.org/wiki/Alfa_Romeo_in_Formula_One,Alfa Romeo,Swiss,5329878.0,+1:11.637,15.0,56.0,1:31.838,kph,212.147,2023,5,Miami Grand Prix,2023-05-07,miami,audi,1
533,23,14,14,0,11,57,Finished,albon,23,ALB,http://en.wikipedia.org/wiki/Alexander_Albon,Alexander,Albon,1996-03-23,Thai,williams,https://en.wikipedia.org/wiki/Williams_Racing,Williams,British,5331102.0,+1:12.861,16.0,55.0,1:31.852,kph,212.115,2023,5,Miami Grand Prix,2023-05-07,miami,williams,1
534,27,15,15,0,12,57,Finished,hulkenberg,27,HUL,http://en.wikipedia.org/wiki/Nico_H%C3%BClkenberg,Nico,Hülkenberg,1987-08-19,German,haas,https://en.wikipedia.org/wiki/Haas_F1_Team,Haas F1 Team,American,5333191.0,+1:14.950,6.0,36.0,1:30.901,kph,214.334,2023,5,Miami Grand Prix,2023-05-07,miami,haas,1
535,24,16,16,0,14,57,Finished,zhou,24,ZHO,http://en.wikipedia.org/wiki/Zhou_Guanyu,Guanyu,Zhou,1999-05-30,Chinese,alfa,https://en.wikipedia.org/wiki/Alfa_Romeo_in_Formula_One,Alfa Romeo,Swiss,5336681.0,+1:18.440,14.0,56.0,1:31.736,kph,212.383,2023,5,Miami Grand Prix,2023-05-07,miami,audi,1
536,4,17,17,0,16,57,Finished,norris,1,NOR,http://en.wikipedia.org/wiki/Lando_Norris,Lando,Norris,1999-11-13,British,mclaren,https://en.wikipedia.org/wiki/McLaren,McLaren,British,5345958.0,+1:27.717,20.0,47.0,1:32.401,kph,210.854,2023,5,Miami Grand Prix,2023-05-07,miami,mclaren,1
537,21,18,18,0,15,57,Finished,de_vries,21,DEV,http://en.wikipedia.org/wiki/Nyck_de_Vries,Nyck,de Vries,1995-02-06,Dutch,alphatauri,https://en.wikipedia.org/wiki/Scuderia_AlphaTauri,AlphaTauri,Italian,5347190.0,+1:28.949,12.0,57.0,1:31.562,kph,212.786,2023,5,Miami Grand Prix,2023-05-07,miami,rb,1
538,81,19,19,0,19,56,Lapped,piastri,81,PIA,http://en.wikipedia.org/wiki/Oscar_Piastri,Oscar,Piastri,2001-04-06,Australian,mclaren,https://en.wikipedia.org/wiki/McLaren,McLaren,British,5278751.0,+20.510,18.0,56.0,1:32.006,kph,211.76,2023,5,Miami Grand Prix,2023-05-07,miami,mclaren,1
539,2,20,20,0,20,56,Lapped,sargeant,2,SAR,http://en.wikipedia.org/wiki/Logan_Sargeant,Logan,Sargeant,2000-12-31,American,williams,https://en.wikipedia.org/wiki/Williams_Racing,Williams,British,5292629.0,+34.388,19.0,50.0,1:32.384,kph,210.893,2023,5,Miami Grand Prix,2023-05-07,miami,williams,1
540,1,1,1,25,1,78,Finished,max_verstappen,3,VER,http://en.wikipedia.org/wiki/Max_Verstappen,Max,Verstappen,1997-09-30,Dutch,red_bull,https://en.wikipedia.org/wiki/Red_Bull_Racing,Red Bull,Austrian,6531980.0,1:48:51.980,7.0,23.0,1:16.604,kph,156.822,2023,6,Monaco Grand Prix,2023-05-28,monaco,red_bull,1
541,14,2,2,18,2,78,Finished,alonso,14,ALO,http://en.wikipedia.org/wiki/Fernando_Alonso,Fernando,Alonso,1981-07-29,Spanish,aston_martin,https://en.wikipedia.org/wiki/Aston_Martin_in_Formula_One,Aston Martin,British,6559901.0,+27.921,9.0,43.0,1:16.674,kph,156.678,2023,6,Monaco Grand Prix,2023-05-28,monaco,aston_martin,1
542,31,3,3,15,3,78,Finished,ocon,31,OCO,http://en.wikipedia.org/wiki/Esteban_Ocon,Esteban,Ocon,1996-09-17,French,alpine,https://en.wikipedia.org/wiki/Alpine_F1_Team,Alpine F1 Team,French,6568970.0,+36.990,6.0,41.0,1:16.528,kph,156.977,2023,6,Monaco Grand Prix,2023-05-28,monaco,alpine,1
543,44,4,4,13,5,78,Finished,hamilton,44,HAM,http://en.wikipedia.org/wiki/Lewis_Hamilton,Lewis,Hamilton,1985-01-07,British,mercedes,https://en.wikipedia.org/wiki/Mercedes-Benz_in_Formula_One,Mercedes,German,6571042.0,+39.062,1.0,33.0,1:15.650,kph,158.799,2023,6,Monaco Grand Prix,2023-05-28,monaco,mercedes,1
544,63,5,5,10,8,78,Finished,russell,63,RUS,http://en.wikipedia.org/wiki/George_Russell_(racing_driver),George,Russell,1998-02-15,British,mercedes,https://en.wikipedia.org/wiki/Mercedes-Benz_in_Formula_One,Mercedes,German,6588264.0,+56.284,10.0,48.0,1:16.798,kph,156.425,2023,6,Monaco Grand Prix,2023-05-28,monaco,mercedes,1
545,16,6,6,8,6,78,Finished,leclerc,16,LEC,http://en.wikipedia.org/wiki/Charles_Leclerc,Charles,Leclerc,1997-10-16,Monegasque,ferrari,https://en.wikipedia.org/wiki/Scuderia_Ferrari,Ferrari,Italian,6593870.0,+1:01.890,2.0,46.0,1:15.773,kph,158.541,2023,6,Monaco Grand Prix,2023-05-28,monaco,ferrari,1
546,10,7,7,6,7,78,Finished,gasly,10,GAS,http://en.wikipedia.org/wiki/Pierre_Gasly,Pierre,Gasly,1996-02-07,French,alpine,https://en.wikipedia.org/wiki/Alpine_F1_Team,Alpine F1 Team,French,6594342.0,+1:02.362,3.0,49.0,1:15.831,kph,158.42,2023,6,Monaco Grand Prix,2023-05-28,monaco,alpine,1
547,55,8,8,4,4,78,Finished,sainz,55,SAI,http://en.wikipedia.org/wiki/Carlos_Sainz_Jr.,Carlos,Sainz,1994-09-01,Spanish,ferrari,https://en.wikipedia.org/wiki/Scuderia_Ferrari,Ferrari,Italian,6595371.0,+1:03.391,5.0,43.0,1:16.449,kph,157.14,2023,6,Monaco Grand Prix,2023-05-28,monaco,ferrari,1
548,4,9,9,2,10,77,Lapped,norris,1,NOR,http://en.wikipedia.org/wiki/Lando_Norris,Lando,Norris,1999-11-13,British,mclaren,https://en.wikipedia.org/wiki/McLaren,McLaren,British,6536041.0,+4.061,19.0,46.0,1:17.844,kph,154.324,2023,6,Monaco Grand Prix,2023-05-28,monaco,mclaren,1
549,81,10,10,1,11,77,Lapped,piastri,81,PIA,http://en.wikipedia.org/wiki/Oscar_Piastri,Oscar,Piastri,2001-04-06,Australian,mclaren,https://en.wikipedia.org/wiki/McLaren,McLaren,British,6545939.0,+13.959,14.0,47.0,1:17.513,kph,154.983,2023,6,Monaco Grand Prix,2023-05-28,monaco,mclaren,1
550,77,11,11,0,15,77,Lapped,bottas,77,BOT,http://en.wikipedia.org/wiki/Valtteri_Bottas,Valtteri,Bottas,1989-08-28,Finnish,alfa,https://en.wikipedia.org/wiki/Alfa_Romeo_in_Formula_One,Alfa Romeo,Swiss,6560943.0,+28.963,18.0,19.0,1:17.824,kph,154.363,2023,6,Monaco Grand Prix,2023-05-28,monaco,audi,1
551,21,12,12,0,12,77,Lapped,de_vries,21,DEV,http://en.wikipedia.org/wiki/Nyck_de_Vries,Nyck,de Vries,1995-02-06,Dutch,alphatauri,https://en.wikipedia.org/wiki/Scuderia_AlphaTauri,AlphaTauri,Italian,6589297.0,+57.317,15.0,43.0,1:17.561,kph,154.887,2023,6,Monaco Grand Prix,2023-05-28,monaco,rb,1
552,24,13,13,0,19,77,Lapped,zhou,24,ZHO,http://en.wikipedia.org/wiki/Zhou_Guanyu,Guanyu,Zhou,1999-05-30,Chinese,alfa,https://en.wikipedia.org/wiki/Alfa_Romeo_in_Formula_One,Alfa Romeo,Swiss,6603832.0,+1:11.852,11.0,5.0,1:16.926,kph,156.165,2023,6,Monaco Grand Prix,2023-05-28,monaco,audi,1
553,23,14,14,0,13,77,Lapped,albon,23,ALB,http://en.wikipedia.org/wiki/Alexander_Albon,Alexander,Albon,1996-03-23,Thai,williams,https://en.wikipedia.org/wiki/Williams_Racing,Williams,British,6611190.0,+1:19.210,8.0,24.0,1:16.672,kph,156.683,2023,6,Monaco Grand Prix,2023-05-28,monaco,williams,1
554,22,15,15,0,9,76,Lapped,tsunoda,22,TSU,http://en.wikipedia.org/wiki/Yuki_Tsunoda,Yuki,Tsunoda,2000-05-11,Japanese,alphatauri,https://en.wikipedia.org/wiki/Scuderia_AlphaTauri,AlphaTauri,Italian,6539525.0,+7.545,16.0,36.0,1:17.680,kph,154.649,2023,6,Monaco Grand Prix,2023-05-28,monaco,rb,1
555,11,16,16,0,20,76,Lapped,perez,11,PER,http://en.wikipedia.org/wiki/Sergio_P%C3%A9rez,Sergio,Pérez,1990-01-26,Mexican,red_bull,https://en.wikipedia.org/wiki/Red_Bull_Racing,Red Bull,Austrian,6581004.0,+49.024,4.0,5.0,1:16.269,kph,157.51,2023,6,Monaco Grand Prix,2023-05-28,monaco,red_bull,1
556,27,17,17,0,18,76,Lapped,hulkenberg,27,HUL,http://en.wikipedia.org/wiki/Nico_H%C3%BClkenberg,Nico,Hülkenberg,1987-08-19,German,haas,https://en.wikipedia.org/wiki/Haas_F1_Team,Haas F1 Team,American,6590486.0,+58.506,12.0,6.0,1:16.991,kph,156.033,2023,6,Monaco Grand Prix,2023-05-28,monaco,haas,1
557,2,18,18,0,16,76,Lapped,sargeant,2,SAR,http://en.wikipedia.org/wiki/Logan_Sargeant,Logan,Sargeant,2000-12-31,American,williams,https://en.wikipedia.org/wiki/Williams_Racing,Williams,British,6609963.0,+1:17.983,13.0,32.0,1:17.302,kph,155.406,2023,6,Monaco Grand Prix,2023-05-28,monaco,williams,1
558,20,19,19,0,17,70,Retired,kevin_magnussen,20,MAG,http://en.wikipedia.org/wiki/Kevin_Magnussen,Kevin,Magnussen,1992-10-05,Danish,haas,https://en.wikipedia.org/wiki/Haas_F1_Team,Haas F1 Team,American,6156799.0,,20.0,41.0,1:18.351,kph,153.325,2023,6,Monaco Grand Prix,2023-05-28,monaco,haas,0
559,18,20,R,0,14,53,Retired,stroll,18,STR,http://en.wikipedia.org/wiki/Lance_Stroll,Lance,Stroll,1998-10-29,Canadian,aston_martin,https://en.wikipedia.org/wiki/Aston_Martin_in_Formula_One,Aston Martin,British,,,17.0,18.0,1:17.769,kph,154.472,2023,6,Monaco Grand Prix,2023-05-28,monaco,aston_martin,0
560,1,1,1,26,1,66,Finished,max_verstappen,3,VER,http://en.wikipedia.org/wiki/Max_Verstappen,Max,Verstappen,1997-09-30,Dutch,red_bull,https://en.wikipedia.org/wiki/Red_Bull_Racing,Red Bull,Austrian,5277940.0,1:27:57.940,1.0,61.0,1:16.330,kph,219.641,2023,7,Spanish Grand Prix,2023-06-04,catalunya,red_bull,1
561,44,2,2,18,4,66,Finished,hamilton,44,HAM,http://en.wikipedia.org/wiki/Lewis_Hamilton,Lewis,Hamilton,1985-01-07,British,mercedes,https://en.wikipedia.org/wiki/Mercedes-Benz_in_Formula_One,Mercedes,German,5302030.0,+24.090,3.0,62.0,1:16.676,kph,218.649,2023,7,Spanish Grand Prix,2023-06-04,catalunya,mercedes,1
562,63,3,3,15,12,66,Finished,russell,63,RUS,http://en.wikipedia.org/wiki/George_Russell_(racing_driver),George,Russell,1998-02-15,British,mercedes,https://en.wikipedia.org/wiki/Mercedes-Benz_in_Formula_One,Mercedes,German,5310329.0,+32.389,5.0,48.0,1:17.875,kph,215.283,2023,7,Spanish Grand Prix,2023-06-04,catalunya,mercedes,1
563,11,4,4,12,11,66,Finished,perez,11,PER,http://en.wikipedia.org/wiki/Sergio_P%C3%A9rez,Sergio,Pérez,1990-01-26,Mexican,red_bull,https://en.wikipedia.org/wiki/Red_Bull_Racing,Red Bull,Austrian,5313752.0,+35.812,2.0,52.0,1:16.666,kph,218.678,2023,7,Spanish Grand Prix,2023-06-04,catalunya,red_bull,1
564,55,5,5,10,2,66,Finished,sainz,55,SAI,http://en.wikipedia.org/wiki/Carlos_Sainz_Jr.,Carlos,Sainz,1994-09-01,Spanish,ferrari,https://en.wikipedia.org/wiki/Scuderia_Ferrari,Ferrari,Italian,5323638.0,+45.698,11.0,60.0,1:18.403,kph,213.833,2023,7,Spanish Grand Prix,2023-06-04,catalunya,ferrari,1
565,18,6,6,8,5,66,Finished,stroll,18,STR,http://en.wikipedia.org/wiki/Lance_Stroll,Lance,Stroll,1998-10-29,Canadian,aston_martin,https://en.wikipedia.org/wiki/Aston_Martin_in_Formula_One,Aston Martin,British,5341260.0,+1:03.320,14.0,56.0,1:18.722,kph,212.967,2023,7,Spanish Grand Prix,2023-06-04,catalunya,aston_martin,1
566,14,7,7,6,8,66,Finished,alonso,14,ALO,http://en.wikipedia.org/wiki/Fernando_Alonso,Fernando,Alonso,1981-07-29,Spanish,aston_martin,https://en.wikipedia.org/wiki/Aston_Martin_in_Formula_One,Aston Martin,British,5342067.0,+1:04.127,7.0,49.0,1:18.083,kph,214.709,2023,7,Spanish Grand Prix,2023-06-04,catalunya,aston_martin,1
567,31,8,8,4,6,66,Finished,ocon,31,OCO,http://en.wikipedia.org/wiki/Esteban_Ocon,Esteban,Ocon,1996-09-17,French,alpine,https://en.wikipedia.org/wiki/Alpine_F1_Team,Alpine F1 Team,French,5347182.0,+1:09.242,18.0,54.0,1:18.946,kph,212.362,2023,7,Spanish Grand Prix,2023-06-04,catalunya,alpine,1
568,24,9,9,2,13,66,Finished,zhou,24,ZHO,http://en.wikipedia.org/wiki/Zhou_Guanyu,Guanyu,Zhou,1999-05-30,Chinese,alfa,https://en.wikipedia.org/wiki/Alfa_Romeo_in_Formula_One,Alfa Romeo,Swiss,5349818.0,+1:11.878,15.0,38.0,1:18.753,kph,212.883,2023,7,Spanish Grand Prix,2023-06-04,catalunya,audi,1
569,10,10,10,1,10,66,Finished,gasly,10,GAS,http://en.wikipedia.org/wiki/Pierre_Gasly,Pierre,Gasly,1996-02-07,French,alpine,https://en.wikipedia.org/wiki/Alpine_F1_Team,Alpine F1 Team,French,5351470.0,+1:13.530,10.0,41.0,1:18.375,kph,213.91,2023,7,Spanish Grand Prix,2023-06-04,catalunya,alpine,1
570,16,11,11,0,19,66,Finished,leclerc,16,LEC,http://en.wikipedia.org/wiki/Charles_Leclerc,Charles,Leclerc,1997-10-16,Monegasque,ferrari,https://en.wikipedia.org/wiki/Scuderia_Ferrari,Ferrari,Italian,5352359.0,+1:14.419,9.0,52.0,1:18.357,kph,213.959,2023,7,Spanish Grand Prix,2023-06-04,catalunya,ferrari,1
571,22,12,12,0,15,66,Finished,tsunoda,22,TSU,http://en.wikipedia.org/wiki/Yuki_Tsunoda,Yuki,Tsunoda,2000-05-11,Japanese,alphatauri,https://en.wikipedia.org/wiki/Scuderia_AlphaTauri,AlphaTauri,Italian,5353356.0,+1:15.416,17.0,59.0,1:18.904,kph,212.475,2023,7,Spanish Grand Prix,2023-06-04,catalunya,rb,1
572,81,13,13,0,9,65,Lapped,piastri,81,PIA,http://en.wikipedia.org/wiki/Oscar_Piastri,Oscar,Piastri,2001-04-06,Australian,mclaren,https://en.wikipedia.org/wiki/McLaren,McLaren,British,5282215.0,+4.275,13.0,41.0,1:18.679,kph,213.083,2023,7,Spanish Grand Prix,2023-06-04,catalunya,mclaren,1
573,21,14,14,0,14,65,Lapped,de_vries,21,DEV,http://en.wikipedia.org/wiki/Nyck_de_Vries,Nyck,de Vries,1995-02-06,Dutch,alphatauri,https://en.wikipedia.org/wiki/Scuderia_AlphaTauri,AlphaTauri,Italian,5283267.0,+5.327,12.0,41.0,1:18.594,kph,213.313,2023,7,Spanish Grand Prix,2023-06-04,catalunya,rb,1
574,27,15,15,0,7,65,Lapped,hulkenberg,27,HUL,http://en.wikipedia.org/wiki/Nico_H%C3%BClkenberg,Nico,Hülkenberg,1987-08-19,German,haas,https://en.wikipedia.org/wiki/Haas_F1_Team,Haas F1 Team,American,5295237.0,+17.297,16.0,53.0,1:18.776,kph,212.821,2023,7,Spanish Grand Prix,2023-06-04,catalunya,haas,1
575,23,16,16,0,18,65,Lapped,albon,23,ALB,http://en.wikipedia.org/wiki/Alexander_Albon,Alexander,Albon,1996-03-23,Thai,williams,https://en.wikipedia.org/wiki/Williams_Racing,Williams,British,5305648.0,+27.708,19.0,59.0,1:19.133,kph,211.861,2023,7,Spanish Grand Prix,2023-06-04,catalunya,williams,1
576,4,17,17,0,3,65,Lapped,norris,1,NOR,http://en.wikipedia.org/wiki/Lando_Norris,Lando,Norris,1999-11-13,British,mclaren,https://en.wikipedia.org/wiki/McLaren,McLaren,British,5308330.0,+30.390,4.0,55.0,1:17.182,kph,217.216,2023,7,Spanish Grand Prix,2023-06-04,catalunya,mclaren,1
577,20,18,18,0,17,65,Lapped,kevin_magnussen,20,MAG,http://en.wikipedia.org/wiki/Kevin_Magnussen,Kevin,Magnussen,1992-10-05,Danish,haas,https://en.wikipedia.org/wiki/Haas_F1_Team,Haas F1 Team,American,5316020.0,+38.080,6.0,44.0,1:18.069,kph,214.748,2023,7,Spanish Grand Prix,2023-06-04,catalunya,haas,1
578,77,19,19,0,16,65,Lapped,bottas,77,BOT,http://en.wikipedia.org/wiki/Valtteri_Bottas,Valtteri,Bottas,1989-08-28,Finnish,alfa,https://en.wikipedia.org/wiki/Alfa_Romeo_in_Formula_One,Alfa Romeo,Swiss,5327883.0,+49.943,8.0,50.0,1:18.242,kph,214.273,2023,7,Spanish Grand Prix,2023-06-04,catalunya,audi,1
579,2,20,20,0,20,65,Lapped,sargeant,2,SAR,http://en.wikipedia.org/wiki/Logan_Sargeant,Logan,Sargeant,2000-12-31,American,williams,https://en.wikipedia.org/wiki/Williams_Racing,Williams,British,5329617.0,+51.677,20.0,41.0,1:19.247,kph,211.556,2023,7,Spanish Grand Prix,2023-06-04,catalunya,williams,1
580,1,1,1,25,1,70,Finished,max_verstappen,3,VER,http://en.wikipedia.org/wiki/Max_Verstappen,Max,Verstappen,1997-09-30,Dutch,red_bull,https://en.wikipedia.org/wiki/Red_Bull_Racing,Red Bull,Austrian,5638348.0,1:33:58.348,3.0,68.0,1:15.594,kph,207.683,2023,8,Canadian Grand Prix,2023-06-18,villeneuve,red_bull,1
581,14,2,2,18,2,70,Finished,alonso,14,ALO,http://en.wikipedia.org/wiki/Fernando_Alonso,Fernando,Alonso,1981-07-29,Spanish,aston_martin,https://en.wikipedia.org/wiki/Aston_Martin_in_Formula_One,Aston Martin,British,5647918.0,+9.570,4.0,62.0,1:15.779,kph,207.176,2023,8,Canadian Grand Prix,2023-06-18,villeneuve,aston_martin,1
582,44,3,3,15,3,70,Finished,hamilton,44,HAM,http://en.wikipedia.org/wiki/Lewis_Hamilton,Lewis,Hamilton,1985-01-07,British,mercedes,https://en.wikipedia.org/wiki/Mercedes-Benz_in_Formula_One,Mercedes,German,5652516.0,+14.168,2.0,47.0,1:15.396,kph,208.228,2023,8,Canadian Grand Prix,2023-06-18,villeneuve,mercedes,1
583,16,4,4,12,10,70,Finished,leclerc,16,LEC,http://en.wikipedia.org/wiki/Charles_Leclerc,Charles,Leclerc,1997-10-16,Monegasque,ferrari,https://en.wikipedia.org/wiki/Scuderia_Ferrari,Ferrari,Italian,5656996.0,+18.648,5.0,47.0,1:15.907,kph,206.826,2023,8,Canadian Grand Prix,2023-06-18,villeneuve,ferrari,1
584,55,5,5,10,11,70,Finished,sainz,55,SAI,http://en.wikipedia.org/wiki/Carlos_Sainz_Jr.,Carlos,Sainz,1994-09-01,Spanish,ferrari,https://en.wikipedia.org/wiki/Scuderia_Ferrari,Ferrari,Italian,5659888.0,+21.540,6.0,47.0,1:15.911,kph,206.815,2023,8,Canadian Grand Prix,2023-06-18,villeneuve,ferrari,1
585,11,6,6,9,12,70,Finished,perez,11,PER,http://en.wikipedia.org/wiki/Sergio_P%C3%A9rez,Sergio,Pérez,1990-01-26,Mexican,red_bull,https://en.wikipedia.org/wiki/Red_Bull_Racing,Red Bull,Austrian,5689376.0,+51.028,1.0,70.0,1:14.481,kph,210.786,2023,8,Canadian Grand Prix,2023-06-18,villeneuve,red_bull,1
586,23,7,7,6,9,70,Finished,albon,23,ALB,http://en.wikipedia.org/wiki/Alexander_Albon,Alexander,Albon,1996-03-23,Thai,williams,https://en.wikipedia.org/wiki/Williams_Racing,Williams,British,5699161.0,+1:00.813,16.0,68.0,1:16.917,kph,204.11,2023,8,Canadian Grand Prix,2023-06-18,villeneuve,williams,1
587,31,8,8,4,6,70,Finished,ocon,31,OCO,http://en.wikipedia.org/wiki/Esteban_Ocon,Esteban,Ocon,1996-09-17,French,alpine,https://en.wikipedia.org/wiki/Alpine_F1_Team,Alpine F1 Team,French,5700040.0,+1:01.692,15.0,63.0,1:16.782,kph,204.469,2023,8,Canadian Grand Prix,2023-06-18,villeneuve,alpine,1
588,18,9,9,2,16,70,Finished,stroll,18,STR,http://en.wikipedia.org/wiki/Lance_Stroll,Lance,Stroll,1998-10-29,Canadian,aston_martin,https://en.wikipedia.org/wiki/Aston_Martin_in_Formula_One,Aston Martin,British,5702750.0,+1:04.402,10.0,58.0,1:16.564,kph,205.051,2023,8,Canadian Grand Prix,2023-06-18,villeneuve,aston_martin,1
589,77,10,10,1,14,70,Finished,bottas,77,BOT,http://en.wikipedia.org/wiki/Valtteri_Bottas,Valtteri,Bottas,1989-08-28,Finnish,alfa,https://en.wikipedia.org/wiki/Alfa_Romeo_in_Formula_One,Alfa Romeo,Swiss,5702780.0,+1:04.432,12.0,52.0,1:16.625,kph,204.888,2023,8,Canadian Grand Prix,2023-06-18,villeneuve,audi,1
590,81,11,11,0,8,70,Finished,piastri,81,PIA,http://en.wikipedia.org/wiki/Oscar_Piastri,Oscar,Piastri,2001-04-06,Australian,mclaren,https://en.wikipedia.org/wiki/McLaren,McLaren,British,5703449.0,+1:05.101,11.0,59.0,1:16.598,kph,204.96,2023,8,Canadian Grand Prix,2023-06-18,villeneuve,mclaren,1
591,10,12,12,0,15,70,Finished,gasly,10,GAS,http://en.wikipedia.org/wiki/Pierre_Gasly,Pierre,Gasly,1996-02-07,French,alpine,https://en.wikipedia.org/wiki/Alpine_F1_Team,Alpine F1 Team,French,5703597.0,+1:05.249,9.0,67.0,1:16.425,kph,205.424,2023,8,Canadian Grand Prix,2023-06-18,villeneuve,alpine,1
592,4,13,13,0,7,70,Finished,norris,1,NOR,http://en.wikipedia.org/wiki/Lando_Norris,Lando,Norris,1999-11-13,British,mclaren,https://en.wikipedia.org/wiki/McLaren,McLaren,British,5706711.0,+1:08.363,8.0,65.0,1:16.374,kph,205.562,2023,8,Canadian Grand Prix,2023-06-18,villeneuve,mclaren,1
593,22,14,14,0,19,70,Finished,tsunoda,22,TSU,http://en.wikipedia.org/wiki/Yuki_Tsunoda,Yuki,Tsunoda,2000-05-11,Japanese,alphatauri,https://en.wikipedia.org/wiki/Scuderia_AlphaTauri,AlphaTauri,Italian,5711771.0,+1:13.423,14.0,68.0,1:16.666,kph,204.779,2023,8,Canadian Grand Prix,2023-06-18,villeneuve,rb,1
594,27,15,15,0,5,69,Lapped,hulkenberg,27,HUL,http://en.wikipedia.org/wiki/Nico_H%C3%BClkenberg,Nico,Hülkenberg,1987-08-19,German,haas,https://en.wikipedia.org/wiki/Haas_F1_Team,Haas F1 Team,American,5655291.0,+16.943,19.0,37.0,1:17.232,kph,203.278,2023,8,Canadian Grand Prix,2023-06-18,villeneuve,haas,1
595,24,16,16,0,20,69,Lapped,zhou,24,ZHO,http://en.wikipedia.org/wiki/Zhou_Guanyu,Guanyu,Zhou,1999-05-30,Chinese,alfa,https://en.wikipedia.org/wiki/Alfa_Romeo_in_Formula_One,Alfa Romeo,Swiss,5655725.0,+17.377,17.0,58.0,1:17.090,kph,203.652,2023,8,Canadian Grand Prix,2023-06-18,villeneuve,audi,1
596,20,17,17,0,13,69,Lapped,kevin_magnussen,20,MAG,http://en.wikipedia.org/wiki/Kevin_Magnussen,Kevin,Magnussen,1992-10-05,Danish,haas,https://en.wikipedia.org/wiki/Haas_F1_Team,Haas F1 Team,American,5708607.0,+1:10.259,7.0,55.0,1:16.126,kph,206.231,2023,8,Canadian Grand Prix,2023-06-18,villeneuve,haas,1
597,21,18,18,0,17,69,Lapped,de_vries,21,DEV,http://en.wikipedia.org/wiki/Nyck_de_Vries,Nyck,de Vries,1995-02-06,Dutch,alphatauri,https://en.wikipedia.org/wiki/Scuderia_AlphaTauri,AlphaTauri,Italian,5713315.0,+1:14.967,13.0,52.0,1:16.656,kph,204.805,2023,8,Canadian Grand Prix,2023-06-18,villeneuve,rb,1
598,63,19,R,0,4,53,Retired,russell,63,RUS,http://en.wikipedia.org/wiki/George_Russell_(racing_driver),George,Russell,1998-02-15,British,mercedes,https://en.wikipedia.org/wiki/Mercedes-Benz_in_Formula_One,Mercedes,German,,,18.0,44.0,1:17.097,kph,203.634,2023,8,Canadian Grand Prix,2023-06-18,villeneuve,mercedes,0
599,2,20,R,0,18,6,Retired,sargeant,2,SAR,http://en.wikipedia.org/wiki/Logan_Sargeant,Logan,Sargeant,2000-12-31,American,williams,https://en.wikipedia.org/wiki/Williams_Racing,Williams,British,,,20.0,4.0,1:18.437,kph,200.155,2023,8,Canadian Grand Prix,2023-06-18,villeneuve,williams,0
600,1,1,1,26,1,71,Finished,max_verstappen,3,VER,http://en.wikipedia.org/wiki/Max_Verstappen,Max,Verstappen,1997-09-30,Dutch,red_bull,https://en.wikipedia.org/wiki/Red_Bull_Racing,Red Bull,Austrian,5133607.0,1:25:33.607,1.0,71.0,1:07.012,kph,231.97,2023,9,Austrian Grand Prix,2023-07-02,red_bull_ring,red_bull,1
601,16,2,2,18,2,71,Finished,leclerc,16,LEC,http://en.wikipedia.org/wiki/Charles_Leclerc,Charles,Leclerc,1997-10-16,Monegasque,ferrari,https://en.wikipedia.org/wiki/Scuderia_Ferrari,Ferrari,Italian,5138762.0,+5.155,5.0,51.0,1:08.820,kph,225.876,2023,9,Austrian Grand Prix,2023-07-02,red_bull_ring,ferrari,1
602,11,3,3,15,15,71,Finished,perez,11,PER,http://en.wikipedia.org/wiki/Sergio_P%C3%A9rez,Sergio,Pérez,1990-01-26,Mexican,red_bull,https://en.wikipedia.org/wiki/Red_Bull_Racing,Red Bull,Austrian,5150795.0,+17.188,2.0,52.0,1:08.111,kph,228.227,2023,9,Austrian Grand Prix,2023-07-02,red_bull_ring,red_bull,1
603,4,4,4,12,4,71,Finished,norris,1,NOR,http://en.wikipedia.org/wiki/Lando_Norris,Lando,Norris,1999-11-13,British,mclaren,https://en.wikipedia.org/wiki/McLaren,McLaren,British,5159934.0,+26.327,4.0,48.0,1:08.739,kph,226.142,2023,9,Austrian Grand Prix,2023-07-02,red_bull_ring,mclaren,1
604,14,5,5,10,7,71,Finished,alonso,14,ALO,http://en.wikipedia.org/wiki/Fernando_Alonso,Fernando,Alonso,1981-07-29,Spanish,aston_martin,https://en.wikipedia.org/wiki/Aston_Martin_in_Formula_One,Aston Martin,British,5163924.0,+30.317,8.0,54.0,1:09.108,kph,224.934,2023,9,Austrian Grand Prix,2023-07-02,red_bull_ring,aston_martin,1
605,55,6,6,8,3,71,Finished,sainz,55,SAI,http://en.wikipedia.org/wiki/Carlos_Sainz_Jr.,Carlos,Sainz,1994-09-01,Spanish,ferrari,https://en.wikipedia.org/wiki/Scuderia_Ferrari,Ferrari,Italian,5164984.0,+31.377,6.0,50.0,1:08.880,kph,225.679,2023,9,Austrian Grand Prix,2023-07-02,red_bull_ring,ferrari,1
606,63,7,7,6,11,71,Finished,russell,63,RUS,http://en.wikipedia.org/wiki/George_Russell_(racing_driver),George,Russell,1998-02-15,British,mercedes,https://en.wikipedia.org/wiki/Mercedes-Benz_in_Formula_One,Mercedes,German,5182010.0,+48.403,10.0,49.0,1:09.283,kph,224.366,2023,9,Austrian Grand Prix,2023-07-02,red_bull_ring,mercedes,1
607,44,8,8,4,5,71,Finished,hamilton,44,HAM,http://en.wikipedia.org/wiki/Lewis_Hamilton,Lewis,Hamilton,1985-01-07,British,mercedes,https://en.wikipedia.org/wiki/Mercedes-Benz_in_Formula_One,Mercedes,German,5182803.0,+49.196,9.0,48.0,1:09.160,kph,224.765,2023,9,Austrian Grand Prix,2023-07-02,red_bull_ring,mercedes,1
608,18,9,9,2,6,71,Finished,stroll,18,STR,http://en.wikipedia.org/wiki/Lance_Stroll,Lance,Stroll,1998-10-29,Canadian,aston_martin,https://en.wikipedia.org/wiki/Aston_Martin_in_Formula_One,Aston Martin,British,5192650.0,+59.043,3.0,57.0,1:08.463,kph,227.054,2023,9,Austrian Grand Prix,2023-07-02,red_bull_ring,aston_martin,1
609,10,10,10,1,9,71,Finished,gasly,10,GAS,http://en.wikipedia.org/wiki/Pierre_Gasly,Pierre,Gasly,1996-02-07,French,alpine,https://en.wikipedia.org/wiki/Alpine_F1_Team,Alpine F1 Team,French,5201274.0,+1:07.667,7.0,48.0,1:09.046,kph,225.136,2023,9,Austrian Grand Prix,2023-07-02,red_bull_ring,alpine,1
610,23,11,11,0,10,71,Finished,albon,23,ALB,http://en.wikipedia.org/wiki/Alexander_Albon,Alexander,Albon,1996-03-23,Thai,williams,https://en.wikipedia.org/wiki/Williams_Racing,Williams,British,5213374.0,+1:19.767,11.0,53.0,1:09.560,kph,223.473,2023,9,Austrian Grand Prix,2023-07-02,red_bull_ring,williams,1
611,24,12,12,0,17,70,Lapped,zhou,24,ZHO,http://en.wikipedia.org/wiki/Zhou_Guanyu,Guanyu,Zhou,1999-05-30,Chinese,alfa,https://en.wikipedia.org/wiki/Alfa_Romeo_in_Formula_One,Alfa Romeo,Swiss,5158240.0,+24.633,14.0,46.0,1:09.786,kph,222.749,2023,9,Austrian Grand Prix,2023-07-02,red_bull_ring,audi,1
612,2,13,13,0,18,70,Lapped,sargeant,2,SAR,http://en.wikipedia.org/wiki/Logan_Sargeant,Logan,Sargeant,2000-12-31,American,williams,https://en.wikipedia.org/wiki/Williams_Racing,Williams,British,5164991.0,+31.384,12.0,45.0,1:09.611,kph,223.309,2023,9,Austrian Grand Prix,2023-07-02,red_bull_ring,williams,1
613,31,14,14,0,12,70,Lapped,ocon,31,OCO,http://en.wikipedia.org/wiki/Esteban_Ocon,Esteban,Ocon,1996-09-17,French,alpine,https://en.wikipedia.org/wiki/Alpine_F1_Team,Alpine F1 Team,French,5175747.0,+42.140,15.0,50.0,1:09.797,kph,222.714,2023,9,Austrian Grand Prix,2023-07-02,red_bull_ring,alpine,1
614,77,15,15,0,14,70,Lapped,bottas,77,BOT,http://en.wikipedia.org/wiki/Valtteri_Bottas,Valtteri,Bottas,1989-08-28,Finnish,alfa,https://en.wikipedia.org/wiki/Alfa_Romeo_in_Formula_One,Alfa Romeo,Swiss,5176384.0,+42.777,18.0,49.0,1:09.940,kph,222.259,2023,9,Austrian Grand Prix,2023-07-02,red_bull_ring,audi,1
615,81,16,16,0,13,70,Lapped,piastri,81,PIA,http://en.wikipedia.org/wiki/Oscar_Piastri,Oscar,Piastri,2001-04-06,Australian,mclaren,https://en.wikipedia.org/wiki/McLaren,McLaren,British,5180176.0,+46.569,17.0,46.0,1:09.862,kph,222.507,2023,9,Austrian Grand Prix,2023-07-02,red_bull_ring,mclaren,1
616,21,17,17,0,20,70,Lapped,de_vries,21,DEV,http://en.wikipedia.org/wiki/Nyck_de_Vries,Nyck,de Vries,1995-02-06,Dutch,alphatauri,https://en.wikipedia.org/wiki/Scuderia_AlphaTauri,AlphaTauri,Italian,5183310.0,+49.703,16.0,46.0,1:09.852,kph,222.539,2023,9,Austrian Grand Prix,2023-07-02,red_bull_ring,rb,1
617,20,18,18,0,19,70,Lapped,kevin_magnussen,20,MAG,http://en.wikipedia.org/wiki/Kevin_Magnussen,Kevin,Magnussen,1992-10-05,Danish,haas,https://en.wikipedia.org/wiki/Haas_F1_Team,Haas F1 Team,American,5190260.0,+56.653,19.0,37.0,1:10.176,kph,221.511,2023,9,Austrian Grand Prix,2023-07-02,red_bull_ring,haas,1
618,22,19,19,0,16,70,Lapped,tsunoda,22,TSU,http://en.wikipedia.org/wiki/Yuki_Tsunoda,Yuki,Tsunoda,2000-05-11,Japanese,alphatauri,https://en.wikipedia.org/wiki/Scuderia_AlphaTauri,AlphaTauri,Italian,5193480.0,+59.873,13.0,45.0,1:09.620,kph,223.28,2023,9,Austrian Grand Prix,2023-07-02,red_bull_ring,rb,1
619,27,20,R,0,8,12,Retired,hulkenberg,27,HUL,http://en.wikipedia.org/wiki/Nico_H%C3%BClkenberg,Nico,Hülkenberg,1987-08-19,German,haas,https://en.wikipedia.org/wiki/Haas_F1_Team,Haas F1 Team,American,,,20.0,7.0,1:11.066,kph,218.737,2023,9,Austrian Grand Prix,2023-07-02,red_bull_ring,haas,0
620,1,1,1,26,1,52,Finished,max_verstappen,3,VER,http://en.wikipedia.org/wiki/Max_Verstappen,Max,Verstappen,1997-09-30,Dutch,red_bull,https://en.wikipedia.org/wiki/Red_Bull_Racing,Red Bull,Austrian,5116938.0,1:25:16.938,1.0,42.0,1:30.275,kph,234.922,2023,10,British Grand Prix,2023-07-09,silverstone,red_bull,1
621,4,2,2,18,2,52,Finished,norris,1,NOR,http://en.wikipedia.org/wiki/Lando_Norris,Lando,Norris,1999-11-13,British,mclaren,https://en.wikipedia.org/wiki/McLaren,McLaren,British,5120736.0,+3.798,2.0,43.0,1:30.543,kph,234.226,2023,10,British Grand Prix,2023-07-09,silverstone,mclaren,1
622,44,3,3,15,7,52,Finished,hamilton,44,HAM,http://en.wikipedia.org/wiki/Lewis_Hamilton,Lewis,Hamilton,1985-01-07,British,mercedes,https://en.wikipedia.org/wiki/Mercedes-Benz_in_Formula_One,Mercedes,German,5123721.0,+6.783,3.0,43.0,1:30.545,kph,234.221,2023,10,British Grand Prix,2023-07-09,silverstone,mercedes,1
623,81,4,4,12,3,52,Finished,piastri,81,PIA,http://en.wikipedia.org/wiki/Oscar_Piastri,Oscar,Piastri,2001-04-06,Australian,mclaren,https://en.wikipedia.org/wiki/McLaren,McLaren,British,5124714.0,+7.776,4.0,41.0,1:30.850,kph,233.435,2023,10,British Grand Prix,2023-07-09,silverstone,mclaren,1
624,63,5,5,10,6,52,Finished,russell,63,RUS,http://en.wikipedia.org/wiki/George_Russell_(racing_driver),George,Russell,1998-02-15,British,mercedes,https://en.wikipedia.org/wiki/Mercedes-Benz_in_Formula_One,Mercedes,German,5128144.0,+11.206,6.0,41.0,1:31.124,kph,232.733,2023,10,British Grand Prix,2023-07-09,silverstone,mercedes,1
625,11,6,6,8,15,52,Finished,perez,11,PER,http://en.wikipedia.org/wiki/Sergio_P%C3%A9rez,Sergio,Pérez,1990-01-26,Mexican,red_bull,https://en.wikipedia.org/wiki/Red_Bull_Racing,Red Bull,Austrian,5129820.0,+12.882,5.0,51.0,1:30.914,kph,233.271,2023,10,British Grand Prix,2023-07-09,silverstone,red_bull,1
626,14,7,7,6,9,52,Finished,alonso,14,ALO,http://en.wikipedia.org/wiki/Fernando_Alonso,Fernando,Alonso,1981-07-29,Spanish,aston_martin,https://en.wikipedia.org/wiki/Aston_Martin_in_Formula_One,Aston Martin,British,5134131.0,+17.193,9.0,48.0,1:31.338,kph,232.188,2023,10,British Grand Prix,2023-07-09,silverstone,aston_martin,1
627,23,8,8,4,8,52,Finished,albon,23,ALB,http://en.wikipedia.org/wiki/Alexander_Albon,Alexander,Albon,1996-03-23,Thai,williams,https://en.wikipedia.org/wiki/Williams_Racing,Williams,British,5134816.0,+17.878,8.0,41.0,1:31.273,kph,232.353,2023,10,British Grand Prix,2023-07-09,silverstone,williams,1
628,16,9,9,2,4,52,Finished,leclerc,16,LEC,http://en.wikipedia.org/wiki/Charles_Leclerc,Charles,Leclerc,1997-10-16,Monegasque,ferrari,https://en.wikipedia.org/wiki/Scuderia_Ferrari,Ferrari,Italian,5135627.0,+18.689,7.0,48.0,1:31.255,kph,232.399,2023,10,British Grand Prix,2023-07-09,silverstone,ferrari,1
629,55,10,10,1,5,52,Finished,sainz,55,SAI,http://en.wikipedia.org/wiki/Carlos_Sainz_Jr.,Carlos,Sainz,1994-09-01,Spanish,ferrari,https://en.wikipedia.org/wiki/Scuderia_Ferrari,Ferrari,Italian,5136386.0,+19.448,10.0,51.0,1:31.366,kph,232.116,2023,10,British Grand Prix,2023-07-09,silverstone,ferrari,1
630,2,11,11,0,14,52,Finished,sargeant,2,SAR,http://en.wikipedia.org/wiki/Logan_Sargeant,Logan,Sargeant,2000-12-31,American,williams,https://en.wikipedia.org/wiki/Williams_Racing,Williams,British,5140570.0,+23.632,13.0,42.0,1:31.699,kph,231.274,2023,10,British Grand Prix,2023-07-09,silverstone,williams,1
631,77,12,12,0,20,52,Finished,bottas,77,BOT,http://en.wikipedia.org/wiki/Valtteri_Bottas,Valtteri,Bottas,1989-08-28,Finnish,alfa,https://en.wikipedia.org/wiki/Alfa_Romeo_in_Formula_One,Alfa Romeo,Swiss,5142768.0,+25.830,16.0,52.0,1:31.852,kph,230.888,2023,10,British Grand Prix,2023-07-09,silverstone,audi,1
632,27,13,13,0,11,52,Finished,hulkenberg,27,HUL,http://en.wikipedia.org/wiki/Nico_H%C3%BClkenberg,Nico,Hülkenberg,1987-08-19,German,haas,https://en.wikipedia.org/wiki/Haas_F1_Team,Haas F1 Team,American,5143601.0,+26.663,15.0,52.0,1:31.776,kph,231.08,2023,10,British Grand Prix,2023-07-09,silverstone,haas,1
633,18,14,14,0,12,52,Finished,stroll,18,STR,http://en.wikipedia.org/wiki/Lance_Stroll,Lance,Stroll,1998-10-29,Canadian,aston_martin,https://en.wikipedia.org/wiki/Aston_Martin_in_Formula_One,Aston Martin,British,5144421.0,+27.483,11.0,42.0,1:31.508,kph,231.756,2023,10,British Grand Prix,2023-07-09,silverstone,aston_martin,1
634,24,15,15,0,17,52,Finished,zhou,24,ZHO,http://en.wikipedia.org/wiki/Zhou_Guanyu,Guanyu,Zhou,1999-05-30,Chinese,alfa,https://en.wikipedia.org/wiki/Alfa_Romeo_in_Formula_One,Alfa Romeo,Swiss,5146758.0,+29.820,14.0,48.0,1:31.769,kph,231.097,2023,10,British Grand Prix,2023-07-09,silverstone,audi,1
635,22,16,16,0,16,52,Finished,tsunoda,22,TSU,http://en.wikipedia.org/wiki/Yuki_Tsunoda,Yuki,Tsunoda,2000-05-11,Japanese,alphatauri,https://en.wikipedia.org/wiki/Scuderia_AlphaTauri,AlphaTauri,Italian,5148163.0,+31.225,17.0,48.0,1:32.084,kph,230.307,2023,10,British Grand Prix,2023-07-09,silverstone,rb,1
636,21,17,17,0,18,52,Finished,de_vries,21,DEV,http://en.wikipedia.org/wiki/Nyck_de_Vries,Nyck,de Vries,1995-02-06,Dutch,alphatauri,https://en.wikipedia.org/wiki/Scuderia_AlphaTauri,AlphaTauri,Italian,5150066.0,+33.128,18.0,48.0,1:32.353,kph,229.636,2023,10,British Grand Prix,2023-07-09,silverstone,rb,1
637,10,18,18,0,10,46,Retired,gasly,10,GAS,http://en.wikipedia.org/wiki/Pierre_Gasly,Pierre,Gasly,1996-02-07,French,alpine,https://en.wikipedia.org/wiki/Alpine_F1_Team,Alpine F1 Team,French,4655589.0,,12.0,42.0,1:31.539,kph,231.678,2023,10,British Grand Prix,2023-07-09,silverstone,alpine,0
638,20,19,R,0,19,31,Retired,kevin_magnussen,20,MAG,http://en.wikipedia.org/wiki/Kevin_Magnussen,Kevin,Magnussen,1992-10-05,Danish,haas,https://en.wikipedia.org/wiki/Haas_F1_Team,Haas F1 Team,American,,,19.0,29.0,1:33.356,kph,227.169,2023,10,British Grand Prix,2023-07-09,silverstone,haas,0
639,31,20,R,0,13,9,Retired,ocon,31,OCO,http://en.wikipedia.org/wiki/Esteban_Ocon,Esteban,Ocon,1996-09-17,French,alpine,https://en.wikipedia.org/wiki/Alpine_F1_Team,Alpine F1 Team,French,,,20.0,4.0,1:33.941,kph,225.754,2023,10,British Grand Prix,2023-07-09,silverstone,alpine,0
640,1,1,1,26,2,70,Finished,max_verstappen,3,VER,http://en.wikipedia.org/wiki/Max_Verstappen,Max,Verstappen,1997-09-30,Dutch,red_bull,https://en.wikipedia.org/wiki/Red_Bull_Racing,Red Bull,Austrian,5888634.0,1:38:08.634,1.0,53.0,1:20.504,kph,195.91,2023,11,Hungarian Grand Prix,2023-07-23,hungaroring,red_bull,1
641,4,2,2,18,3,70,Finished,norris,1,NOR,http://en.wikipedia.org/wiki/Lando_Norris,Lando,Norris,1999-11-13,British,mclaren,https://en.wikipedia.org/wiki/McLaren,McLaren,British,5922365.0,+33.731,4.0,50.0,1:22.178,kph,191.919,2023,11,Hungarian Grand Prix,2023-07-23,hungaroring,mclaren,1
642,11,3,3,15,9,70,Finished,perez,11,PER,http://en.wikipedia.org/wiki/Sergio_P%C3%A9rez,Sergio,Pérez,1990-01-26,Mexican,red_bull,https://en.wikipedia.org/wiki/Red_Bull_Racing,Red Bull,Austrian,5926237.0,+37.603,5.0,53.0,1:22.295,kph,191.647,2023,11,Hungarian Grand Prix,2023-07-23,hungaroring,red_bull,1
643,44,4,4,12,1,70,Finished,hamilton,44,HAM,http://en.wikipedia.org/wiki/Lewis_Hamilton,Lewis,Hamilton,1985-01-07,British,mercedes,https://en.wikipedia.org/wiki/Mercedes-Benz_in_Formula_One,Mercedes,German,5927768.0,+39.134,2.0,54.0,1:21.601,kph,193.277,2023,11,Hungarian Grand Prix,2023-07-23,hungaroring,mercedes,1
644,81,5,5,10,4,70,Finished,piastri,81,PIA,http://en.wikipedia.org/wiki/Oscar_Piastri,Oscar,Piastri,2001-04-06,Australian,mclaren,https://en.wikipedia.org/wiki/McLaren,McLaren,British,5951206.0,+1:02.572,8.0,45.0,1:22.736,kph,190.625,2023,11,Hungarian Grand Prix,2023-07-23,hungaroring,mclaren,1
645,63,6,6,8,18,70,Finished,russell,63,RUS,http://en.wikipedia.org/wiki/George_Russell_(racing_driver),George,Russell,1998-02-15,British,mercedes,https://en.wikipedia.org/wiki/Mercedes-Benz_in_Formula_One,Mercedes,German,5954459.0,+1:05.825,3.0,48.0,1:22.158,kph,191.966,2023,11,Hungarian Grand Prix,2023-07-23,hungaroring,mercedes,1
646,16,7,7,6,6,70,Finished,leclerc,16,LEC,http://en.wikipedia.org/wiki/Charles_Leclerc,Charles,Leclerc,1997-10-16,Monegasque,ferrari,https://en.wikipedia.org/wiki/Scuderia_Ferrari,Ferrari,Italian,5958951.0,+1:10.317,6.0,50.0,1:22.469,kph,191.242,2023,11,Hungarian Grand Prix,2023-07-23,hungaroring,ferrari,1
647,55,8,8,4,11,70,Finished,sainz,55,SAI,http://en.wikipedia.org/wiki/Carlos_Sainz_Jr.,Carlos,Sainz,1994-09-01,Spanish,ferrari,https://en.wikipedia.org/wiki/Scuderia_Ferrari,Ferrari,Italian,5959707.0,+1:11.073,7.0,54.0,1:22.584,kph,190.976,2023,11,Hungarian Grand Prix,2023-07-23,hungaroring,ferrari,1
648,14,9,9,2,8,70,Finished,alonso,14,ALO,http://en.wikipedia.org/wiki/Fernando_Alonso,Fernando,Alonso,1981-07-29,Spanish,aston_martin,https://en.wikipedia.org/wiki/Aston_Martin_in_Formula_One,Aston Martin,British,5964343.0,+1:15.709,9.0,51.0,1:22.745,kph,190.604,2023,11,Hungarian Grand Prix,2023-07-23,hungaroring,aston_martin,1
649,18,10,10,1,14,69,Lapped,stroll,18,STR,http://en.wikipedia.org/wiki/Lance_Stroll,Lance,Stroll,1998-10-29,Canadian,aston_martin,https://en.wikipedia.org/wiki/Aston_Martin_in_Formula_One,Aston Martin,British,5903249.0,+14.615,11.0,54.0,1:23.425,kph,189.051,2023,11,Hungarian Grand Prix,2023-07-23,hungaroring,aston_martin,1
650,23,11,11,0,16,69,Lapped,albon,23,ALB,http://en.wikipedia.org/wiki/Alexander_Albon,Alexander,Albon,1996-03-23,Thai,williams,https://en.wikipedia.org/wiki/Williams_Racing,Williams,British,5917721.0,+29.087,18.0,54.0,1:24.051,kph,187.643,2023,11,Hungarian Grand Prix,2023-07-23,hungaroring,williams,1
651,77,12,12,0,7,69,Lapped,bottas,77,BOT,http://en.wikipedia.org/wiki/Valtteri_Bottas,Valtteri,Bottas,1989-08-28,Finnish,alfa,https://en.wikipedia.org/wiki/Alfa_Romeo_in_Formula_One,Alfa Romeo,Swiss,5918713.0,+30.079,14.0,42.0,1:23.651,kph,188.54,2023,11,Hungarian Grand Prix,2023-07-23,hungaroring,audi,1
652,3,13,13,0,13,69,Lapped,ricciardo,3,RIC,http://en.wikipedia.org/wiki/Daniel_Ricciardo,Daniel,Ricciardo,1989-07-01,Australian,alphatauri,https://en.wikipedia.org/wiki/Scuderia_AlphaTauri,AlphaTauri,Italian,5924891.0,+36.257,17.0,67.0,1:23.934,kph,187.904,2023,11,Hungarian Grand Prix,2023-07-23,hungaroring,rb,1
653,27,14,14,0,10,69,Lapped,hulkenberg,27,HUL,http://en.wikipedia.org/wiki/Nico_H%C3%BClkenberg,Nico,Hülkenberg,1987-08-19,German,haas,https://en.wikipedia.org/wiki/Haas_F1_Team,Haas F1 Team,American,5939932.0,+51.298,13.0,42.0,1:23.573,kph,188.716,2023,11,Hungarian Grand Prix,2023-07-23,hungaroring,haas,1
654,22,15,15,0,17,69,Lapped,tsunoda,22,TSU,http://en.wikipedia.org/wiki/Yuki_Tsunoda,Yuki,Tsunoda,2000-05-11,Japanese,alphatauri,https://en.wikipedia.org/wiki/Scuderia_AlphaTauri,AlphaTauri,Italian,5940177.0,+51.543,10.0,68.0,1:23.269,kph,189.405,2023,11,Hungarian Grand Prix,2023-07-23,hungaroring,rb,1
655,24,16,16,0,5,69,Lapped,zhou,24,ZHO,http://en.wikipedia.org/wiki/Zhou_Guanyu,Guanyu,Zhou,1999-05-30,Chinese,alfa,https://en.wikipedia.org/wiki/Alfa_Romeo_in_Formula_One,Alfa Romeo,Swiss,5949125.0,+1:00.491,15.0,12.0,1:23.743,kph,188.333,2023,11,Hungarian Grand Prix,2023-07-23,hungaroring,audi,1
656,20,17,17,0,19,69,Lapped,kevin_magnussen,20,MAG,http://en.wikipedia.org/wiki/Kevin_Magnussen,Kevin,Magnussen,1992-10-05,Danish,haas,https://en.wikipedia.org/wiki/Haas_F1_Team,Haas F1 Team,American,5970985.0,+1:22.351,16.0,54.0,1:23.864,kph,188.061,2023,11,Hungarian Grand Prix,2023-07-23,hungaroring,haas,1
657,2,18,18,0,20,67,Retired,sargeant,2,SAR,http://en.wikipedia.org/wiki/Logan_Sargeant,Logan,Sargeant,2000-12-31,American,williams,https://en.wikipedia.org/wiki/Williams_Racing,Williams,British,5789224.0,,12.0,36.0,1:23.496,kph,188.89,2023,11,Hungarian Grand Prix,2023-07-23,hungaroring,williams,0
658,31,19,R,0,12,2,Retired,ocon,31,OCO,http://en.wikipedia.org/wiki/Esteban_Ocon,Esteban,Ocon,1996-09-17,French,alpine,https://en.wikipedia.org/wiki/Alpine_F1_Team,Alpine F1 Team,French,,,,,,,,2023,11,Hungarian Grand Prix,2023-07-23,hungaroring,alpine,0
659,10,20,R,0,15,1,Retired,gasly,10,GAS,http://en.wikipedia.org/wiki/Pierre_Gasly,Pierre,Gasly,1996-02-07,French,alpine,https://en.wikipedia.org/wiki/Alpine_F1_Team,Alpine F1 Team,French,,,,,,,,2023,11,Hungarian Grand Prix,2023-07-23,hungaroring,alpine,0
660,1,1,1,25,6,44,Finished,max_verstappen,3,VER,http://en.wikipedia.org/wiki/Max_Verstappen,Max,Verstappen,1997-09-30,Dutch,red_bull,https://en.wikipedia.org/wiki/Red_Bull_Racing,Red Bull,Austrian,4950450.0,1:22:30.450,2.0,32.0,1:48.922,kph,231.49,2023,12,Belgian Grand Prix,2023-07-30,spa,red_bull,1
661,11,2,2,18,2,44,Finished,perez,11,PER,http://en.wikipedia.org/wiki/Sergio_P%C3%A9rez,Sergio,Pérez,1990-01-26,Mexican,red_bull,https://en.wikipedia.org/wiki/Red_Bull_Racing,Red Bull,Austrian,4972755.0,+22.305,6.0,31.0,1:50.308,kph,228.581,2023,12,Belgian Grand Prix,2023-07-30,spa,red_bull,1
662,16,3,3,15,1,44,Finished,leclerc,16,LEC,http://en.wikipedia.org/wiki/Charles_Leclerc,Charles,Leclerc,1997-10-16,Monegasque,ferrari,https://en.wikipedia.org/wiki/Scuderia_Ferrari,Ferrari,Italian,4982709.0,+32.259,7.0,30.0,1:50.436,kph,228.316,2023,12,Belgian Grand Prix,2023-07-30,spa,ferrari,1
663,44,4,4,13,3,44,Finished,hamilton,44,HAM,http://en.wikipedia.org/wiki/Lewis_Hamilton,Lewis,Hamilton,1985-01-07,British,mercedes,https://en.wikipedia.org/wiki/Mercedes-Benz_in_Formula_One,Mercedes,German,5000121.0,+49.671,1.0,44.0,1:47.305,kph,234.978,2023,12,Belgian Grand Prix,2023-07-30,spa,mercedes,1
664,14,5,5,10,9,44,Finished,alonso,14,ALO,http://en.wikipedia.org/wiki/Fernando_Alonso,Fernando,Alonso,1981-07-29,Spanish,aston_martin,https://en.wikipedia.org/wiki/Aston_Martin_in_Formula_One,Aston Martin,British,5006634.0,+56.184,13.0,42.0,1:50.938,kph,227.283,2023,12,Belgian Grand Prix,2023-07-30,spa,aston_martin,1
665,63,6,6,8,8,44,Finished,russell,63,RUS,http://en.wikipedia.org/wiki/George_Russell_(racing_driver),George,Russell,1998-02-15,British,mercedes,https://en.wikipedia.org/wiki/Mercedes-Benz_in_Formula_One,Mercedes,German,5013551.0,+1:03.101,11.0,25.0,1:50.603,kph,227.972,2023,12,Belgian Grand Prix,2023-07-30,spa,mercedes,1
666,4,7,7,6,7,44,Finished,norris,1,NOR,http://en.wikipedia.org/wiki/Lando_Norris,Lando,Norris,1999-11-13,British,mclaren,https://en.wikipedia.org/wiki/McLaren,McLaren,British,5024169.0,+1:13.719,18.0,26.0,1:51.682,kph,225.769,2023,12,Belgian Grand Prix,2023-07-30,spa,mclaren,1
667,31,8,8,4,14,44,Finished,ocon,31,OCO,http://en.wikipedia.org/wiki/Esteban_Ocon,Esteban,Ocon,1996-09-17,French,alpine,https://en.wikipedia.org/wiki/Alpine_F1_Team,Alpine F1 Team,French,5025169.0,+1:14.719,8.0,27.0,1:50.439,kph,228.31,2023,12,Belgian Grand Prix,2023-07-30,spa,alpine,1
668,18,9,9,2,10,44,Finished,stroll,18,STR,http://en.wikipedia.org/wiki/Lance_Stroll,Lance,Stroll,1998-10-29,Canadian,aston_martin,https://en.wikipedia.org/wiki/Aston_Martin_in_Formula_One,Aston Martin,British,5029790.0,+1:19.340,16.0,26.0,1:51.297,kph,226.55,2023,12,Belgian Grand Prix,2023-07-30,spa,aston_martin,1
669,22,10,10,1,11,44,Finished,tsunoda,22,TSU,http://en.wikipedia.org/wiki/Yuki_Tsunoda,Yuki,Tsunoda,2000-05-11,Japanese,alphatauri,https://en.wikipedia.org/wiki/Scuderia_AlphaTauri,AlphaTauri,Italian,5030671.0,+1:20.221,17.0,26.0,1:51.394,kph,226.353,2023,12,Belgian Grand Prix,2023-07-30,spa,rb,1
670,10,11,11,0,12,44,Finished,gasly,10,GAS,http://en.wikipedia.org/wiki/Pierre_Gasly,Pierre,Gasly,1996-02-07,French,alpine,https://en.wikipedia.org/wiki/Alpine_F1_Team,Alpine F1 Team,French,5033534.0,+1:23.084,12.0,25.0,1:50.911,kph,227.339,2023,12,Belgian Grand Prix,2023-07-30,spa,alpine,1
671,77,12,12,0,13,44,Finished,bottas,77,BOT,http://en.wikipedia.org/wiki/Valtteri_Bottas,Valtteri,Bottas,1989-08-28,Finnish,alfa,https://en.wikipedia.org/wiki/Alfa_Romeo_in_Formula_One,Alfa Romeo,Swiss,5035641.0,+1:25.191,10.0,26.0,1:50.515,kph,228.153,2023,12,Belgian Grand Prix,2023-07-30,spa,audi,1
672,24,13,13,0,17,44,Finished,zhou,24,ZHO,http://en.wikipedia.org/wiki/Zhou_Guanyu,Guanyu,Zhou,1999-05-30,Chinese,alfa,https://en.wikipedia.org/wiki/Alfa_Romeo_in_Formula_One,Alfa Romeo,Swiss,5045891.0,+1:35.441,5.0,27.0,1:50.188,kph,228.83,2023,12,Belgian Grand Prix,2023-07-30,spa,audi,1
673,23,14,14,0,15,44,Finished,albon,23,ALB,http://en.wikipedia.org/wiki/Alexander_Albon,Alexander,Albon,1996-03-23,Thai,williams,https://en.wikipedia.org/wiki/Williams_Racing,Williams,British,5046634.0,+1:36.184,3.0,35.0,1:49.841,kph,229.553,2023,12,Belgian Grand Prix,2023-07-30,spa,williams,1
674,20,15,15,0,16,44,Finished,kevin_magnussen,20,MAG,http://en.wikipedia.org/wiki/Kevin_Magnussen,Kevin,Magnussen,1992-10-05,Danish,haas,https://en.wikipedia.org/wiki/Haas_F1_Team,Haas F1 Team,American,5052204.0,+1:41.754,14.0,27.0,1:50.993,kph,227.171,2023,12,Belgian Grand Prix,2023-07-30,spa,haas,1
675,3,16,16,0,19,44,Finished,ricciardo,3,RIC,http://en.wikipedia.org/wiki/Daniel_Ricciardo,Daniel,Ricciardo,1989-07-01,Australian,alphatauri,https://en.wikipedia.org/wiki/Scuderia_AlphaTauri,AlphaTauri,Italian,5053521.0,+1:43.071,15.0,25.0,1:50.994,kph,227.169,2023,12,Belgian Grand Prix,2023-07-30,spa,rb,1
676,2,17,17,0,18,44,Finished,sargeant,2,SAR,http://en.wikipedia.org/wiki/Logan_Sargeant,Logan,Sargeant,2000-12-31,American,williams,https://en.wikipedia.org/wiki/Williams_Racing,Williams,British,5054926.0,+1:44.476,9.0,37.0,1:50.486,kph,228.213,2023,12,Belgian Grand Prix,2023-07-30,spa,williams,1
677,27,18,18,0,20,44,Finished,hulkenberg,27,HUL,http://en.wikipedia.org/wiki/Nico_H%C3%BClkenberg,Nico,Hülkenberg,1987-08-19,German,haas,https://en.wikipedia.org/wiki/Haas_F1_Team,Haas F1 Team,American,5060900.0,+1:50.450,4.0,26.0,1:49.907,kph,229.415,2023,12,Belgian Grand Prix,2023-07-30,spa,haas,1
678,55,19,R,0,4,23,Retired,sainz,55,SAI,http://en.wikipedia.org/wiki/Carlos_Sainz_Jr.,Carlos,Sainz,1994-09-01,Spanish,ferrari,https://en.wikipedia.org/wiki/Scuderia_Ferrari,Ferrari,Italian,,,19.0,9.0,1:53.138,kph,222.864,2023,12,Belgian Grand Prix,2023-07-30,spa,ferrari,0
679,81,20,R,0,5,0,Retired,piastri,81,PIA,http://en.wikipedia.org/wiki/Oscar_Piastri,Oscar,Piastri,2001-04-06,Australian,mclaren,https://en.wikipedia.org/wiki/McLaren,McLaren,British,,,,,,,,2023,12,Belgian Grand Prix,2023-07-30,spa,mclaren,0
680,1,1,1,25,1,72,Finished,max_verstappen,3,VER,http://en.wikipedia.org/wiki/Max_Verstappen,Max,Verstappen,1997-09-30,Dutch,red_bull,https://en.wikipedia.org/wiki/Red_Bull_Racing,Red Bull,Austrian,8644411.0,2:24:04.411,2.0,58.0,1:13.889,kph,207.505,2023,13,Dutch Grand Prix,2023-08-27,zandvoort,red_bull,1
681,14,2,2,19,5,72,Finished,alonso,14,ALO,http://en.wikipedia.org/wiki/Fernando_Alonso,Fernando,Alonso,1981-07-29,Spanish,aston_martin,https://en.wikipedia.org/wiki/Aston_Martin_in_Formula_One,Aston Martin,British,8648155.0,+3.744,1.0,56.0,1:13.837,kph,207.651,2023,13,Dutch Grand Prix,2023-08-27,zandvoort,aston_martin,1
682,10,3,3,15,12,72,Finished,gasly,10,GAS,http://en.wikipedia.org/wiki/Pierre_Gasly,Pierre,Gasly,1996-02-07,French,alpine,https://en.wikipedia.org/wiki/Alpine_F1_Team,Alpine F1 Team,French,8651469.0,+7.058,7.0,55.0,1:14.441,kph,205.967,2023,13,Dutch Grand Prix,2023-08-27,zandvoort,alpine,1
683,11,4,4,12,7,72,Finished,perez,11,PER,http://en.wikipedia.org/wiki/Sergio_P%C3%A9rez,Sergio,Pérez,1990-01-26,Mexican,red_bull,https://en.wikipedia.org/wiki/Red_Bull_Racing,Red Bull,Austrian,8654479.0,+10.068,4.0,59.0,1:14.231,kph,206.549,2023,13,Dutch Grand Prix,2023-08-27,zandvoort,red_bull,1
684,55,5,5,10,6,72,Finished,sainz,55,SAI,http://en.wikipedia.org/wiki/Carlos_Sainz_Jr.,Carlos,Sainz,1994-09-01,Spanish,ferrari,https://en.wikipedia.org/wiki/Scuderia_Ferrari,Ferrari,Italian,8656952.0,+12.541,13.0,54.0,1:14.934,kph,204.612,2023,13,Dutch Grand Prix,2023-08-27,zandvoort,ferrari,1
685,44,6,6,8,13,72,Finished,hamilton,44,HAM,http://en.wikipedia.org/wiki/Lewis_Hamilton,Lewis,Hamilton,1985-01-07,British,mercedes,https://en.wikipedia.org/wiki/Mercedes-Benz_in_Formula_One,Mercedes,German,8657620.0,+13.209,3.0,58.0,1:13.904,kph,207.463,2023,13,Dutch Grand Prix,2023-08-27,zandvoort,mercedes,1
686,4,7,7,6,2,72,Finished,norris,1,NOR,http://en.wikipedia.org/wiki/Lando_Norris,Lando,Norris,1999-11-13,British,mclaren,https://en.wikipedia.org/wiki/McLaren,McLaren,British,8657643.0,+13.232,6.0,50.0,1:14.390,kph,206.108,2023,13,Dutch Grand Prix,2023-08-27,zandvoort,mclaren,1
687,23,8,8,4,4,72,Finished,albon,23,ALB,http://en.wikipedia.org/wiki/Alexander_Albon,Alexander,Albon,1996-03-23,Thai,williams,https://en.wikipedia.org/wiki/Williams_Racing,Williams,British,8659566.0,+15.155,8.0,55.0,1:14.468,kph,205.892,2023,13,Dutch Grand Prix,2023-08-27,zandvoort,williams,1
688,81,9,9,2,8,72,Finished,piastri,81,PIA,http://en.wikipedia.org/wiki/Oscar_Piastri,Oscar,Piastri,2001-04-06,Australian,mclaren,https://en.wikipedia.org/wiki/McLaren,McLaren,British,8660991.0,+16.580,5.0,54.0,1:14.299,kph,206.36,2023,13,Dutch Grand Prix,2023-08-27,zandvoort,mclaren,1
689,31,10,10,1,16,72,Finished,ocon,31,OCO,http://en.wikipedia.org/wiki/Esteban_Ocon,Esteban,Ocon,1996-09-17,French,alpine,https://en.wikipedia.org/wiki/Alpine_F1_Team,Alpine F1 Team,French,8662757.0,+18.346,10.0,51.0,1:14.570,kph,205.61,2023,13,Dutch Grand Prix,2023-08-27,zandvoort,alpine,1
690,18,11,11,0,11,72,Finished,stroll,18,STR,http://en.wikipedia.org/wiki/Lance_Stroll,Lance,Stroll,1998-10-29,Canadian,aston_martin,https://en.wikipedia.org/wiki/Aston_Martin_in_Formula_One,Aston Martin,British,8664498.0,+20.087,15.0,37.0,1:15.171,kph,203.966,2023,13,Dutch Grand Prix,2023-08-27,zandvoort,aston_martin,1
691,27,12,12,0,14,72,Finished,hulkenberg,27,HUL,http://en.wikipedia.org/wiki/Nico_H%C3%BClkenberg,Nico,Hülkenberg,1987-08-19,German,haas,https://en.wikipedia.org/wiki/Haas_F1_Team,Haas F1 Team,American,8665251.0,+20.840,9.0,53.0,1:14.472,kph,205.881,2023,13,Dutch Grand Prix,2023-08-27,zandvoort,haas,1
692,40,13,13,0,19,72,Finished,lawson,30,LAW,http://en.wikipedia.org/wiki/Liam_Lawson,Liam,Lawson,2002-02-11,New Zealander,alphatauri,https://en.wikipedia.org/wiki/Scuderia_AlphaTauri,AlphaTauri,Italian,8670558.0,+26.147,12.0,49.0,1:14.820,kph,204.923,2023,13,Dutch Grand Prix,2023-08-27,zandvoort,rb,1
693,77,14,14,0,18,72,Finished,bottas,77,BOT,http://en.wikipedia.org/wiki/Valtteri_Bottas,Valtteri,Bottas,1989-08-28,Finnish,alfa,https://en.wikipedia.org/wiki/Alfa_Romeo_in_Formula_One,Alfa Romeo,Swiss,8671799.0,+27.388,11.0,49.0,1:14.698,kph,205.258,2023,13,Dutch Grand Prix,2023-08-27,zandvoort,audi,1
694,22,15,15,0,17,72,Finished,tsunoda,22,TSU,http://en.wikipedia.org/wiki/Yuki_Tsunoda,Yuki,Tsunoda,2000-05-11,Japanese,alphatauri,https://en.wikipedia.org/wiki/Scuderia_AlphaTauri,AlphaTauri,Italian,8674304.0,+29.893,18.0,35.0,1:16.253,kph,201.072,2023,13,Dutch Grand Prix,2023-08-27,zandvoort,rb,1
695,20,16,16,0,0,72,Finished,kevin_magnussen,20,MAG,http://en.wikipedia.org/wiki/Kevin_Magnussen,Kevin,Magnussen,1992-10-05,Danish,haas,https://en.wikipedia.org/wiki/Haas_F1_Team,Haas F1 Team,American,8675821.0,+31.410,17.0,37.0,1:15.489,kph,203.107,2023,13,Dutch Grand Prix,2023-08-27,zandvoort,haas,1
696,63,17,17,0,3,72,Finished,russell,63,RUS,http://en.wikipedia.org/wiki/George_Russell_(racing_driver),George,Russell,1998-02-15,British,mercedes,https://en.wikipedia.org/wiki/Mercedes-Benz_in_Formula_One,Mercedes,German,8700165.0,+55.754,14.0,54.0,1:15.124,kph,204.094,2023,13,Dutch Grand Prix,2023-08-27,zandvoort,mercedes,1
697,24,18,R,0,15,62,Accident,zhou,24,ZHO,http://en.wikipedia.org/wiki/Zhou_Guanyu,Guanyu,Zhou,1999-05-30,Chinese,alfa,https://en.wikipedia.org/wiki/Alfa_Romeo_in_Formula_One,Alfa Romeo,Swiss,,,16.0,39.0,1:15.417,kph,203.301,2023,13,Dutch Grand Prix,2023-08-27,zandvoort,audi,0
698,16,19,R,0,9,41,Undertray,leclerc,16,LEC,http://en.wikipedia.org/wiki/Charles_Leclerc,Charles,Leclerc,1997-10-16,Monegasque,ferrari,https://en.wikipedia.org/wiki/Scuderia_Ferrari,Ferrari,Italian,,,19.0,33.0,1:17.277,kph,198.408,2023,13,Dutch Grand Prix,2023-08-27,zandvoort,ferrari,0
699,2,20,R,0,10,14,Accident,sargeant,2,SAR,http://en.wikipedia.org/wiki/Logan_Sargeant,Logan,Sargeant,2000-12-31,American,williams,https://en.wikipedia.org/wiki/Williams_Racing,Williams,British,,,20.0,13.0,1:17.399,kph,198.095,2023,13,Dutch Grand Prix,2023-08-27,zandvoort,williams,0
700,1,1,1,25,2,51,Finished,max_verstappen,3,VER,http://en.wikipedia.org/wiki/Max_Verstappen,Max,Verstappen,1997-09-30,Dutch,red_bull,https://en.wikipedia.org/wiki/Red_Bull_Racing,Red Bull,Austrian,4421143.0,1:13:41.143,2.0,33.0,1:25.240,kph,244.659,2023,14,Italian Grand Prix,2023-09-03,monza,red_bull,1
701,11,2,2,18,5,51,Finished,perez,11,PER,http://en.wikipedia.org/wiki/Sergio_P%C3%A9rez,Sergio,Pérez,1990-01-26,Mexican,red_bull,https://en.wikipedia.org/wiki/Red_Bull_Racing,Red Bull,Austrian,4427207.0,+6.064,4.0,39.0,1:25.522,kph,243.853,2023,14,Italian Grand Prix,2023-09-03,monza,red_bull,1
702,55,3,3,15,1,51,Finished,sainz,55,SAI,http://en.wikipedia.org/wiki/Carlos_Sainz_Jr.,Carlos,Sainz,1994-09-01,Spanish,ferrari,https://en.wikipedia.org/wiki/Scuderia_Ferrari,Ferrari,Italian,4432336.0,+11.193,3.0,30.0,1:25.501,kph,243.912,2023,14,Italian Grand Prix,2023-09-03,monza,ferrari,1
703,16,4,4,12,3,51,Finished,leclerc,16,LEC,http://en.wikipedia.org/wiki/Charles_Leclerc,Charles,Leclerc,1997-10-16,Monegasque,ferrari,https://en.wikipedia.org/wiki/Scuderia_Ferrari,Ferrari,Italian,4432520.0,+11.377,5.0,38.0,1:25.580,kph,243.687,2023,14,Italian Grand Prix,2023-09-03,monza,ferrari,1
704,63,5,5,10,4,51,Finished,russell,63,RUS,http://en.wikipedia.org/wiki/George_Russell_(racing_driver),George,Russell,1998-02-15,British,mercedes,https://en.wikipedia.org/wiki/Mercedes-Benz_in_Formula_One,Mercedes,German,4444171.0,+23.028,9.0,38.0,1:25.847,kph,242.929,2023,14,Italian Grand Prix,2023-09-03,monza,mercedes,1
705,44,6,6,8,8,51,Finished,hamilton,44,HAM,http://en.wikipedia.org/wiki/Lewis_Hamilton,Lewis,Hamilton,1985-01-07,British,mercedes,https://en.wikipedia.org/wiki/Mercedes-Benz_in_Formula_One,Mercedes,German,4463822.0,+42.679,6.0,29.0,1:25.582,kph,243.682,2023,14,Italian Grand Prix,2023-09-03,monza,mercedes,1
706,23,7,7,6,6,51,Finished,albon,23,ALB,http://en.wikipedia.org/wiki/Alexander_Albon,Alexander,Albon,1996-03-23,Thai,williams,https://en.wikipedia.org/wiki/Williams_Racing,Williams,British,4466249.0,+45.106,16.0,33.0,1:26.389,kph,241.405,2023,14,Italian Grand Prix,2023-09-03,monza,williams,1
707,4,8,8,4,9,51,Finished,norris,1,NOR,http://en.wikipedia.org/wiki/Lando_Norris,Lando,Norris,1999-11-13,British,mclaren,https://en.wikipedia.org/wiki/McLaren,McLaren,British,4466592.0,+45.449,14.0,24.0,1:26.144,kph,242.092,2023,14,Italian Grand Prix,2023-09-03,monza,mclaren,1
708,14,9,9,2,10,51,Finished,alonso,14,ALO,http://en.wikipedia.org/wiki/Fernando_Alonso,Fernando,Alonso,1981-07-29,Spanish,aston_martin,https://en.wikipedia.org/wiki/Aston_Martin_in_Formula_One,Aston Martin,British,4467437.0,+46.294,13.0,43.0,1:26.105,kph,242.201,2023,14,Italian Grand Prix,2023-09-03,monza,aston_martin,1
709,77,10,10,1,14,51,Finished,bottas,77,BOT,http://en.wikipedia.org/wiki/Valtteri_Bottas,Valtteri,Bottas,1989-08-28,Finnish,alfa,https://en.wikipedia.org/wiki/Alfa_Romeo_in_Formula_One,Alfa Romeo,Swiss,4485199.0,+1:04.056,12.0,27.0,1:25.988,kph,242.531,2023,14,Italian Grand Prix,2023-09-03,monza,audi,1
710,40,11,11,0,12,51,Finished,lawson,30,LAW,http://en.wikipedia.org/wiki/Liam_Lawson,Liam,Lawson,2002-02-11,New Zealander,alphatauri,https://en.wikipedia.org/wiki/Scuderia_AlphaTauri,AlphaTauri,Italian,4491781.0,+1:10.638,8.0,44.0,1:25.842,kph,242.944,2023,14,Italian Grand Prix,2023-09-03,monza,rb,1
711,81,12,12,0,7,51,Finished,piastri,81,PIA,http://en.wikipedia.org/wiki/Oscar_Piastri,Oscar,Piastri,2001-04-06,Australian,mclaren,https://en.wikipedia.org/wiki/McLaren,McLaren,British,4494217.0,+1:13.074,1.0,43.0,1:25.072,kph,245.142,2023,14,Italian Grand Prix,2023-09-03,monza,mclaren,1
712,2,13,13,0,15,51,Finished,sargeant,2,SAR,http://en.wikipedia.org/wiki/Logan_Sargeant,Logan,Sargeant,2000-12-31,American,williams,https://en.wikipedia.org/wiki/Williams_Racing,Williams,British,4499700.0,+1:18.557,18.0,16.0,1:26.840,kph,240.152,2023,14,Italian Grand Prix,2023-09-03,monza,williams,1
713,24,14,14,0,16,51,Finished,zhou,24,ZHO,http://en.wikipedia.org/wiki/Zhou_Guanyu,Guanyu,Zhou,1999-05-30,Chinese,alfa,https://en.wikipedia.org/wiki/Alfa_Romeo_in_Formula_One,Alfa Romeo,Swiss,4501307.0,+1:20.164,11.0,35.0,1:25.983,kph,242.545,2023,14,Italian Grand Prix,2023-09-03,monza,audi,1
714,10,15,15,0,17,51,Finished,gasly,10,GAS,http://en.wikipedia.org/wiki/Pierre_Gasly,Pierre,Gasly,1996-02-07,French,alpine,https://en.wikipedia.org/wiki/Alpine_F1_Team,Alpine F1 Team,French,4503653.0,+1:22.510,7.0,44.0,1:25.758,kph,243.181,2023,14,Italian Grand Prix,2023-09-03,monza,alpine,1
715,18,16,16,0,20,51,Finished,stroll,18,STR,http://en.wikipedia.org/wiki/Lance_Stroll,Lance,Stroll,1998-10-29,Canadian,aston_martin,https://en.wikipedia.org/wiki/Aston_Martin_in_Formula_One,Aston Martin,British,4508409.0,+1:27.266,17.0,31.0,1:26.617,kph,240.77,2023,14,Italian Grand Prix,2023-09-03,monza,aston_martin,1
716,27,17,17,0,13,50,Lapped,hulkenberg,27,HUL,http://en.wikipedia.org/wiki/Nico_H%C3%BClkenberg,Nico,Hülkenberg,1987-08-19,German,haas,https://en.wikipedia.org/wiki/Haas_F1_Team,Haas F1 Team,American,4423236.0,+2.093,10.0,50.0,1:25.894,kph,242.796,2023,14,Italian Grand Prix,2023-09-03,monza,haas,1
717,20,18,18,0,19,50,Lapped,kevin_magnussen,20,MAG,http://en.wikipedia.org/wiki/Kevin_Magnussen,Kevin,Magnussen,1992-10-05,Danish,haas,https://en.wikipedia.org/wiki/Haas_F1_Team,Haas F1 Team,American,4433767.0,+12.624,15.0,42.0,1:26.278,kph,241.716,2023,14,Italian Grand Prix,2023-09-03,monza,haas,1
718,31,19,R,0,18,39,Retired,ocon,31,OCO,http://en.wikipedia.org/wiki/Esteban_Ocon,Esteban,Ocon,1996-09-17,French,alpine,https://en.wikipedia.org/wiki/Alpine_F1_Team,Alpine F1 Team,French,,,19.0,33.0,1:26.963,kph,239.812,2023,14,Italian Grand Prix,2023-09-03,monza,alpine,0
719,22,20,W,0,11,0,Did not start,tsunoda,22,TSU,http://en.wikipedia.org/wiki/Yuki_Tsunoda,Yuki,Tsunoda,2000-05-11,Japanese,alphatauri,https://en.wikipedia.org/wiki/Scuderia_AlphaTauri,AlphaTauri,Italian,,,,,,,,2023,14,Italian Grand Prix,2023-09-03,monza,rb,0
720,55,1,1,25,1,62,Finished,sainz,55,SAI,http://en.wikipedia.org/wiki/Carlos_Sainz_Jr.,Carlos,Sainz,1994-09-01,Spanish,ferrari,https://en.wikipedia.org/wiki/Scuderia_Ferrari,Ferrari,Italian,6397418.0,1:46:37.418,7.0,47.0,1:37.666,kph,182.089,2023,15,Singapore Grand Prix,2023-09-17,marina_bay,ferrari,1
721,4,2,2,18,4,62,Finished,norris,1,NOR,http://en.wikipedia.org/wiki/Lando_Norris,Lando,Norris,1999-11-13,British,mclaren,https://en.wikipedia.org/wiki/McLaren,McLaren,British,6398230.0,+0.812,8.0,46.0,1:38.046,kph,181.384,2023,15,Singapore Grand Prix,2023-09-17,marina_bay,mclaren,1
722,44,3,3,16,5,62,Finished,hamilton,44,HAM,http://en.wikipedia.org/wiki/Lewis_Hamilton,Lewis,Hamilton,1985-01-07,British,mercedes,https://en.wikipedia.org/wiki/Mercedes-Benz_in_Formula_One,Mercedes,German,6398687.0,+1.269,1.0,47.0,1:35.867,kph,185.507,2023,15,Singapore Grand Prix,2023-09-17,marina_bay,mercedes,1
723,16,4,4,12,3,62,Finished,leclerc,16,LEC,http://en.wikipedia.org/wiki/Charles_Leclerc,Charles,Leclerc,1997-10-16,Monegasque,ferrari,https://en.wikipedia.org/wiki/Scuderia_Ferrari,Ferrari,Italian,6418595.0,+21.177,11.0,46.0,1:38.275,kph,180.961,2023,15,Singapore Grand Prix,2023-09-17,marina_bay,ferrari,1
724,1,5,5,10,11,62,Finished,max_verstappen,3,VER,http://en.wikipedia.org/wiki/Max_Verstappen,Max,Verstappen,1997-09-30,Dutch,red_bull,https://en.wikipedia.org/wiki/Red_Bull_Racing,Red Bull,Austrian,6418859.0,+21.441,4.0,61.0,1:36.575,kph,184.147,2023,15,Singapore Grand Prix,2023-09-17,marina_bay,red_bull,1
725,10,6,6,8,12,62,Finished,gasly,10,GAS,http://en.wikipedia.org/wiki/Pierre_Gasly,Pierre,Gasly,1996-02-07,French,alpine,https://en.wikipedia.org/wiki/Alpine_F1_Team,Alpine F1 Team,French,6435859.0,+38.441,12.0,46.0,1:38.277,kph,180.957,2023,15,Singapore Grand Prix,2023-09-17,marina_bay,alpine,1
726,81,7,7,6,17,62,Finished,piastri,81,PIA,http://en.wikipedia.org/wiki/Oscar_Piastri,Oscar,Piastri,2001-04-06,Australian,mclaren,https://en.wikipedia.org/wiki/McLaren,McLaren,British,6438897.0,+41.479,13.0,46.0,1:38.492,kph,180.562,2023,15,Singapore Grand Prix,2023-09-17,marina_bay,mclaren,1
727,11,8,8,4,13,62,Finished,perez,11,PER,http://en.wikipedia.org/wiki/Sergio_P%C3%A9rez,Sergio,Pérez,1990-01-26,Mexican,red_bull,https://en.wikipedia.org/wiki/Red_Bull_Racing,Red Bull,Austrian,6456952.0,+59.534,5.0,61.0,1:37.108,kph,183.136,2023,15,Singapore Grand Prix,2023-09-17,marina_bay,red_bull,1
728,40,9,9,2,10,62,Finished,lawson,30,LAW,http://en.wikipedia.org/wiki/Liam_Lawson,Liam,Lawson,2002-02-11,New Zealander,alphatauri,https://en.wikipedia.org/wiki/Scuderia_AlphaTauri,AlphaTauri,Italian,6463336.0,+1:05.918,15.0,47.0,1:39.028,kph,179.585,2023,15,Singapore Grand Prix,2023-09-17,marina_bay,rb,1
729,20,10,10,1,6,62,Finished,kevin_magnussen,20,MAG,http://en.wikipedia.org/wiki/Kevin_Magnussen,Kevin,Magnussen,1992-10-05,Danish,haas,https://en.wikipedia.org/wiki/Haas_F1_Team,Haas F1 Team,American,6469534.0,+1:12.116,10.0,48.0,1:38.107,kph,181.271,2023,15,Singapore Grand Prix,2023-09-17,marina_bay,haas,1
730,23,11,11,0,14,62,Finished,albon,23,ALB,http://en.wikipedia.org/wiki/Alexander_Albon,Alexander,Albon,1996-03-23,Thai,williams,https://en.wikipedia.org/wiki/Williams_Racing,Williams,British,6470835.0,+1:13.417,6.0,46.0,1:37.342,kph,182.696,2023,15,Singapore Grand Prix,2023-09-17,marina_bay,williams,1
731,24,12,12,0,19,62,Finished,zhou,24,ZHO,http://en.wikipedia.org/wiki/Zhou_Guanyu,Guanyu,Zhou,1999-05-30,Chinese,alfa,https://en.wikipedia.org/wiki/Alfa_Romeo_in_Formula_One,Alfa Romeo,Swiss,6481067.0,+1:23.649,16.0,46.0,1:39.316,kph,179.064,2023,15,Singapore Grand Prix,2023-09-17,marina_bay,audi,1
732,27,13,13,0,9,62,Finished,hulkenberg,27,HUL,http://en.wikipedia.org/wiki/Nico_H%C3%BClkenberg,Nico,Hülkenberg,1987-08-19,German,haas,https://en.wikipedia.org/wiki/Haas_F1_Team,Haas F1 Team,American,6483619.0,+1:26.201,17.0,50.0,1:39.923,kph,177.977,2023,15,Singapore Grand Prix,2023-09-17,marina_bay,haas,1
733,2,14,14,0,18,62,Finished,sargeant,2,SAR,http://en.wikipedia.org/wiki/Logan_Sargeant,Logan,Sargeant,2000-12-31,American,williams,https://en.wikipedia.org/wiki/Williams_Racing,Williams,British,6484307.0,+1:26.889,14.0,45.0,1:38.531,kph,180.491,2023,15,Singapore Grand Prix,2023-09-17,marina_bay,williams,1
734,14,15,15,0,7,62,Finished,alonso,14,ALO,http://en.wikipedia.org/wiki/Fernando_Alonso,Fernando,Alonso,1981-07-29,Spanish,aston_martin,https://en.wikipedia.org/wiki/Aston_Martin_in_Formula_One,Aston Martin,British,6485021.0,+1:27.603,3.0,47.0,1:36.456,kph,184.374,2023,15,Singapore Grand Prix,2023-09-17,marina_bay,aston_martin,1
735,63,16,16,0,2,61,Retired,russell,63,RUS,http://en.wikipedia.org/wiki/George_Russell_(racing_driver),George,Russell,1998-02-15,British,mercedes,https://en.wikipedia.org/wiki/Mercedes-Benz_in_Formula_One,Mercedes,German,6298932.0,,2.0,46.0,1:36.273,kph,184.724,2023,15,Singapore Grand Prix,2023-09-17,marina_bay,mercedes,0
736,77,17,R,0,16,51,Retired,bottas,77,BOT,http://en.wikipedia.org/wiki/Valtteri_Bottas,Valtteri,Bottas,1989-08-28,Finnish,alfa,https://en.wikipedia.org/wiki/Alfa_Romeo_in_Formula_One,Alfa Romeo,Swiss,,,9.0,51.0,1:38.075,kph,181.33,2023,15,Singapore Grand Prix,2023-09-17,marina_bay,audi,0
737,31,18,R,0,8,42,Retired,ocon,31,OCO,http://en.wikipedia.org/wiki/Esteban_Ocon,Esteban,Ocon,1996-09-17,French,alpine,https://en.wikipedia.org/wiki/Alpine_F1_Team,Alpine F1 Team,French,,,18.0,33.0,1:39.930,kph,177.964,2023,15,Singapore Grand Prix,2023-09-17,marina_bay,alpine,0
738,22,19,R,0,15,0,Retired,tsunoda,22,TSU,http://en.wikipedia.org/wiki/Yuki_Tsunoda,Yuki,Tsunoda,2000-05-11,Japanese,alphatauri,https://en.wikipedia.org/wiki/Scuderia_AlphaTauri,AlphaTauri,Italian,,,,,,,,2023,15,Singapore Grand Prix,2023-09-17,marina_bay,rb,0
739,18,20,W,0,0,0,Withdrew,stroll,18,STR,http://en.wikipedia.org/wiki/Lance_Stroll,Lance,Stroll,1998-10-29,Canadian,aston_martin,https://en.wikipedia.org/wiki/Aston_Martin_in_Formula_One,Aston Martin,British,,,,,,,,2023,15,Singapore Grand Prix,2023-09-17,marina_bay,aston_martin,0
740,1,1,1,26,1,53,Finished,max_verstappen,3,VER,http://en.wikipedia.org/wiki/Max_Verstappen,Max,Verstappen,1997-09-30,Dutch,red_bull,https://en.wikipedia.org/wiki/Red_Bull_Racing,Red Bull,Austrian,5458421.0,1:30:58.421,1.0,39.0,1:34.183,kph,221.963,2023,16,Japanese Grand Prix,2023-09-24,suzuka,red_bull,1
741,4,2,2,18,3,53,Finished,norris,1,NOR,http://en.wikipedia.org/wiki/Lando_Norris,Lando,Norris,1999-11-13,British,mclaren,https://en.wikipedia.org/wiki/McLaren,McLaren,British,5477808.0,+19.387,2.0,40.0,1:35.247,kph,219.484,2023,16,Japanese Grand Prix,2023-09-24,suzuka,mclaren,1
742,81,3,3,15,2,53,Finished,piastri,81,PIA,http://en.wikipedia.org/wiki/Oscar_Piastri,Oscar,Piastri,2001-04-06,Australian,mclaren,https://en.wikipedia.org/wiki/McLaren,McLaren,British,5494915.0,+36.494,5.0,38.0,1:36.328,kph,217.021,2023,16,Japanese Grand Prix,2023-09-24,suzuka,mclaren,1
743,16,4,4,12,4,53,Finished,leclerc,16,LEC,http://en.wikipedia.org/wiki/Charles_Leclerc,Charles,Leclerc,1997-10-16,Monegasque,ferrari,https://en.wikipedia.org/wiki/Scuderia_Ferrari,Ferrari,Italian,5502419.0,+43.998,6.0,40.0,1:36.362,kph,216.944,2023,16,Japanese Grand Prix,2023-09-24,suzuka,ferrari,1
744,44,5,5,10,7,53,Finished,hamilton,44,HAM,http://en.wikipedia.org/wiki/Lewis_Hamilton,Lewis,Hamilton,1985-01-07,British,mercedes,https://en.wikipedia.org/wiki/Mercedes-Benz_in_Formula_One,Mercedes,German,5507797.0,+49.376,3.0,36.0,1:35.611,kph,218.648,2023,16,Japanese Grand Prix,2023-09-24,suzuka,mercedes,1
745,55,6,6,8,6,53,Finished,sainz,55,SAI,http://en.wikipedia.org/wiki/Carlos_Sainz_Jr.,Carlos,Sainz,1994-09-01,Spanish,ferrari,https://en.wikipedia.org/wiki/Scuderia_Ferrari,Ferrari,Italian,5508642.0,+50.221,4.0,40.0,1:36.187,kph,217.339,2023,16,Japanese Grand Prix,2023-09-24,suzuka,ferrari,1
746,63,7,7,6,8,53,Finished,russell,63,RUS,http://en.wikipedia.org/wiki/George_Russell_(racing_driver),George,Russell,1998-02-15,British,mercedes,https://en.wikipedia.org/wiki/Mercedes-Benz_in_Formula_One,Mercedes,German,5516080.0,+57.659,11.0,27.0,1:37.653,kph,214.076,2023,16,Japanese Grand Prix,2023-09-24,suzuka,mercedes,1
747,14,8,8,4,10,53,Finished,alonso,14,ALO,http://en.wikipedia.org/wiki/Fernando_Alonso,Fernando,Alonso,1981-07-29,Spanish,aston_martin,https://en.wikipedia.org/wiki/Aston_Martin_in_Formula_One,Aston Martin,British,5533146.0,+1:14.725,8.0,28.0,1:37.203,kph,215.067,2023,16,Japanese Grand Prix,2023-09-24,suzuka,aston_martin,1
748,31,9,9,2,14,53,Finished,ocon,31,OCO,http://en.wikipedia.org/wiki/Esteban_Ocon,Esteban,Ocon,1996-09-17,French,alpine,https://en.wikipedia.org/wiki/Alpine_F1_Team,Alpine F1 Team,French,5538099.0,+1:19.678,10.0,34.0,1:37.398,kph,214.636,2023,16,Japanese Grand Prix,2023-09-24,suzuka,alpine,1
749,10,10,10,1,12,53,Finished,gasly,10,GAS,http://en.wikipedia.org/wiki/Pierre_Gasly,Pierre,Gasly,1996-02-07,French,alpine,https://en.wikipedia.org/wiki/Alpine_F1_Team,Alpine F1 Team,French,5541576.0,+1:23.155,7.0,36.0,1:36.371,kph,216.924,2023,16,Japanese Grand Prix,2023-09-24,suzuka,alpine,1
750,40,11,11,0,11,52,Lapped,lawson,30,LAW,http://en.wikipedia.org/wiki/Liam_Lawson,Liam,Lawson,2002-02-11,New Zealander,alphatauri,https://en.wikipedia.org/wiki/Scuderia_AlphaTauri,AlphaTauri,Italian,5461510.0,+3.089,15.0,50.0,1:38.267,kph,212.738,2023,16,Japanese Grand Prix,2023-09-24,suzuka,rb,1
751,22,12,12,0,9,52,Lapped,tsunoda,22,TSU,http://en.wikipedia.org/wiki/Yuki_Tsunoda,Yuki,Tsunoda,2000-05-11,Japanese,alphatauri,https://en.wikipedia.org/wiki/Scuderia_AlphaTauri,AlphaTauri,Italian,5462395.0,+3.974,12.0,36.0,1:37.768,kph,213.824,2023,16,Japanese Grand Prix,2023-09-24,suzuka,rb,1
752,24,13,13,0,19,52,Lapped,zhou,24,ZHO,http://en.wikipedia.org/wiki/Zhou_Guanyu,Guanyu,Zhou,1999-05-30,Chinese,alfa,https://en.wikipedia.org/wiki/Alfa_Romeo_in_Formula_One,Alfa Romeo,Swiss,5464761.0,+6.340,13.0,45.0,1:37.791,kph,213.774,2023,16,Japanese Grand Prix,2023-09-24,suzuka,audi,1
753,27,14,14,0,18,52,Lapped,hulkenberg,27,HUL,http://en.wikipedia.org/wiki/Nico_H%C3%BClkenberg,Nico,Hülkenberg,1987-08-19,German,haas,https://en.wikipedia.org/wiki/Haas_F1_Team,Haas F1 Team,American,5468019.0,+9.598,9.0,44.0,1:37.250,kph,214.963,2023,16,Japanese Grand Prix,2023-09-24,suzuka,haas,1
754,20,15,15,0,15,52,Lapped,kevin_magnussen,20,MAG,http://en.wikipedia.org/wiki/Kevin_Magnussen,Kevin,Magnussen,1992-10-05,Danish,haas,https://en.wikipedia.org/wiki/Haas_F1_Team,Haas F1 Team,American,5487991.0,+29.570,14.0,41.0,1:37.842,kph,213.662,2023,16,Japanese Grand Prix,2023-09-24,suzuka,haas,1
755,23,16,R,0,13,26,Retired,albon,23,ALB,http://en.wikipedia.org/wiki/Alexander_Albon,Alexander,Albon,1996-03-23,Thai,williams,https://en.wikipedia.org/wiki/Williams_Racing,Williams,British,,,18.0,15.0,1:39.185,kph,210.769,2023,16,Japanese Grand Prix,2023-09-24,suzuka,williams,0
756,2,17,R,0,20,22,Retired,sargeant,2,SAR,http://en.wikipedia.org/wiki/Logan_Sargeant,Logan,Sargeant,2000-12-31,American,williams,https://en.wikipedia.org/wiki/Williams_Racing,Williams,British,,,16.0,7.0,1:38.848,kph,211.488,2023,16,Japanese Grand Prix,2023-09-24,suzuka,williams,0
757,18,18,R,0,17,20,Retired,stroll,18,STR,http://en.wikipedia.org/wiki/Lance_Stroll,Lance,Stroll,1998-10-29,Canadian,aston_martin,https://en.wikipedia.org/wiki/Aston_Martin_in_Formula_One,Aston Martin,British,,,17.0,16.0,1:39.050,kph,211.057,2023,16,Japanese Grand Prix,2023-09-24,suzuka,aston_martin,0
758,11,19,R,0,5,15,Retired,perez,11,PER,http://en.wikipedia.org/wiki/Sergio_P%C3%A9rez,Sergio,Pérez,1990-01-26,Mexican,red_bull,https://en.wikipedia.org/wiki/Red_Bull_Racing,Red Bull,Austrian,,,19.0,8.0,1:39.704,kph,209.672,2023,16,Japanese Grand Prix,2023-09-24,suzuka,red_bull,0
759,77,20,R,0,16,7,Retired,bottas,77,BOT,http://en.wikipedia.org/wiki/Valtteri_Bottas,Valtteri,Bottas,1989-08-28,Finnish,alfa,https://en.wikipedia.org/wiki/Alfa_Romeo_in_Formula_One,Alfa Romeo,Swiss,,,20.0,5.0,2:02.755,kph,170.3,2023,16,Japanese Grand Prix,2023-09-24,suzuka,audi,0
760,1,1,1,26,1,57,Finished,max_verstappen,3,VER,http://en.wikipedia.org/wiki/Max_Verstappen,Max,Verstappen,1997-09-30,Dutch,red_bull,https://en.wikipedia.org/wiki/Red_Bull_Racing,Red Bull,Austrian,5259168.0,1:27:39.168,1.0,56.0,1:24.319,kph,231.364,2023,17,Qatar Grand Prix,2023-10-08,losail,red_bull,1
761,81,2,2,18,6,57,Finished,piastri,81,PIA,http://en.wikipedia.org/wiki/Oscar_Piastri,Oscar,Piastri,2001-04-06,Australian,mclaren,https://en.wikipedia.org/wiki/McLaren,McLaren,British,5264001.0,+4.833,3.0,48.0,1:24.921,kph,229.724,2023,17,Qatar Grand Prix,2023-10-08,losail,mclaren,1
762,4,3,3,15,10,57,Finished,norris,1,NOR,http://en.wikipedia.org/wiki/Lando_Norris,Lando,Norris,1999-11-13,British,mclaren,https://en.wikipedia.org/wiki/McLaren,McLaren,British,5265137.0,+5.969,2.0,47.0,1:24.842,kph,229.938,2023,17,Qatar Grand Prix,2023-10-08,losail,mclaren,1
763,63,4,4,12,2,57,Finished,russell,63,RUS,http://en.wikipedia.org/wiki/George_Russell_(racing_driver),George,Russell,1998-02-15,British,mercedes,https://en.wikipedia.org/wiki/Mercedes-Benz_in_Formula_One,Mercedes,German,5293287.0,+34.119,5.0,35.0,1:25.770,kph,227.45,2023,17,Qatar Grand Prix,2023-10-08,losail,mercedes,1
764,16,5,5,10,5,57,Finished,leclerc,16,LEC,http://en.wikipedia.org/wiki/Charles_Leclerc,Charles,Leclerc,1997-10-16,Monegasque,ferrari,https://en.wikipedia.org/wiki/Scuderia_Ferrari,Ferrari,Italian,5298144.0,+38.976,4.0,57.0,1:24.992,kph,229.532,2023,17,Qatar Grand Prix,2023-10-08,losail,ferrari,1
765,14,6,6,8,4,57,Finished,alonso,14,ALO,http://en.wikipedia.org/wiki/Fernando_Alonso,Fernando,Alonso,1981-07-29,Spanish,aston_martin,https://en.wikipedia.org/wiki/Aston_Martin_in_Formula_One,Aston Martin,British,5308200.0,+49.032,6.0,57.0,1:26.045,kph,226.723,2023,17,Qatar Grand Prix,2023-10-08,losail,aston_martin,1
766,31,7,7,6,8,57,Finished,ocon,31,OCO,http://en.wikipedia.org/wiki/Esteban_Ocon,Esteban,Ocon,1996-09-17,French,alpine,https://en.wikipedia.org/wiki/Alpine_F1_Team,Alpine F1 Team,French,5321558.0,+1:02.390,11.0,42.0,1:26.450,kph,225.661,2023,17,Qatar Grand Prix,2023-10-08,losail,alpine,1
767,77,8,8,4,9,57,Finished,bottas,77,BOT,http://en.wikipedia.org/wiki/Valtteri_Bottas,Valtteri,Bottas,1989-08-28,Finnish,alfa,https://en.wikipedia.org/wiki/Alfa_Romeo_in_Formula_One,Alfa Romeo,Swiss,5325731.0,+1:06.563,13.0,54.0,1:26.652,kph,225.135,2023,17,Qatar Grand Prix,2023-10-08,losail,audi,1
768,24,9,9,2,19,57,Finished,zhou,24,ZHO,http://en.wikipedia.org/wiki/Zhou_Guanyu,Guanyu,Zhou,1999-05-30,Chinese,alfa,https://en.wikipedia.org/wiki/Alfa_Romeo_in_Formula_One,Alfa Romeo,Swiss,5335295.0,+1:16.127,9.0,54.0,1:26.323,kph,225.993,2023,17,Qatar Grand Prix,2023-10-08,losail,audi,1
769,11,10,10,1,20,57,Finished,perez,11,PER,http://en.wikipedia.org/wiki/Sergio_P%C3%A9rez,Sergio,Pérez,1990-01-26,Mexican,red_bull,https://en.wikipedia.org/wiki/Red_Bull_Racing,Red Bull,Austrian,5339349.0,+1:20.181,7.0,50.0,1:26.220,kph,226.263,2023,17,Qatar Grand Prix,2023-10-08,losail,red_bull,1
770,18,11,11,0,16,57,Finished,stroll,18,STR,http://en.wikipedia.org/wiki/Lance_Stroll,Lance,Stroll,1998-10-29,Canadian,aston_martin,https://en.wikipedia.org/wiki/Aston_Martin_in_Formula_One,Aston Martin,British,5340820.0,+1:21.652,10.0,55.0,1:26.352,kph,225.917,2023,17,Qatar Grand Prix,2023-10-08,losail,aston_martin,1
771,10,12,12,0,7,57,Finished,gasly,10,GAS,http://en.wikipedia.org/wiki/Pierre_Gasly,Pierre,Gasly,1996-02-07,French,alpine,https://en.wikipedia.org/wiki/Alpine_F1_Team,Alpine F1 Team,French,5341468.0,+1:22.300,8.0,49.0,1:26.310,kph,226.027,2023,17,Qatar Grand Prix,2023-10-08,losail,alpine,1
772,23,13,13,0,13,57,Finished,albon,23,ALB,http://en.wikipedia.org/wiki/Alexander_Albon,Alexander,Albon,1996-03-23,Thai,williams,https://en.wikipedia.org/wiki/Williams_Racing,Williams,British,5350182.0,+1:31.014,14.0,57.0,1:26.666,kph,225.098,2023,17,Qatar Grand Prix,2023-10-08,losail,williams,1
773,20,14,14,0,18,56,Lapped,kevin_magnussen,20,MAG,http://en.wikipedia.org/wiki/Kevin_Magnussen,Kevin,Magnussen,1992-10-05,Danish,haas,https://en.wikipedia.org/wiki/Haas_F1_Team,Haas F1 Team,American,5260414.0,+1.246,15.0,46.0,1:27.067,kph,224.061,2023,17,Qatar Grand Prix,2023-10-08,losail,haas,1
774,22,15,15,0,11,56,Lapped,tsunoda,22,TSU,http://en.wikipedia.org/wiki/Yuki_Tsunoda,Yuki,Tsunoda,2000-05-11,Japanese,alphatauri,https://en.wikipedia.org/wiki/Scuderia_AlphaTauri,AlphaTauri,Italian,5268126.0,+8.958,17.0,55.0,1:27.174,kph,223.786,2023,17,Qatar Grand Prix,2023-10-08,losail,rb,1
775,27,16,16,0,14,56,Lapped,hulkenberg,27,HUL,http://en.wikipedia.org/wiki/Nico_H%C3%BClkenberg,Nico,Hülkenberg,1987-08-19,German,haas,https://en.wikipedia.org/wiki/Haas_F1_Team,Haas F1 Team,American,5274253.0,+15.085,12.0,45.0,1:26.489,kph,225.559,2023,17,Qatar Grand Prix,2023-10-08,losail,haas,1
776,40,17,17,0,17,56,Lapped,lawson,30,LAW,http://en.wikipedia.org/wiki/Liam_Lawson,Liam,Lawson,2002-02-11,New Zealander,alphatauri,https://en.wikipedia.org/wiki/Scuderia_AlphaTauri,AlphaTauri,Italian,5286276.0,+27.108,16.0,54.0,1:27.113,kph,223.943,2023,17,Qatar Grand Prix,2023-10-08,losail,rb,1
777,2,18,R,0,15,40,Retired,sargeant,2,SAR,http://en.wikipedia.org/wiki/Logan_Sargeant,Logan,Sargeant,2000-12-31,American,williams,https://en.wikipedia.org/wiki/Williams_Racing,Williams,British,,,18.0,31.0,1:27.983,kph,221.729,2023,17,Qatar Grand Prix,2023-10-08,losail,williams,0
778,44,19,R,0,3,0,Retired,hamilton,44,HAM,http://en.wikipedia.org/wiki/Lewis_Hamilton,Lewis,Hamilton,1985-01-07,British,mercedes,https://en.wikipedia.org/wiki/Mercedes-Benz_in_Formula_One,Mercedes,German,,,,,,,,2023,17,Qatar Grand Prix,2023-10-08,losail,mercedes,0
779,55,20,W,0,12,0,Did not start,sainz,55,SAI,http://en.wikipedia.org/wiki/Carlos_Sainz_Jr.,Carlos,Sainz,1994-09-01,Spanish,ferrari,https://en.wikipedia.org/wiki/Scuderia_Ferrari,Ferrari,Italian,,,,,,,,2023,17,Qatar Grand Prix,2023-10-08,losail,ferrari,0
780,1,1,1,25,6,56,Finished,max_verstappen,3,VER,http://en.wikipedia.org/wiki/Max_Verstappen,Max,Verstappen,1997-09-30,Dutch,red_bull,https://en.wikipedia.org/wiki/Red_Bull_Racing,Red Bull,Austrian,5721362.0,1:35:21.362,9.0,40.0,1:40.028,kph,198.412,2023,18,United States Grand Prix,2023-10-22,americas,red_bull,1
781,4,2,2,18,2,56,Finished,norris,1,NOR,http://en.wikipedia.org/wiki/Lando_Norris,Lando,Norris,1999-11-13,British,mclaren,https://en.wikipedia.org/wiki/McLaren,McLaren,British,5732092.0,+10.730,8.0,39.0,1:39.985,kph,198.497,2023,18,United States Grand Prix,2023-10-22,americas,mclaren,1
782,55,3,3,15,4,56,Finished,sainz,55,SAI,http://en.wikipedia.org/wiki/Carlos_Sainz_Jr.,Carlos,Sainz,1994-09-01,Spanish,ferrari,https://en.wikipedia.org/wiki/Scuderia_Ferrari,Ferrari,Italian,5736496.0,+15.134,10.0,51.0,1:40.034,kph,198.4,2023,18,United States Grand Prix,2023-10-22,americas,ferrari,1
783,11,4,4,12,9,56,Finished,perez,11,PER,http://en.wikipedia.org/wiki/Sergio_P%C3%A9rez,Sergio,Pérez,1990-01-26,Mexican,red_bull,https://en.wikipedia.org/wiki/Red_Bull_Racing,Red Bull,Austrian,5739822.0,+18.460,5.0,40.0,1:39.737,kph,198.991,2023,18,United States Grand Prix,2023-10-22,americas,red_bull,1
784,63,5,5,10,5,56,Finished,russell,63,RUS,http://en.wikipedia.org/wiki/George_Russell_(racing_driver),George,Russell,1998-02-15,British,mercedes,https://en.wikipedia.org/wiki/Mercedes-Benz_in_Formula_One,Mercedes,German,5746361.0,+24.999,3.0,48.0,1:39.393,kph,199.68,2023,18,United States Grand Prix,2023-10-22,americas,mercedes,1
785,10,6,6,8,7,56,Finished,gasly,10,GAS,http://en.wikipedia.org/wiki/Pierre_Gasly,Pierre,Gasly,1996-02-07,French,alpine,https://en.wikipedia.org/wiki/Alpine_F1_Team,Alpine F1 Team,French,5769358.0,+47.996,11.0,47.0,1:40.412,kph,197.653,2023,18,United States Grand Prix,2023-10-22,americas,alpine,1
786,18,7,7,6,20,56,Finished,stroll,18,STR,http://en.wikipedia.org/wiki/Lance_Stroll,Lance,Stroll,1998-10-29,Canadian,aston_martin,https://en.wikipedia.org/wiki/Aston_Martin_in_Formula_One,Aston Martin,British,5770058.0,+48.696,6.0,48.0,1:39.908,kph,198.65,2023,18,United States Grand Prix,2023-10-22,americas,aston_martin,1
787,22,8,8,5,11,56,Finished,tsunoda,22,TSU,http://en.wikipedia.org/wiki/Yuki_Tsunoda,Yuki,Tsunoda,2000-05-11,Japanese,alphatauri,https://en.wikipedia.org/wiki/Scuderia_AlphaTauri,AlphaTauri,Italian,5795747.0,+1:14.385,1.0,56.0,1:38.139,kph,202.231,2023,18,United States Grand Prix,2023-10-22,americas,rb,1
788,23,9,9,2,15,56,Finished,albon,23,ALB,http://en.wikipedia.org/wiki/Alexander_Albon,Alexander,Albon,1996-03-23,Thai,williams,https://en.wikipedia.org/wiki/Williams_Racing,Williams,British,5808076.0,+1:26.714,15.0,48.0,1:41.318,,,2023,18,United States Grand Prix,2023-10-22,americas,williams,1
789,2,10,10,1,16,56,Finished,sargeant,2,SAR,http://en.wikipedia.org/wiki/Logan_Sargeant,Logan,Sargeant,2000-12-31,American,williams,https://en.wikipedia.org/wiki/Williams_Racing,Williams,British,5809360.0,+1:27.998,14.0,34.0,1:41.238,kph,196.041,2023,18,United States Grand Prix,2023-10-22,americas,williams,1
790,27,11,11,0,18,56,Finished,hulkenberg,27,HUL,http://en.wikipedia.org/wiki/Nico_H%C3%BClkenberg,Nico,Hülkenberg,1987-08-19,German,haas,https://en.wikipedia.org/wiki/Haas_F1_Team,Haas F1 Team,American,5811266.0,+1:29.904,12.0,45.0,1:40.925,kph,196.648,2023,18,United States Grand Prix,2023-10-22,americas,haas,1
791,77,12,12,0,13,56,Finished,bottas,77,BOT,http://en.wikipedia.org/wiki/Valtteri_Bottas,Valtteri,Bottas,1989-08-28,Finnish,alfa,https://en.wikipedia.org/wiki/Alfa_Romeo_in_Formula_One,Alfa Romeo,Swiss,5819963.0,+1:38.601,18.0,54.0,1:41.972,kph,194.629,2023,18,United States Grand Prix,2023-10-22,americas,audi,1
792,24,13,13,0,12,55,Lapped,zhou,24,ZHO,http://en.wikipedia.org/wiki/Zhou_Guanyu,Guanyu,Zhou,1999-05-30,Chinese,alfa,https://en.wikipedia.org/wiki/Alfa_Romeo_in_Formula_One,Alfa Romeo,Swiss,5724938.0,+3.576,17.0,51.0,1:41.879,kph,194.807,2023,18,United States Grand Prix,2023-10-22,americas,audi,1
793,20,14,14,0,17,55,Lapped,kevin_magnussen,20,MAG,http://en.wikipedia.org/wiki/Kevin_Magnussen,Kevin,Magnussen,1992-10-05,Danish,haas,https://en.wikipedia.org/wiki/Haas_F1_Team,Haas F1 Team,American,5729434.0,+8.072,16.0,41.0,1:41.506,kph,195.523,2023,18,United States Grand Prix,2023-10-22,americas,haas,1
794,3,15,15,0,14,55,Lapped,ricciardo,3,RIC,http://en.wikipedia.org/wiki/Daniel_Ricciardo,Daniel,Ricciardo,1989-07-01,Australian,alphatauri,https://en.wikipedia.org/wiki/Scuderia_AlphaTauri,AlphaTauri,Italian,5730214.0,+8.852,2.0,49.0,1:39.366,kph,199.734,2023,18,United States Grand Prix,2023-10-22,americas,rb,1
795,14,16,R,0,19,49,Retired,alonso,14,ALO,http://en.wikipedia.org/wiki/Fernando_Alonso,Fernando,Alonso,1981-07-29,Spanish,aston_martin,https://en.wikipedia.org/wiki/Aston_Martin_in_Formula_One,Aston Martin,British,,,7.0,47.0,1:39.954,kph,198.559,2023,18,United States Grand Prix,2023-10-22,americas,aston_martin,0
796,81,17,R,0,10,10,Retired,piastri,81,PIA,http://en.wikipedia.org/wiki/Oscar_Piastri,Oscar,Piastri,2001-04-06,Australian,mclaren,https://en.wikipedia.org/wiki/McLaren,McLaren,British,,,19.0,5.0,1:42.705,kph,193.24,2023,18,United States Grand Prix,2023-10-22,americas,mclaren,0
797,31,18,R,0,8,6,Retired,ocon,31,OCO,http://en.wikipedia.org/wiki/Esteban_Ocon,Esteban,Ocon,1996-09-17,French,alpine,https://en.wikipedia.org/wiki/Alpine_F1_Team,Alpine F1 Team,French,,,20.0,2.0,1:44.789,kph,189.397,2023,18,United States Grand Prix,2023-10-22,americas,alpine,0
798,44,19,19,0,3,56,Disqualified,hamilton,44,HAM,http://en.wikipedia.org/wiki/Lewis_Hamilton,Lewis,Hamilton,1985-01-07,British,mercedes,https://en.wikipedia.org/wiki/Mercedes-Benz_in_Formula_One,Mercedes,German,5723587.0,+2.225,4.0,42.0,1:39.582,kph,199.301,2023,18,United States Grand Prix,2023-10-22,americas,mercedes,0
799,16,20,20,0,1,56,Disqualified,leclerc,16,LEC,http://en.wikipedia.org/wiki/Charles_Leclerc,Charles,Leclerc,1997-10-16,Monegasque,ferrari,https://en.wikipedia.org/wiki/Scuderia_Ferrari,Ferrari,Italian,5746024.0,+24.662,13.0,38.0,1:41.025,,,2023,18,United States Grand Prix,2023-10-22,americas,ferrari,0
800,1,1,1,25,3,71,Finished,max_verstappen,3,VER,http://en.wikipedia.org/wiki/Max_Verstappen,Max,Verstappen,1997-09-30,Dutch,red_bull,https://en.wikipedia.org/wiki/Red_Bull_Racing,Red Bull,Austrian,7350814.0,2:02:30.814,2.0,40.0,1:21.644,kph,189.78,2023,19,Mexico City Grand Prix,2023-10-29,rodriguez,red_bull,1
801,44,2,2,19,6,71,Finished,hamilton,44,HAM,http://en.wikipedia.org/wiki/Lewis_Hamilton,Lewis,Hamilton,1985-01-07,British,mercedes,https://en.wikipedia.org/wiki/Mercedes-Benz_in_Formula_One,Mercedes,German,7364689.0,+13.875,1.0,71.0,1:21.334,kph,190.503,2023,19,Mexico City Grand Prix,2023-10-29,rodriguez,mercedes,1
802,16,3,3,15,1,71,Finished,leclerc,16,LEC,http://en.wikipedia.org/wiki/Charles_Leclerc,Charles,Leclerc,1997-10-16,Monegasque,ferrari,https://en.wikipedia.org/wiki/Scuderia_Ferrari,Ferrari,Italian,7373938.0,+23.124,4.0,38.0,1:22.332,kph,188.194,2023,19,Mexico City Grand Prix,2023-10-29,rodriguez,ferrari,1
803,55,4,4,12,2,71,Finished,sainz,55,SAI,http://en.wikipedia.org/wiki/Carlos_Sainz_Jr.,Carlos,Sainz,1994-09-01,Spanish,ferrari,https://en.wikipedia.org/wiki/Scuderia_Ferrari,Ferrari,Italian,7377968.0,+27.154,6.0,57.0,1:22.539,kph,187.722,2023,19,Mexico City Grand Prix,2023-10-29,rodriguez,ferrari,1
804,4,5,5,10,17,71,Finished,norris,1,NOR,http://en.wikipedia.org/wiki/Lando_Norris,Lando,Norris,1999-11-13,British,mclaren,https://en.wikipedia.org/wiki/McLaren,McLaren,British,7384080.0,+33.266,3.0,71.0,1:21.944,kph,189.085,2023,19,Mexico City Grand Prix,2023-10-29,rodriguez,mclaren,1
805,63,6,6,8,8,71,Finished,russell,63,RUS,http://en.wikipedia.org/wiki/George_Russell_(racing_driver),George,Russell,1998-02-15,British,mercedes,https://en.wikipedia.org/wiki/Mercedes-Benz_in_Formula_One,Mercedes,German,7391834.0,+41.020,10.0,38.0,1:22.780,kph,187.175,2023,19,Mexico City Grand Prix,2023-10-29,rodriguez,mercedes,1
806,3,7,7,6,4,71,Finished,ricciardo,3,RIC,http://en.wikipedia.org/wiki/Daniel_Ricciardo,Daniel,Ricciardo,1989-07-01,Australian,alphatauri,https://en.wikipedia.org/wiki/Scuderia_AlphaTauri,AlphaTauri,Italian,7392384.0,+41.570,7.0,66.0,1:22.679,kph,187.404,2023,19,Mexico City Grand Prix,2023-10-29,rodriguez,rb,1
807,81,8,8,4,7,71,Finished,piastri,81,PIA,http://en.wikipedia.org/wiki/Oscar_Piastri,Oscar,Piastri,2001-04-06,Australian,mclaren,https://en.wikipedia.org/wiki/McLaren,McLaren,British,7393918.0,+43.104,8.0,53.0,1:22.760,kph,187.22,2023,19,Mexico City Grand Prix,2023-10-29,rodriguez,mclaren,1
808,23,9,9,2,14,71,Finished,albon,23,ALB,http://en.wikipedia.org/wiki/Alexander_Albon,Alexander,Albon,1996-03-23,Thai,williams,https://en.wikipedia.org/wiki/Williams_Racing,Williams,British,7399387.0,+48.573,9.0,65.0,1:22.773,kph,187.191,2023,19,Mexico City Grand Prix,2023-10-29,rodriguez,williams,1
809,31,10,10,1,15,71,Finished,ocon,31,OCO,http://en.wikipedia.org/wiki/Esteban_Ocon,Esteban,Ocon,1996-09-17,French,alpine,https://en.wikipedia.org/wiki/Alpine_F1_Team,Alpine F1 Team,French,7413693.0,+1:02.879,11.0,66.0,1:22.976,kph,186.733,2023,19,Mexico City Grand Prix,2023-10-29,rodriguez,alpine,1
810,10,11,11,0,11,71,Finished,gasly,10,GAS,http://en.wikipedia.org/wiki/Pierre_Gasly,Pierre,Gasly,1996-02-07,French,alpine,https://en.wikipedia.org/wiki/Alpine_F1_Team,Alpine F1 Team,French,7417022.0,+1:06.208,16.0,43.0,1:23.230,kph,186.163,2023,19,Mexico City Grand Prix,2023-10-29,rodriguez,alpine,1
811,22,12,12,0,18,71,Finished,tsunoda,22,TSU,http://en.wikipedia.org/wiki/Yuki_Tsunoda,Yuki,Tsunoda,2000-05-11,Japanese,alphatauri,https://en.wikipedia.org/wiki/Scuderia_AlphaTauri,AlphaTauri,Italian,7429796.0,+1:18.982,5.0,11.0,1:22.501,kph,187.808,2023,19,Mexico City Grand Prix,2023-10-29,rodriguez,rb,1
812,27,13,13,0,12,71,Finished,hulkenberg,27,HUL,http://en.wikipedia.org/wiki/Nico_H%C3%BClkenberg,Nico,Hülkenberg,1987-08-19,German,haas,https://en.wikipedia.org/wiki/Haas_F1_Team,Haas F1 Team,American,7431123.0,+1:20.309,15.0,43.0,1:23.222,kph,186.181,2023,19,Mexico City Grand Prix,2023-10-29,rodriguez,haas,1
813,24,14,14,0,10,71,Finished,zhou,24,ZHO,http://en.wikipedia.org/wiki/Zhou_Guanyu,Guanyu,Zhou,1999-05-30,Chinese,alfa,https://en.wikipedia.org/wiki/Alfa_Romeo_in_Formula_One,Alfa Romeo,Swiss,7432490.0,+1:21.676,19.0,39.0,1:23.567,kph,185.412,2023,19,Mexico City Grand Prix,2023-10-29,rodriguez,audi,1
814,77,15,15,0,9,71,Finished,bottas,77,BOT,http://en.wikipedia.org/wiki/Valtteri_Bottas,Valtteri,Bottas,1989-08-28,Finnish,alfa,https://en.wikipedia.org/wiki/Alfa_Romeo_in_Formula_One,Alfa Romeo,Swiss,7436411.0,+1:25.597,14.0,43.0,1:23.166,kph,186.306,2023,19,Mexico City Grand Prix,2023-10-29,rodriguez,audi,1
815,2,16,16,0,19,70,Retired,sargeant,2,SAR,http://en.wikipedia.org/wiki/Logan_Sargeant,Logan,Sargeant,2000-12-31,American,williams,https://en.wikipedia.org/wiki/Williams_Racing,Williams,British,,,12.0,24.0,1:23.003,kph,186.672,2023,19,Mexico City Grand Prix,2023-10-29,rodriguez,williams,0
816,18,17,17,0,0,66,Collision damage,stroll,18,STR,http://en.wikipedia.org/wiki/Lance_Stroll,Lance,Stroll,1998-10-29,Canadian,aston_martin,https://en.wikipedia.org/wiki/Aston_Martin_in_Formula_One,Aston Martin,British,,,17.0,43.0,1:23.257,kph,186.103,2023,19,Mexico City Grand Prix,2023-10-29,rodriguez,aston_martin,0
817,14,18,W,0,13,47,Withdrew,alonso,14,ALO,http://en.wikipedia.org/wiki/Fernando_Alonso,Fernando,Alonso,1981-07-29,Spanish,aston_martin,https://en.wikipedia.org/wiki/Aston_Martin_in_Formula_One,Aston Martin,British,,,18.0,40.0,1:23.531,kph,185.492,2023,19,Mexico City Grand Prix,2023-10-29,rodriguez,aston_martin,0
818,20,19,R,0,16,31,Accident,kevin_magnussen,20,MAG,http://en.wikipedia.org/wiki/Kevin_Magnussen,Kevin,Magnussen,1992-10-05,Danish,haas,https://en.wikipedia.org/wiki/Haas_F1_Team,Haas F1 Team,American,,,13.0,25.0,1:23.146,kph,186.351,2023,19,Mexico City Grand Prix,2023-10-29,rodriguez,haas,0
819,11,20,R,0,5,1,Collision damage,perez,11,PER,http://en.wikipedia.org/wiki/Sergio_P%C3%A9rez,Sergio,Pérez,1990-01-26,Mexican,red_bull,https://en.wikipedia.org/wiki/Red_Bull_Racing,Red Bull,Austrian,,,,,,,,2023,19,Mexico City Grand Prix,2023-10-29,rodriguez,red_bull,0
820,1,1,1,25,1,71,Finished,max_verstappen,3,VER,http://en.wikipedia.org/wiki/Max_Verstappen,Max,Verstappen,1997-09-30,Dutch,red_bull,https://en.wikipedia.org/wiki/Red_Bull_Racing,Red Bull,Austrian,7008894.0,1:56:48.894,2.0,68.0,1:13.422,kph,211.277,2023,20,São Paulo Grand Prix,2023-11-05,interlagos,red_bull,1
821,4,2,2,19,6,71,Finished,norris,1,NOR,http://en.wikipedia.org/wiki/Lando_Norris,Lando,Norris,1999-11-13,British,mclaren,https://en.wikipedia.org/wiki/McLaren,McLaren,British,7017171.0,+8.277,1.0,61.0,1:12.486,kph,214.005,2023,20,São Paulo Grand Prix,2023-11-05,interlagos,mclaren,1
822,14,3,3,15,4,71,Finished,alonso,14,ALO,http://en.wikipedia.org/wiki/Fernando_Alonso,Fernando,Alonso,1981-07-29,Spanish,aston_martin,https://en.wikipedia.org/wiki/Aston_Martin_in_Formula_One,Aston Martin,British,7043049.0,+34.155,10.0,54.0,1:14.442,kph,208.382,2023,20,São Paulo Grand Prix,2023-11-05,interlagos,aston_martin,1
823,11,4,4,12,9,71,Finished,perez,11,PER,http://en.wikipedia.org/wiki/Sergio_P%C3%A9rez,Sergio,Pérez,1990-01-26,Mexican,red_bull,https://en.wikipedia.org/wiki/Red_Bull_Racing,Red Bull,Austrian,7043102.0,+34.208,5.0,55.0,1:14.124,kph,209.276,2023,20,São Paulo Grand Prix,2023-11-05,interlagos,red_bull,1
824,18,5,5,10,3,71,Finished,stroll,18,STR,http://en.wikipedia.org/wiki/Lance_Stroll,Lance,Stroll,1998-10-29,Canadian,aston_martin,https://en.wikipedia.org/wiki/Aston_Martin_in_Formula_One,Aston Martin,British,7049739.0,+40.845,4.0,67.0,1:14.007,kph,209.607,2023,20,São Paulo Grand Prix,2023-11-05,interlagos,aston_martin,1
825,55,6,6,8,7,71,Finished,sainz,55,SAI,http://en.wikipedia.org/wiki/Carlos_Sainz_Jr.,Carlos,Sainz,1994-09-01,Spanish,ferrari,https://en.wikipedia.org/wiki/Scuderia_Ferrari,Ferrari,Italian,7059082.0,+50.188,9.0,59.0,1:14.406,kph,208.483,2023,20,São Paulo Grand Prix,2023-11-05,interlagos,ferrari,1
826,10,7,7,6,15,71,Finished,gasly,10,GAS,http://en.wikipedia.org/wiki/Pierre_Gasly,Pierre,Gasly,1996-02-07,French,alpine,https://en.wikipedia.org/wiki/Alpine_F1_Team,Alpine F1 Team,French,7064987.0,+56.093,11.0,48.0,1:14.521,kph,208.161,2023,20,São Paulo Grand Prix,2023-11-05,interlagos,alpine,1
827,44,8,8,4,5,71,Finished,hamilton,44,HAM,http://en.wikipedia.org/wiki/Lewis_Hamilton,Lewis,Hamilton,1985-01-07,British,mercedes,https://en.wikipedia.org/wiki/Mercedes-Benz_in_Formula_One,Mercedes,German,7071753.0,+1:02.859,12.0,59.0,1:14.739,kph,207.554,2023,20,São Paulo Grand Prix,2023-11-05,interlagos,mercedes,1
828,22,9,9,2,16,71,Finished,tsunoda,22,TSU,http://en.wikipedia.org/wiki/Yuki_Tsunoda,Yuki,Tsunoda,2000-05-11,Japanese,alphatauri,https://en.wikipedia.org/wiki/Scuderia_AlphaTauri,AlphaTauri,Italian,7078774.0,+1:09.880,7.0,64.0,1:14.231,kph,208.974,2023,20,São Paulo Grand Prix,2023-11-05,interlagos,rb,1
829,31,10,10,1,14,70,Lapped,ocon,31,OCO,http://en.wikipedia.org/wiki/Esteban_Ocon,Esteban,Ocon,1996-09-17,French,alpine,https://en.wikipedia.org/wiki/Alpine_F1_Team,Alpine F1 Team,French,7018735.0,+9.841,6.0,53.0,1:14.206,kph,209.045,2023,20,São Paulo Grand Prix,2023-11-05,interlagos,alpine,1
830,2,11,11,0,19,70,Lapped,sargeant,2,SAR,http://en.wikipedia.org/wiki/Logan_Sargeant,Logan,Sargeant,2000-12-31,American,williams,https://en.wikipedia.org/wiki/Williams_Racing,Williams,British,7035102.0,+26.208,16.0,51.0,1:15.738,kph,204.816,2023,20,São Paulo Grand Prix,2023-11-05,interlagos,williams,1
831,27,12,12,0,11,70,Lapped,hulkenberg,27,HUL,http://en.wikipedia.org/wiki/Nico_H%C3%BClkenberg,Nico,Hülkenberg,1987-08-19,German,haas,https://en.wikipedia.org/wiki/Haas_F1_Team,Haas F1 Team,American,7038854.0,+29.960,14.0,66.0,1:15.036,kph,206.732,2023,20,São Paulo Grand Prix,2023-11-05,interlagos,haas,1
832,3,13,13,0,17,70,Lapped,ricciardo,3,RIC,http://en.wikipedia.org/wiki/Daniel_Ricciardo,Daniel,Ricciardo,1989-07-01,Australian,alphatauri,https://en.wikipedia.org/wiki/Scuderia_AlphaTauri,AlphaTauri,Italian,7078855.0,+1:09.961,3.0,68.0,1:13.866,kph,210.007,2023,20,São Paulo Grand Prix,2023-11-05,interlagos,rb,1
833,81,14,14,0,10,69,Lapped,piastri,81,PIA,http://en.wikipedia.org/wiki/Oscar_Piastri,Oscar,Piastri,2001-04-06,Australian,mclaren,https://en.wikipedia.org/wiki/McLaren,McLaren,British,7012530.0,+3.636,8.0,66.0,1:14.310,kph,208.752,2023,20,São Paulo Grand Prix,2023-11-05,interlagos,mclaren,1
834,63,15,R,0,8,57,Retired,russell,63,RUS,http://en.wikipedia.org/wiki/George_Russell_(racing_driver),George,Russell,1998-02-15,British,mercedes,https://en.wikipedia.org/wiki/Mercedes-Benz_in_Formula_One,Mercedes,German,,,13.0,55.0,1:14.934,kph,207.014,2023,20,São Paulo Grand Prix,2023-11-05,interlagos,mercedes,0
835,77,16,R,0,18,39,Retired,bottas,77,BOT,http://en.wikipedia.org/wiki/Valtteri_Bottas,Valtteri,Bottas,1989-08-28,Finnish,alfa,https://en.wikipedia.org/wiki/Alfa_Romeo_in_Formula_One,Alfa Romeo,Swiss,,,15.0,20.0,1:15.731,kph,204.835,2023,20,São Paulo Grand Prix,2023-11-05,interlagos,audi,0
836,24,17,R,0,20,22,Retired,zhou,24,ZHO,http://en.wikipedia.org/wiki/Zhou_Guanyu,Guanyu,Zhou,1999-05-30,Chinese,alfa,https://en.wikipedia.org/wiki/Alfa_Romeo_in_Formula_One,Alfa Romeo,Swiss,,,17.0,17.0,1:16.232,kph,203.489,2023,20,São Paulo Grand Prix,2023-11-05,interlagos,audi,0
837,20,18,R,0,12,0,Retired,kevin_magnussen,20,MAG,http://en.wikipedia.org/wiki/Kevin_Magnussen,Kevin,Magnussen,1992-10-05,Danish,haas,https://en.wikipedia.org/wiki/Haas_F1_Team,Haas F1 Team,American,,,,,,,,2023,20,São Paulo Grand Prix,2023-11-05,interlagos,haas,0
838,23,19,R,0,13,0,Retired,albon,23,ALB,http://en.wikipedia.org/wiki/Alexander_Albon,Alexander,Albon,1996-03-23,Thai,williams,https://en.wikipedia.org/wiki/Williams_Racing,Williams,British,,,,,,,,2023,20,São Paulo Grand Prix,2023-11-05,interlagos,williams,0
839,16,20,W,0,2,0,Did not start,leclerc,16,LEC,http://en.wikipedia.org/wiki/Charles_Leclerc,Charles,Leclerc,1997-10-16,Monegasque,ferrari,https://en.wikipedia.org/wiki/Scuderia_Ferrari,Ferrari,Italian,,,,,,,,2023,20,São Paulo Grand Prix,2023-11-05,interlagos,ferrari,0
840,1,1,1,25,2,50,Finished,max_verstappen,3,VER,http://en.wikipedia.org/wiki/Max_Verstappen,Max,Verstappen,1997-09-30,Dutch,red_bull,https://en.wikipedia.org/wiki/Red_Bull_Racing,Red Bull,Austrian,5348289.0,1:29:08.289,2.0,44.0,1:35.614,kph,233.476,2023,21,Las Vegas Grand Prix,2023-11-19,vegas,red_bull,1
841,16,2,2,18,1,50,Finished,leclerc,16,LEC,http://en.wikipedia.org/wiki/Charles_Leclerc,Charles,Leclerc,1997-10-16,Monegasque,ferrari,https://en.wikipedia.org/wiki/Scuderia_Ferrari,Ferrari,Italian,5350359.0,+2.070,3.0,50.0,1:35.669,kph,233.342,2023,21,Las Vegas Grand Prix,2023-11-19,vegas,ferrari,1
842,11,3,3,15,11,50,Finished,perez,11,PER,http://en.wikipedia.org/wiki/Sergio_P%C3%A9rez,Sergio,Pérez,1990-01-26,Mexican,red_bull,https://en.wikipedia.org/wiki/Red_Bull_Racing,Red Bull,Austrian,5350530.0,+2.241,5.0,40.0,1:35.939,kph,232.685,2023,21,Las Vegas Grand Prix,2023-11-19,vegas,red_bull,1
843,31,4,4,12,16,50,Finished,ocon,31,OCO,http://en.wikipedia.org/wiki/Esteban_Ocon,Esteban,Ocon,1996-09-17,French,alpine,https://en.wikipedia.org/wiki/Alpine_F1_Team,Alpine F1 Team,French,5366954.0,+18.665,10.0,47.0,1:36.637,kph,231.004,2023,21,Las Vegas Grand Prix,2023-11-19,vegas,alpine,1
844,18,5,5,10,19,50,Finished,stroll,18,STR,http://en.wikipedia.org/wiki/Lance_Stroll,Lance,Stroll,1998-10-29,Canadian,aston_martin,https://en.wikipedia.org/wiki/Aston_Martin_in_Formula_One,Aston Martin,British,5368356.0,+20.067,9.0,45.0,1:36.584,kph,231.131,2023,21,Las Vegas Grand Prix,2023-11-19,vegas,aston_martin,1
845,55,6,6,8,12,50,Finished,sainz,55,SAI,http://en.wikipedia.org/wiki/Carlos_Sainz_Jr.,Carlos,Sainz,1994-09-01,Spanish,ferrari,https://en.wikipedia.org/wiki/Scuderia_Ferrari,Ferrari,Italian,5369123.0,+20.834,6.0,47.0,1:35.984,kph,232.576,2023,21,Las Vegas Grand Prix,2023-11-19,vegas,ferrari,1
846,44,7,7,6,10,50,Finished,hamilton,44,HAM,http://en.wikipedia.org/wiki/Lewis_Hamilton,Lewis,Hamilton,1985-01-07,British,mercedes,https://en.wikipedia.org/wiki/Mercedes-Benz_in_Formula_One,Mercedes,German,5370044.0,+21.755,4.0,48.0,1:35.716,kph,233.227,2023,21,Las Vegas Grand Prix,2023-11-19,vegas,mercedes,1
847,63,8,8,4,3,50,Finished,russell,63,RUS,http://en.wikipedia.org/wiki/George_Russell_(racing_driver),George,Russell,1998-02-15,British,mercedes,https://en.wikipedia.org/wiki/Mercedes-Benz_in_Formula_One,Mercedes,German,5371380.0,+23.091,7.0,44.0,1:36.071,kph,232.365,2023,21,Las Vegas Grand Prix,2023-11-19,vegas,mercedes,1
848,14,9,9,2,9,50,Finished,alonso,14,ALO,http://en.wikipedia.org/wiki/Fernando_Alonso,Fernando,Alonso,1981-07-29,Spanish,aston_martin,https://en.wikipedia.org/wiki/Aston_Martin_in_Formula_One,Aston Martin,British,5374253.0,+25.964,8.0,42.0,1:36.559,kph,231.191,2023,21,Las Vegas Grand Prix,2023-11-19,vegas,aston_martin,1
849,81,10,10,2,18,50,Finished,piastri,81,PIA,http://en.wikipedia.org/wiki/Oscar_Piastri,Oscar,Piastri,2001-04-06,Australian,mclaren,https://en.wikipedia.org/wiki/McLaren,McLaren,British,5377785.0,+29.496,1.0,47.0,1:35.490,kph,233.779,2023,21,Las Vegas Grand Prix,2023-11-19,vegas,mclaren,1
850,10,11,11,0,4,50,Finished,gasly,10,GAS,http://en.wikipedia.org/wiki/Pierre_Gasly,Pierre,Gasly,1996-02-07,French,alpine,https://en.wikipedia.org/wiki/Alpine_F1_Team,Alpine F1 Team,French,5382559.0,+34.270,11.0,37.0,1:36.913,kph,230.346,2023,21,Las Vegas Grand Prix,2023-11-19,vegas,alpine,1
851,23,12,12,0,5,50,Finished,albon,23,ALB,http://en.wikipedia.org/wiki/Alexander_Albon,Alexander,Albon,1996-03-23,Thai,williams,https://en.wikipedia.org/wiki/Williams_Racing,Williams,British,5391687.0,+43.398,13.0,50.0,1:37.357,kph,229.296,2023,21,Las Vegas Grand Prix,2023-11-19,vegas,williams,1
852,20,13,13,0,8,50,Finished,kevin_magnussen,20,MAG,http://en.wikipedia.org/wiki/Kevin_Magnussen,Kevin,Magnussen,1992-10-05,Danish,haas,https://en.wikipedia.org/wiki/Haas_F1_Team,Haas F1 Team,American,5393114.0,+44.825,15.0,50.0,1:37.455,kph,229.065,2023,21,Las Vegas Grand Prix,2023-11-19,vegas,haas,1
853,3,14,14,0,14,50,Finished,ricciardo,3,RIC,http://en.wikipedia.org/wiki/Daniel_Ricciardo,Daniel,Ricciardo,1989-07-01,Australian,alphatauri,https://en.wikipedia.org/wiki/Scuderia_AlphaTauri,AlphaTauri,Italian,5396814.0,+48.525,12.0,50.0,1:37.108,kph,229.884,2023,21,Las Vegas Grand Prix,2023-11-19,vegas,rb,1
854,24,15,15,0,17,50,Finished,zhou,24,ZHO,http://en.wikipedia.org/wiki/Zhou_Guanyu,Guanyu,Zhou,1999-05-30,Chinese,alfa,https://en.wikipedia.org/wiki/Alfa_Romeo_in_Formula_One,Alfa Romeo,Swiss,5398451.0,+50.162,14.0,32.0,1:37.375,kph,229.253,2023,21,Las Vegas Grand Prix,2023-11-19,vegas,audi,1
855,2,16,16,0,6,50,Finished,sargeant,2,SAR,http://en.wikipedia.org/wiki/Logan_Sargeant,Logan,Sargeant,2000-12-31,American,williams,https://en.wikipedia.org/wiki/Williams_Racing,Williams,British,5399171.0,+50.882,19.0,32.0,1:37.740,kph,228.397,2023,21,Las Vegas Grand Prix,2023-11-19,vegas,williams,1
856,77,17,17,0,7,50,Finished,bottas,77,BOT,http://en.wikipedia.org/wiki/Valtteri_Bottas,Valtteri,Bottas,1989-08-28,Finnish,alfa,https://en.wikipedia.org/wiki/Alfa_Romeo_in_Formula_One,Alfa Romeo,Swiss,5433639.0,+1:25.350,16.0,49.0,1:37.562,kph,228.814,2023,21,Las Vegas Grand Prix,2023-11-19,vegas,audi,1
857,22,18,18,0,20,46,Retired,tsunoda,22,TSU,http://en.wikipedia.org/wiki/Yuki_Tsunoda,Yuki,Tsunoda,2000-05-11,Japanese,alphatauri,https://en.wikipedia.org/wiki/Scuderia_AlphaTauri,AlphaTauri,Italian,5018931.0,,18.0,45.0,1:37.587,kph,228.755,2023,21,Las Vegas Grand Prix,2023-11-19,vegas,rb,0
858,27,19,19,0,13,45,Retired,hulkenberg,27,HUL,http://en.wikipedia.org/wiki/Nico_H%C3%BClkenberg,Nico,Hülkenberg,1987-08-19,German,haas,https://en.wikipedia.org/wiki/Haas_F1_Team,Haas F1 Team,American,4903790.0,,17.0,43.0,1:37.565,kph,228.807,2023,21,Las Vegas Grand Prix,2023-11-19,vegas,haas,0
859,4,20,R,0,15,2,Retired,norris,1,NOR,http://en.wikipedia.org/wiki/Lando_Norris,Lando,Norris,1999-11-13,British,mclaren,https://en.wikipedia.org/wiki/McLaren,McLaren,British,,,20.0,2.0,1:59.327,kph,187.079,2023,21,Las Vegas Grand Prix,2023-11-19,vegas,mclaren,0
860,1,1,1,26,1,58,Finished,max_verstappen,3,VER,http://en.wikipedia.org/wiki/Max_Verstappen,Max,Verstappen,1997-09-30,Dutch,red_bull,https://en.wikipedia.org/wiki/Red_Bull_Racing,Red Bull,Austrian,5222624.0,1:27:02.624,1.0,45.0,1:26.993,kph,218.541,2023,22,Abu Dhabi Grand Prix,2023-11-26,yas_marina,red_bull,1
861,16,2,2,18,2,58,Finished,leclerc,16,LEC,http://en.wikipedia.org/wiki/Charles_Leclerc,Charles,Leclerc,1997-10-16,Monegasque,ferrari,https://en.wikipedia.org/wiki/Scuderia_Ferrari,Ferrari,Italian,5240617.0,+17.993,8.0,44.0,1:28.199,kph,215.553,2023,22,Abu Dhabi Grand Prix,2023-11-26,yas_marina,ferrari,1
862,63,3,3,15,4,58,Finished,russell,63,RUS,http://en.wikipedia.org/wiki/George_Russell_(racing_driver),George,Russell,1998-02-15,British,mercedes,https://en.wikipedia.org/wiki/Mercedes-Benz_in_Formula_One,Mercedes,German,5242952.0,+20.328,7.0,45.0,1:28.187,kph,215.582,2023,22,Abu Dhabi Grand Prix,2023-11-26,yas_marina,mercedes,1
863,11,4,4,12,9,58,Finished,perez,11,PER,http://en.wikipedia.org/wiki/Sergio_P%C3%A9rez,Sergio,Pérez,1990-01-26,Mexican,red_bull,https://en.wikipedia.org/wiki/Red_Bull_Racing,Red Bull,Austrian,5244077.0,+21.453,2.0,44.0,1:27.493,kph,217.292,2023,22,Abu Dhabi Grand Prix,2023-11-26,yas_marina,red_bull,1
864,4,5,5,10,5,58,Finished,norris,1,NOR,http://en.wikipedia.org/wiki/Lando_Norris,Lando,Norris,1999-11-13,British,mclaren,https://en.wikipedia.org/wiki/McLaren,McLaren,British,5246908.0,+24.284,6.0,45.0,1:28.164,kph,215.639,2023,22,Abu Dhabi Grand Prix,2023-11-26,yas_marina,mclaren,1
865,81,6,6,8,3,58,Finished,piastri,81,PIA,http://en.wikipedia.org/wiki/Oscar_Piastri,Oscar,Piastri,2001-04-06,Australian,mclaren,https://en.wikipedia.org/wiki/McLaren,McLaren,British,5254111.0,+31.487,5.0,38.0,1:28.138,kph,215.702,2023,22,Abu Dhabi Grand Prix,2023-11-26,yas_marina,mclaren,1
866,14,7,7,6,7,58,Finished,alonso,14,ALO,http://en.wikipedia.org/wiki/Fernando_Alonso,Fernando,Alonso,1981-07-29,Spanish,aston_martin,https://en.wikipedia.org/wiki/Aston_Martin_in_Formula_One,Aston Martin,British,5262136.0,+39.512,9.0,42.0,1:28.256,kph,215.414,2023,22,Abu Dhabi Grand Prix,2023-11-26,yas_marina,aston_martin,1
867,22,8,8,4,6,58,Finished,tsunoda,22,TSU,http://en.wikipedia.org/wiki/Yuki_Tsunoda,Yuki,Tsunoda,2000-05-11,Japanese,alphatauri,https://en.wikipedia.org/wiki/Scuderia_AlphaTauri,AlphaTauri,Italian,5265712.0,+43.088,16.0,55.0,1:29.256,kph,213.0,2023,22,Abu Dhabi Grand Prix,2023-11-26,yas_marina,rb,1
868,44,9,9,2,11,58,Finished,hamilton,44,HAM,http://en.wikipedia.org/wiki/Lewis_Hamilton,Lewis,Hamilton,1985-01-07,British,mercedes,https://en.wikipedia.org/wiki/Mercedes-Benz_in_Formula_One,Mercedes,German,5267048.0,+44.424,10.0,52.0,1:28.372,kph,215.131,2023,22,Abu Dhabi Grand Prix,2023-11-26,yas_marina,mercedes,1
869,18,10,10,1,13,58,Finished,stroll,18,STR,http://en.wikipedia.org/wiki/Lance_Stroll,Lance,Stroll,1998-10-29,Canadian,aston_martin,https://en.wikipedia.org/wiki/Aston_Martin_in_Formula_One,Aston Martin,British,5278256.0,+55.632,4.0,44.0,1:28.050,kph,215.918,2023,22,Abu Dhabi Grand Prix,2023-11-26,yas_marina,aston_martin,1
870,3,11,11,0,15,58,Finished,ricciardo,3,RIC,http://en.wikipedia.org/wiki/Daniel_Ricciardo,Daniel,Ricciardo,1989-07-01,Australian,alphatauri,https://en.wikipedia.org/wiki/Scuderia_AlphaTauri,AlphaTauri,Italian,5278853.0,+56.229,11.0,47.0,1:28.571,kph,214.648,2023,22,Abu Dhabi Grand Prix,2023-11-26,yas_marina,rb,1
871,31,12,12,0,12,58,Finished,ocon,31,OCO,http://en.wikipedia.org/wiki/Esteban_Ocon,Esteban,Ocon,1996-09-17,French,alpine,https://en.wikipedia.org/wiki/Alpine_F1_Team,Alpine F1 Team,French,5288997.0,+1:06.373,20.0,34.0,1:30.033,kph,211.162,2023,22,Abu Dhabi Grand Prix,2023-11-26,yas_marina,alpine,1
872,10,13,13,0,10,58,Finished,gasly,10,GAS,http://en.wikipedia.org/wiki/Pierre_Gasly,Pierre,Gasly,1996-02-07,French,alpine,https://en.wikipedia.org/wiki/Alpine_F1_Team,Alpine F1 Team,French,5292984.0,+1:10.360,14.0,35.0,1:29.016,kph,213.575,2023,22,Abu Dhabi Grand Prix,2023-11-26,yas_marina,alpine,1
873,23,14,14,0,14,58,Finished,albon,23,ALB,http://en.wikipedia.org/wiki/Alexander_Albon,Alexander,Albon,1996-03-23,Thai,williams,https://en.wikipedia.org/wiki/Williams_Racing,Williams,British,5295808.0,+1:13.184,3.0,45.0,1:27.845,kph,216.422,2023,22,Abu Dhabi Grand Prix,2023-11-26,yas_marina,williams,1
874,27,15,15,0,8,58,Finished,hulkenberg,27,HUL,http://en.wikipedia.org/wiki/Nico_H%C3%BClkenberg,Nico,Hülkenberg,1987-08-19,German,haas,https://en.wikipedia.org/wiki/Haas_F1_Team,Haas F1 Team,American,5306320.0,+1:23.696,15.0,58.0,1:29.217,kph,213.093,2023,22,Abu Dhabi Grand Prix,2023-11-26,yas_marina,haas,1
875,2,16,16,0,20,58,Finished,sargeant,2,SAR,http://en.wikipedia.org/wiki/Logan_Sargeant,Logan,Sargeant,2000-12-31,American,williams,https://en.wikipedia.org/wiki/Williams_Racing,Williams,British,5310415.0,+1:27.791,12.0,43.0,1:28.580,kph,214.626,2023,22,Abu Dhabi Grand Prix,2023-11-26,yas_marina,williams,1
876,24,17,17,0,19,58,Finished,zhou,24,ZHO,http://en.wikipedia.org/wiki/Zhou_Guanyu,Guanyu,Zhou,1999-05-30,Chinese,alfa,https://en.wikipedia.org/wiki/Alfa_Romeo_in_Formula_One,Alfa Romeo,Swiss,5312046.0,+1:29.422,13.0,43.0,1:28.746,kph,214.224,2023,22,Abu Dhabi Grand Prix,2023-11-26,yas_marina,audi,1
877,55,18,18,0,16,57,Retired,sainz,55,SAI,http://en.wikipedia.org/wiki/Carlos_Sainz_Jr.,Carlos,Sainz,1994-09-01,Spanish,ferrari,https://en.wikipedia.org/wiki/Scuderia_Ferrari,Ferrari,Italian,5210923.0,,17.0,42.0,1:29.452,kph,212.534,2023,22,Abu Dhabi Grand Prix,2023-11-26,yas_marina,ferrari,0
878,77,19,19,0,18,57,Lapped,bottas,77,BOT,http://en.wikipedia.org/wiki/Valtteri_Bottas,Valtteri,Bottas,1989-08-28,Finnish,alfa,https://en.wikipedia.org/wiki/Alfa_Romeo_in_Formula_One,Alfa Romeo,Swiss,5235035.0,+12.411,18.0,42.0,1:29.863,kph,211.562,2023,22,Abu Dhabi Grand Prix,2023-11-26,yas_marina,audi,1
879,20,20,20,0,17,57,Lapped,kevin_magnussen,20,MAG,http://en.wikipedia.org/wiki/Kevin_Magnussen,Kevin,Magnussen,1992-10-05,Danish,haas,https://en.wikipedia.org/wiki/Haas_F1_Team,Haas F1 Team,American,5237500.0,+14.876,19.0,46.0,1:29.934,kph,211.395,2023,22,Abu Dhabi Grand Prix,2023-11-26,yas_marina,haas,1
880,1,1,1,26,1,57,Finished,max_verstappen,3,VER,http://en.wikipedia.org/wiki/Max_Verstappen,Max,Verstappen,1997-09-30,Dutch,red_bull,https://en.wikipedia.org/wiki/Red_Bull_Racing,Red Bull,Austrian,5504742.0,1:31:44.742,1.0,39.0,1:32.608,kph,210.383,2024,1,Bahrain Grand Prix,2024-03-02,bahrain,red_bull,1
881,11,2,2,18,5,57,Finished,perez,11,PER,http://en.wikipedia.org/wiki/Sergio_P%C3%A9rez,Sergio,Pérez,1990-01-26,Mexican,red_bull,https://en.wikipedia.org/wiki/Red_Bull_Racing,Red Bull,Austrian,5527199.0,+22.457,4.0,40.0,1:34.364,kph,206.468,2024,1,Bahrain Grand Prix,2024-03-02,bahrain,red_bull,1
882,55,3,3,15,4,57,Finished,sainz,55,SAI,http://en.wikipedia.org/wiki/Carlos_Sainz_Jr.,Carlos,Sainz,1994-09-01,Spanish,ferrari,https://en.wikipedia.org/wiki/Scuderia_Ferrari,Ferrari,Italian,5529852.0,+25.110,6.0,44.0,1:34.507,kph,206.156,2024,1,Bahrain Grand Prix,2024-03-02,bahrain,ferrari,1
883,16,4,4,12,2,57,Finished,leclerc,16,LEC,http://en.wikipedia.org/wiki/Charles_Leclerc,Charles,Leclerc,1997-10-16,Monegasque,ferrari,https://en.wikipedia.org/wiki/Scuderia_Ferrari,Ferrari,Italian,5544411.0,+39.669,2.0,36.0,1:34.090,kph,207.069,2024,1,Bahrain Grand Prix,2024-03-02,bahrain,ferrari,1
884,63,5,5,10,3,57,Finished,russell,63,RUS,http://en.wikipedia.org/wiki/George_Russell_(racing_driver),George,Russell,1998-02-15,British,mercedes,https://en.wikipedia.org/wiki/Mercedes-Benz_in_Formula_One,Mercedes,German,5551530.0,+46.788,12.0,40.0,1:35.065,kph,204.946,2024,1,Bahrain Grand Prix,2024-03-02,bahrain,mercedes,1
885,4,6,6,8,7,57,Finished,norris,1,NOR,http://en.wikipedia.org/wiki/Lando_Norris,Lando,Norris,1999-11-13,British,mclaren,https://en.wikipedia.org/wiki/McLaren,McLaren,British,5553200.0,+48.458,5.0,35.0,1:34.476,,,2024,1,Bahrain Grand Prix,2024-03-02,bahrain,mclaren,1
886,44,7,7,6,9,57,Finished,hamilton,44,HAM,http://en.wikipedia.org/wiki/Lewis_Hamilton,Lewis,Hamilton,1985-01-07,British,mercedes,https://en.wikipedia.org/wiki/Mercedes-Benz_in_Formula_One,Mercedes,German,5555066.0,+50.324,7.0,39.0,1:34.722,kph,205.688,2024,1,Bahrain Grand Prix,2024-03-02,bahrain,mercedes,1
887,81,8,8,4,8,57,Finished,piastri,81,PIA,http://en.wikipedia.org/wiki/Oscar_Piastri,Oscar,Piastri,2001-04-06,Australian,mclaren,https://en.wikipedia.org/wiki/McLaren,McLaren,British,5560824.0,+56.082,11.0,39.0,1:34.983,,,2024,1,Bahrain Grand Prix,2024-03-02,bahrain,mclaren,1
888,14,9,9,2,6,57,Finished,alonso,14,ALO,http://en.wikipedia.org/wiki/Fernando_Alonso,Fernando,Alonso,1981-07-29,Spanish,aston_martin,https://en.wikipedia.org/wiki/Aston_Martin_in_Formula_One,Aston Martin,British,5579629.0,+1:14.887,3.0,48.0,1:34.199,kph,206.83,2024,1,Bahrain Grand Prix,2024-03-02,bahrain,aston_martin,1
889,18,10,10,1,12,57,Finished,stroll,18,STR,http://en.wikipedia.org/wiki/Lance_Stroll,Lance,Stroll,1998-10-29,Canadian,aston_martin,https://en.wikipedia.org/wiki/Aston_Martin_in_Formula_One,Aston Martin,British,5597958.0,+1:33.216,16.0,30.0,1:35.632,kph,203.73,2024,1,Bahrain Grand Prix,2024-03-02,bahrain,aston_martin,1
890,24,11,11,0,17,56,Lapped,zhou,24,ZHO,http://en.wikipedia.org/wiki/Zhou_Guanyu,Guanyu,Zhou,1999-05-30,Chinese,sauber,https://en.wikipedia.org/wiki/Sauber_Motorsport,Sauber,Swiss,5511501.0,+6.759,14.0,30.0,1:35.458,kph,204.102,2024,1,Bahrain Grand Prix,2024-03-02,bahrain,audi,1
891,20,12,12,0,15,56,Lapped,kevin_magnussen,20,MAG,http://en.wikipedia.org/wiki/Kevin_Magnussen,Kevin,Magnussen,1992-10-05,Danish,haas,https://en.wikipedia.org/wiki/Haas_F1_Team,Haas F1 Team,American,5513058.0,+8.316,15.0,34.0,1:35.570,kph,203.863,2024,1,Bahrain Grand Prix,2024-03-02,bahrain,haas,1
892,3,13,13,0,14,56,Lapped,ricciardo,3,RIC,http://en.wikipedia.org/wiki/Daniel_Ricciardo,Daniel,Ricciardo,1989-07-01,Australian,rb,https://en.wikipedia.org/wiki/Racing_Bulls,RB F1 Team,Italian,5513700.0,+8.958,13.0,37.0,1:35.163,kph,204.735,2024,1,Bahrain Grand Prix,2024-03-02,bahrain,rb,1
893,22,14,14,0,11,56,Lapped,tsunoda,22,TSU,http://en.wikipedia.org/wiki/Yuki_Tsunoda,Yuki,Tsunoda,2000-05-11,Japanese,rb,https://en.wikipedia.org/wiki/Racing_Bulls,RB F1 Team,Italian,5514224.0,+9.482,18.0,37.0,1:35.833,kph,203.303,2024,1,Bahrain Grand Prix,2024-03-02,bahrain,rb,1
894,23,15,15,0,13,56,Lapped,albon,23,ALB,http://en.wikipedia.org/wiki/Alexander_Albon,Alexander,Albon,1996-03-23,Thai,williams,https://en.wikipedia.org/wiki/Williams_Racing,Williams,British,5516628.0,+11.886,17.0,40.0,1:35.723,kph,203.537,2024,1,Bahrain Grand Prix,2024-03-02,bahrain,williams,1
895,27,16,16,0,10,56,Lapped,hulkenberg,27,HUL,http://en.wikipedia.org/wiki/Nico_H%C3%BClkenberg,Nico,Hülkenberg,1987-08-19,German,haas,https://en.wikipedia.org/wiki/Haas_F1_Team,Haas F1 Team,American,5522374.0,+17.632,10.0,46.0,1:34.834,kph,205.445,2024,1,Bahrain Grand Prix,2024-03-02,bahrain,haas,1
896,31,17,17,0,19,56,Lapped,ocon,31,OCO,http://en.wikipedia.org/wiki/Esteban_Ocon,Esteban,Ocon,1996-09-17,French,alpine,https://en.wikipedia.org/wiki/Alpine_F1_Team,Alpine F1 Team,French,5536192.0,+31.450,20.0,34.0,1:36.226,kph,202.473,2024,1,Bahrain Grand Prix,2024-03-02,bahrain,alpine,1
897,10,18,18,0,20,56,Lapped,gasly,10,GAS,http://en.wikipedia.org/wiki/Pierre_Gasly,Pierre,Gasly,1996-02-07,French,alpine,https://en.wikipedia.org/wiki/Alpine_F1_Team,Alpine F1 Team,French,5537159.0,+32.417,9.0,45.0,1:34.805,kph,205.508,2024,1,Bahrain Grand Prix,2024-03-02,bahrain,alpine,1
898,77,19,19,0,16,56,Lapped,bottas,77,BOT,http://en.wikipedia.org/wiki/Valtteri_Bottas,Valtteri,Bottas,1989-08-28,Finnish,sauber,https://en.wikipedia.org/wiki/Sauber_Motorsport,Sauber,Swiss,5587972.0,+1:23.230,19.0,33.0,1:36.202,kph,202.523,2024,1,Bahrain Grand Prix,2024-03-02,bahrain,audi,1
899,2,20,20,0,18,55,Lapped,sargeant,2,SAR,http://en.wikipedia.org/wiki/Logan_Sargeant,Logan,Sargeant,2000-12-31,American,williams,https://en.wikipedia.org/wiki/Williams_Racing,Williams,British,5525537.0,+20.795,8.0,42.0,1:34.735,kph,205.659,2024,1,Bahrain Grand Prix,2024-03-02,bahrain,williams,1
900,1,1,1,25,1,50,Finished,max_verstappen,3,VER,http://en.wikipedia.org/wiki/Max_Verstappen,Max,Verstappen,1997-09-30,Dutch,red_bull,https://en.wikipedia.org/wiki/Red_Bull_Racing,Red Bull,Austrian,4843273.0,1:20:43.273,3.0,50.0,1:31.773,kph,242.188,2024,2,Saudi Arabian Grand Prix,2024-03-09,jeddah,red_bull,1
901,11,2,2,18,3,50,Finished,perez,11,PER,http://en.wikipedia.org/wiki/Sergio_P%C3%A9rez,Sergio,Pérez,1990-01-26,Mexican,red_bull,https://en.wikipedia.org/wiki/Red_Bull_Racing,Red Bull,Austrian,4856916.0,+13.643,8.0,37.0,1:32.273,kph,240.876,2024,2,Saudi Arabian Grand Prix,2024-03-09,jeddah,red_bull,1
902,16,3,3,16,2,50,Finished,leclerc,16,LEC,http://en.wikipedia.org/wiki/Charles_Leclerc,Charles,Leclerc,1997-10-16,Monegasque,ferrari,https://en.wikipedia.org/wiki/Scuderia_Ferrari,Ferrari,Italian,4861912.0,+18.639,1.0,50.0,1:31.632,kph,242.561,2024,2,Saudi Arabian Grand Prix,2024-03-09,jeddah,ferrari,1
903,81,4,4,12,5,50,Finished,piastri,81,PIA,http://en.wikipedia.org/wiki/Oscar_Piastri,Oscar,Piastri,2001-04-06,Australian,mclaren,https://en.wikipedia.org/wiki/McLaren,McLaren,British,4875280.0,+32.007,10.0,45.0,1:32.310,,,2024,2,Saudi Arabian Grand Prix,2024-03-09,jeddah,mclaren,1
904,14,5,5,10,4,50,Finished,alonso,14,ALO,http://en.wikipedia.org/wiki/Fernando_Alonso,Fernando,Alonso,1981-07-29,Spanish,aston_martin,https://en.wikipedia.org/wiki/Aston_Martin_in_Formula_One,Aston Martin,British,4879032.0,+35.759,13.0,43.0,1:32.387,kph,240.579,2024,2,Saudi Arabian Grand Prix,2024-03-09,jeddah,aston_martin,1
905,63,6,6,8,7,50,Finished,russell,63,RUS,http://en.wikipedia.org/wiki/George_Russell_(racing_driver),George,Russell,1998-02-15,British,mercedes,https://en.wikipedia.org/wiki/Mercedes-Benz_in_Formula_One,Mercedes,German,4883209.0,+39.936,7.0,42.0,1:32.254,kph,240.926,2024,2,Saudi Arabian Grand Prix,2024-03-09,jeddah,mercedes,1
906,38,7,7,6,11,50,Finished,bearman,87,BEA,http://en.wikipedia.org/wiki/Oliver_Bearman,Oliver,Bearman,2005-05-08,British,ferrari,https://en.wikipedia.org/wiki/Scuderia_Ferrari,Ferrari,Italian,4885952.0,+42.679,5.0,50.0,1:32.186,kph,241.103,2024,2,Saudi Arabian Grand Prix,2024-03-09,jeddah,ferrari,1
907,4,8,8,4,6,50,Finished,norris,1,NOR,http://en.wikipedia.org/wiki/Lando_Norris,Lando,Norris,1999-11-13,British,mclaren,https://en.wikipedia.org/wiki/McLaren,McLaren,British,4888981.0,+45.708,4.0,40.0,1:31.944,,,2024,2,Saudi Arabian Grand Prix,2024-03-09,jeddah,mclaren,1
908,44,9,9,2,8,50,Finished,hamilton,44,HAM,http://en.wikipedia.org/wiki/Lewis_Hamilton,Lewis,Hamilton,1985-01-07,British,mercedes,https://en.wikipedia.org/wiki/Mercedes-Benz_in_Formula_One,Mercedes,German,4890664.0,+47.391,2.0,38.0,1:31.746,kph,242.26,2024,2,Saudi Arabian Grand Prix,2024-03-09,jeddah,mercedes,1
909,27,10,10,1,15,50,Finished,hulkenberg,27,HUL,http://en.wikipedia.org/wiki/Nico_H%C3%BClkenberg,Nico,Hülkenberg,1987-08-19,German,haas,https://en.wikipedia.org/wiki/Haas_F1_Team,Haas F1 Team,American,4920269.0,+1:16.996,12.0,49.0,1:32.366,kph,240.633,2024,2,Saudi Arabian Grand Prix,2024-03-09,jeddah,haas,1
910,23,11,11,0,12,50,Finished,albon,23,ALB,http://en.wikipedia.org/wiki/Alexander_Albon,Alexander,Albon,1996-03-23,Thai,williams,https://en.wikipedia.org/wiki/Williams_Racing,Williams,British,4931627.0,+1:28.354,9.0,50.0,1:32.307,kph,240.787,2024,2,Saudi Arabian Grand Prix,2024-03-09,jeddah,williams,1
911,20,12,12,0,13,50,Finished,kevin_magnussen,20,MAG,http://en.wikipedia.org/wiki/Kevin_Magnussen,Kevin,Magnussen,1992-10-05,Danish,haas,https://en.wikipedia.org/wiki/Haas_F1_Team,Haas F1 Team,American,4949010.0,+1:45.737,11.0,47.0,1:32.338,kph,240.706,2024,2,Saudi Arabian Grand Prix,2024-03-09,jeddah,haas,1
912,31,13,13,0,17,49,Lapped,ocon,31,OCO,http://en.wikipedia.org/wiki/Esteban_Ocon,Esteban,Ocon,1996-09-17,French,alpine,https://en.wikipedia.org/wiki/Alpine_F1_Team,Alpine F1 Team,French,4847274.0,+4.001,17.0,48.0,1:33.481,kph,237.763,2024,2,Saudi Arabian Grand Prix,2024-03-09,jeddah,alpine,1
913,2,14,14,0,19,49,Lapped,sargeant,2,SAR,http://en.wikipedia.org/wiki/Logan_Sargeant,Logan,Sargeant,2000-12-31,American,williams,https://en.wikipedia.org/wiki/Williams_Racing,Williams,British,4850058.0,+6.785,15.0,49.0,1:33.026,,,2024,2,Saudi Arabian Grand Prix,2024-03-09,jeddah,williams,1
914,22,15,15,0,9,49,Lapped,tsunoda,22,TSU,http://en.wikipedia.org/wiki/Yuki_Tsunoda,Yuki,Tsunoda,2000-05-11,Japanese,rb,https://en.wikipedia.org/wiki/Racing_Bulls,RB F1 Team,Italian,4853806.0,+10.533,18.0,44.0,1:33.523,,,2024,2,Saudi Arabian Grand Prix,2024-03-09,jeddah,rb,1
915,3,16,16,0,14,49,Lapped,ricciardo,3,RIC,http://en.wikipedia.org/wiki/Daniel_Ricciardo,Daniel,Ricciardo,1989-07-01,Australian,rb,https://en.wikipedia.org/wiki/Racing_Bulls,RB F1 Team,Italian,4863988.0,+20.715,16.0,47.0,1:33.323,kph,238.166,2024,2,Saudi Arabian Grand Prix,2024-03-09,jeddah,rb,1
916,77,17,17,0,16,49,Lapped,bottas,77,BOT,http://en.wikipedia.org/wiki/Valtteri_Bottas,Valtteri,Bottas,1989-08-28,Finnish,sauber,https://en.wikipedia.org/wiki/Sauber_Motorsport,Sauber,Swiss,4866388.0,+23.115,14.0,49.0,1:32.706,kph,239.751,2024,2,Saudi Arabian Grand Prix,2024-03-09,jeddah,audi,1
917,24,18,18,0,20,49,Lapped,zhou,24,ZHO,http://en.wikipedia.org/wiki/Zhou_Guanyu,Guanyu,Zhou,1999-05-30,Chinese,sauber,https://en.wikipedia.org/wiki/Sauber_Motorsport,Sauber,Swiss,4872826.0,+29.553,6.0,49.0,1:32.208,kph,241.046,2024,2,Saudi Arabian Grand Prix,2024-03-09,jeddah,audi,1
918,18,19,R,0,10,5,Retired,stroll,18,STR,http://en.wikipedia.org/wiki/Lance_Stroll,Lance,Stroll,1998-10-29,Canadian,aston_martin,https://en.wikipedia.org/wiki/Aston_Martin_in_Formula_One,Aston Martin,British,,,19.0,5.0,1:35.560,kph,232.591,2024,2,Saudi Arabian Grand Prix,2024-03-09,jeddah,aston_martin,0
919,10,20,R,0,18,1,Retired,gasly,10,GAS,http://en.wikipedia.org/wiki/Pierre_Gasly,Pierre,Gasly,1996-02-07,French,alpine,https://en.wikipedia.org/wiki/Alpine_F1_Team,Alpine F1 Team,French,,,,,,,,2024,2,Saudi Arabian Grand Prix,2024-03-09,jeddah,alpine,0
920,55,1,1,25,2,58,Finished,sainz,55,SAI,http://en.wikipedia.org/wiki/Carlos_Sainz_Jr.,Carlos,Sainz,1994-09-01,Spanish,ferrari,https://en.wikipedia.org/wiki/Scuderia_Ferrari,Ferrari,Italian,4826843.0,1:20:26.843,3.0,48.0,1:20.031,kph,237.418,2024,3,Australian Grand Prix,2024-03-24,albert_park,ferrari,1
921,16,2,2,19,4,58,Finished,leclerc,16,LEC,http://en.wikipedia.org/wiki/Charles_Leclerc,Charles,Leclerc,1997-10-16,Monegasque,ferrari,https://en.wikipedia.org/wiki/Scuderia_Ferrari,Ferrari,Italian,4829209.0,+2.366,1.0,56.0,1:19.813,kph,238.066,2024,3,Australian Grand Prix,2024-03-24,albert_park,ferrari,1
922,4,3,3,15,3,58,Finished,norris,1,NOR,http://en.wikipedia.org/wiki/Lando_Norris,Lando,Norris,1999-11-13,British,mclaren,https://en.wikipedia.org/wiki/McLaren,McLaren,British,4832747.0,+5.904,2.0,49.0,1:19.915,,,2024,3,Australian Grand Prix,2024-03-24,albert_park,mclaren,1
923,81,4,4,12,5,58,Finished,piastri,81,PIA,http://en.wikipedia.org/wiki/Oscar_Piastri,Oscar,Piastri,2001-04-06,Australian,mclaren,https://en.wikipedia.org/wiki/McLaren,McLaren,British,4862613.0,+35.770,4.0,54.0,1:20.199,,,2024,3,Australian Grand Prix,2024-03-24,albert_park,mclaren,1
924,11,5,5,10,6,58,Finished,perez,11,PER,http://en.wikipedia.org/wiki/Sergio_P%C3%A9rez,Sergio,Pérez,1990-01-26,Mexican,red_bull,https://en.wikipedia.org/wiki/Red_Bull_Racing,Red Bull,Austrian,4883152.0,+56.309,6.0,47.0,1:20.388,kph,236.363,2024,3,Australian Grand Prix,2024-03-24,albert_park,red_bull,1
925,18,6,6,8,9,58,Finished,stroll,18,STR,http://en.wikipedia.org/wiki/Lance_Stroll,Lance,Stroll,1998-10-29,Canadian,aston_martin,https://en.wikipedia.org/wiki/Aston_Martin_in_Formula_One,Aston Martin,British,4920065.0,+1:33.222,8.0,49.0,1:20.930,kph,234.78,2024,3,Australian Grand Prix,2024-03-24,albert_park,aston_martin,1
926,22,7,7,6,8,58,Finished,tsunoda,22,TSU,http://en.wikipedia.org/wiki/Yuki_Tsunoda,Yuki,Tsunoda,2000-05-11,Japanese,rb,https://en.wikipedia.org/wiki/Racing_Bulls,RB F1 Team,Italian,4922444.0,+1:35.601,11.0,46.0,1:21.134,kph,234.19,2024,3,Australian Grand Prix,2024-03-24,albert_park,rb,1
927,14,8,8,4,10,58,Finished,alonso,14,ALO,http://en.wikipedia.org/wiki/Fernando_Alonso,Fernando,Alonso,1981-07-29,Spanish,aston_martin,https://en.wikipedia.org/wiki/Aston_Martin_in_Formula_One,Aston Martin,British,4927835.0,+1:40.992,7.0,52.0,1:20.493,kph,236.055,2024,3,Australian Grand Prix,2024-03-24,albert_park,aston_martin,1
928,27,9,9,2,16,58,Finished,hulkenberg,27,HUL,http://en.wikipedia.org/wiki/Nico_H%C3%BClkenberg,Nico,Hülkenberg,1987-08-19,German,haas,https://en.wikipedia.org/wiki/Haas_F1_Team,Haas F1 Team,American,4931396.0,+1:44.553,12.0,46.0,1:21.145,kph,234.158,2024,3,Australian Grand Prix,2024-03-24,albert_park,haas,1
929,20,10,10,1,14,57,Lapped,kevin_magnussen,20,MAG,http://en.wikipedia.org/wiki/Kevin_Magnussen,Kevin,Magnussen,1992-10-05,Danish,haas,https://en.wikipedia.org/wiki/Haas_F1_Team,Haas F1 Team,American,4830924.0,+4.081,9.0,44.0,1:21.082,kph,234.34,2024,3,Australian Grand Prix,2024-03-24,albert_park,haas,1
930,23,11,11,0,12,57,Lapped,albon,23,ALB,http://en.wikipedia.org/wiki/Alexander_Albon,Alexander,Albon,1996-03-23,Thai,williams,https://en.wikipedia.org/wiki/Williams_Racing,Williams,British,4831852.0,+5.009,17.0,46.0,1:21.618,kph,232.801,2024,3,Australian Grand Prix,2024-03-24,albert_park,williams,1
931,3,12,12,0,18,57,Lapped,ricciardo,3,RIC,http://en.wikipedia.org/wiki/Daniel_Ricciardo,Daniel,Ricciardo,1989-07-01,Australian,rb,https://en.wikipedia.org/wiki/Racing_Bulls,RB F1 Team,Italian,4838351.0,+11.508,13.0,46.0,1:21.239,kph,233.887,2024,3,Australian Grand Prix,2024-03-24,albert_park,rb,1
932,10,13,13,0,17,57,Lapped,gasly,10,GAS,http://en.wikipedia.org/wiki/Pierre_Gasly,Pierre,Gasly,1996-02-07,French,alpine,https://en.wikipedia.org/wiki/Alpine_F1_Team,Alpine F1 Team,French,4867796.0,+40.953,10.0,51.0,1:21.090,kph,234.317,2024,3,Australian Grand Prix,2024-03-24,albert_park,alpine,1
933,77,14,14,0,13,57,Lapped,bottas,77,BOT,http://en.wikipedia.org/wiki/Valtteri_Bottas,Valtteri,Bottas,1989-08-28,Finnish,sauber,https://en.wikipedia.org/wiki/Sauber_Motorsport,Sauber,Swiss,4869169.0,+42.326,16.0,48.0,1:21.422,kph,233.361,2024,3,Australian Grand Prix,2024-03-24,albert_park,audi,1
934,24,15,15,0,19,57,Lapped,zhou,24,ZHO,http://en.wikipedia.org/wiki/Zhou_Guanyu,Guanyu,Zhou,1999-05-30,Chinese,sauber,https://en.wikipedia.org/wiki/Sauber_Motorsport,Sauber,Swiss,4871136.0,+44.293,14.0,49.0,1:21.327,kph,233.634,2024,3,Australian Grand Prix,2024-03-24,albert_park,audi,1
935,31,16,16,0,15,57,Lapped,ocon,31,OCO,http://en.wikipedia.org/wiki/Esteban_Ocon,Esteban,Ocon,1996-09-17,French,alpine,https://en.wikipedia.org/wiki/Alpine_F1_Team,Alpine F1 Team,French,4880822.0,+53.979,15.0,45.0,1:21.354,kph,233.557,2024,3,Australian Grand Prix,2024-03-24,albert_park,alpine,1
936,63,17,17,0,7,56,Retired,russell,63,RUS,http://en.wikipedia.org/wiki/George_Russell_(racing_driver),George,Russell,1998-02-15,British,mercedes,https://en.wikipedia.org/wiki/Mercedes-Benz_in_Formula_One,Mercedes,German,4684734.0,,5.0,53.0,1:20.284,kph,236.669,2024,3,Australian Grand Prix,2024-03-24,albert_park,mercedes,0
937,44,18,R,0,11,15,Retired,hamilton,44,HAM,http://en.wikipedia.org/wiki/Lewis_Hamilton,Lewis,Hamilton,1985-01-07,British,mercedes,https://en.wikipedia.org/wiki/Mercedes-Benz_in_Formula_One,Mercedes,German,,,18.0,11.0,1:22.444,kph,230.469,2024,3,Australian Grand Prix,2024-03-24,albert_park,mercedes,0
938,1,19,R,0,1,3,Retired,max_verstappen,3,VER,http://en.wikipedia.org/wiki/Max_Verstappen,Max,Verstappen,1997-09-30,Dutch,red_bull,https://en.wikipedia.org/wiki/Red_Bull_Racing,Red Bull,Austrian,,,19.0,3.0,1:23.115,kph,228.608,2024,3,Australian Grand Prix,2024-03-24,albert_park,red_bull,0
939,1,1,1,26,1,53,Finished,max_verstappen,3,VER,http://en.wikipedia.org/wiki/Max_Verstappen,Max,Verstappen,1997-09-30,Dutch,red_bull,https://en.wikipedia.org/wiki/Red_Bull_Racing,Red Bull,Austrian,6863566.0,1:54:23.566,1.0,50.0,1:33.706,kph,223.093,2024,4,Japanese Grand Prix,2024-04-07,suzuka,red_bull,1
940,11,2,2,18,2,53,Finished,perez,11,PER,http://en.wikipedia.org/wiki/Sergio_P%C3%A9rez,Sergio,Pérez,1990-01-26,Mexican,red_bull,https://en.wikipedia.org/wiki/Red_Bull_Racing,Red Bull,Austrian,6876101.0,+12.535,3.0,35.0,1:33.945,kph,222.525,2024,4,Japanese Grand Prix,2024-04-07,suzuka,red_bull,1
941,55,3,3,15,4,53,Finished,sainz,55,SAI,http://en.wikipedia.org/wiki/Carlos_Sainz_Jr.,Carlos,Sainz,1994-09-01,Spanish,ferrari,https://en.wikipedia.org/wiki/Scuderia_Ferrari,Ferrari,Italian,6884432.0,+20.866,2.0,46.0,1:33.841,kph,222.772,2024,4,Japanese Grand Prix,2024-04-07,suzuka,ferrari,1
942,16,4,4,12,8,53,Finished,leclerc,16,LEC,http://en.wikipedia.org/wiki/Charles_Leclerc,Charles,Leclerc,1997-10-16,Monegasque,ferrari,https://en.wikipedia.org/wiki/Scuderia_Ferrari,Ferrari,Italian,6890088.0,+26.522,9.0,53.0,1:35.044,kph,219.952,2024,4,Japanese Grand Prix,2024-04-07,suzuka,ferrari,1
943,4,5,5,10,3,53,Finished,norris,1,NOR,http://en.wikipedia.org/wiki/Lando_Norris,Lando,Norris,1999-11-13,British,mclaren,https://en.wikipedia.org/wiki/McLaren,McLaren,British,6893266.0,+29.700,10.0,51.0,1:35.186,,,2024,4,Japanese Grand Prix,2024-04-07,suzuka,mclaren,1
944,14,6,6,8,5,53,Finished,alonso,14,ALO,http://en.wikipedia.org/wiki/Fernando_Alonso,Fernando,Alonso,1981-07-29,Spanish,aston_martin,https://en.wikipedia.org/wiki/Aston_Martin_in_Formula_One,Aston Martin,British,6907838.0,+44.272,6.0,53.0,1:34.726,kph,220.691,2024,4,Japanese Grand Prix,2024-04-07,suzuka,aston_martin,1
945,63,7,7,6,9,53,Finished,russell,63,RUS,http://en.wikipedia.org/wiki/George_Russell_(racing_driver),George,Russell,1998-02-15,British,mercedes,https://en.wikipedia.org/wiki/Mercedes-Benz_in_Formula_One,Mercedes,German,6909517.0,+45.951,5.0,39.0,1:34.404,kph,221.444,2024,4,Japanese Grand Prix,2024-04-07,suzuka,mercedes,1
946,81,8,8,4,6,53,Finished,piastri,81,PIA,http://en.wikipedia.org/wiki/Oscar_Piastri,Oscar,Piastri,2001-04-06,Australian,mclaren,https://en.wikipedia.org/wiki/McLaren,McLaren,British,6911091.0,+47.525,7.0,35.0,1:34.802,,,2024,4,Japanese Grand Prix,2024-04-07,suzuka,mclaren,1
947,44,9,9,2,7,53,Finished,hamilton,44,HAM,http://en.wikipedia.org/wiki/Lewis_Hamilton,Lewis,Hamilton,1985-01-07,British,mercedes,https://en.wikipedia.org/wiki/Mercedes-Benz_in_Formula_One,Mercedes,German,6912192.0,+48.626,4.0,41.0,1:33.952,kph,222.509,2024,4,Japanese Grand Prix,2024-04-07,suzuka,mercedes,1
948,22,10,10,1,10,52,Lapped,tsunoda,22,TSU,http://en.wikipedia.org/wiki/Yuki_Tsunoda,Yuki,Tsunoda,2000-05-11,Japanese,rb,https://en.wikipedia.org/wiki/Racing_Bulls,RB F1 Team,Italian,6865168.0,+1.602,14.0,51.0,1:36.342,kph,216.989,2024,4,Japanese Grand Prix,2024-04-07,suzuka,rb,1
949,27,11,11,0,12,52,Lapped,hulkenberg,27,HUL,http://en.wikipedia.org/wiki/Nico_H%C3%BClkenberg,Nico,Hülkenberg,1987-08-19,German,haas,https://en.wikipedia.org/wiki/Haas_F1_Team,Haas F1 Team,American,6870734.0,+7.168,11.0,52.0,1:35.325,kph,219.304,2024,4,Japanese Grand Prix,2024-04-07,suzuka,haas,1
950,18,12,12,0,16,52,Lapped,stroll,18,STR,http://en.wikipedia.org/wiki/Lance_Stroll,Lance,Stroll,1998-10-29,Canadian,aston_martin,https://en.wikipedia.org/wiki/Aston_Martin_in_Formula_One,Aston Martin,British,6874799.0,+11.233,12.0,41.0,1:35.798,kph,218.221,2024,4,Japanese Grand Prix,2024-04-07,suzuka,aston_martin,1
951,20,13,13,0,18,52,Lapped,kevin_magnussen,20,MAG,http://en.wikipedia.org/wiki/Kevin_Magnussen,Kevin,Magnussen,1992-10-05,Danish,haas,https://en.wikipedia.org/wiki/Haas_F1_Team,Haas F1 Team,American,6881485.0,+17.919,17.0,24.0,1:36.654,kph,216.289,2024,4,Japanese Grand Prix,2024-04-07,suzuka,haas,1
952,77,14,14,0,13,52,Lapped,bottas,77,BOT,http://en.wikipedia.org/wiki/Valtteri_Bottas,Valtteri,Bottas,1989-08-28,Finnish,sauber,https://en.wikipedia.org/wiki/Sauber_Motorsport,Sauber,Swiss,6882459.0,+18.893,15.0,25.0,1:36.608,kph,216.392,2024,4,Japanese Grand Prix,2024-04-07,suzuka,audi,1
953,31,15,15,0,15,52,Lapped,ocon,31,OCO,http://en.wikipedia.org/wiki/Esteban_Ocon,Esteban,Ocon,1996-09-17,French,alpine,https://en.wikipedia.org/wiki/Alpine_F1_Team,Alpine F1 Team,French,6904718.0,+41.152,13.0,52.0,1:36.232,kph,217.237,2024,4,Japanese Grand Prix,2024-04-07,suzuka,alpine,1
954,10,16,16,0,17,52,Lapped,gasly,10,GAS,http://en.wikipedia.org/wiki/Pierre_Gasly,Pierre,Gasly,1996-02-07,French,alpine,https://en.wikipedia.org/wiki/Alpine_F1_Team,Alpine F1 Team,French,6918632.0,+55.066,16.0,48.0,1:36.642,kph,216.315,2024,4,Japanese Grand Prix,2024-04-07,suzuka,alpine,1
955,2,17,17,0,19,52,Lapped,sargeant,2,SAR,http://en.wikipedia.org/wiki/Logan_Sargeant,Logan,Sargeant,2000-12-31,American,williams,https://en.wikipedia.org/wiki/Williams_Racing,Williams,British,6936331.0,+1:12.765,8.0,43.0,1:34.900,kph,220.286,2024,4,Japanese Grand Prix,2024-04-07,suzuka,williams,1
956,24,18,R,0,20,12,Retired,zhou,24,ZHO,http://en.wikipedia.org/wiki/Zhou_Guanyu,Guanyu,Zhou,1999-05-30,Chinese,sauber,https://en.wikipedia.org/wiki/Sauber_Motorsport,Sauber,Swiss,,,18.0,9.0,1:37.160,kph,215.162,2024,4,Japanese Grand Prix,2024-04-07,suzuka,audi,0
957,3,19,R,0,11,0,Retired,ricciardo,3,RIC,http://en.wikipedia.org/wiki/Daniel_Ricciardo,Daniel,Ricciardo,1989-07-01,Australian,rb,https://en.wikipedia.org/wiki/Racing_Bulls,RB F1 Team,Italian,,,,,,,,2024,4,Japanese Grand Prix,2024-04-07,suzuka,rb,0
958,23,20,R,0,14,0,Retired,albon,23,ALB,http://en.wikipedia.org/wiki/Alexander_Albon,Alexander,Albon,1996-03-23,Thai,williams,https://en.wikipedia.org/wiki/Williams_Racing,Williams,British,,,,,,,,2024,4,Japanese Grand Prix,2024-04-07,suzuka,williams,0
959,1,1,1,25,1,56,Finished,max_verstappen,3,VER,http://en.wikipedia.org/wiki/Max_Verstappen,Max,Verstappen,1997-09-30,Dutch,red_bull,https://en.wikipedia.org/wiki/Red_Bull_Racing,Red Bull,Austrian,6052554.0,1:40:52.554,2.0,33.0,1:38.406,kph,199.414,2024,5,Chinese Grand Prix,2024-04-21,shanghai,red_bull,1
960,4,2,2,18,4,56,Finished,norris,1,NOR,http://en.wikipedia.org/wiki/Lando_Norris,Lando,Norris,1999-11-13,British,mclaren,https://en.wikipedia.org/wiki/McLaren,McLaren,British,6066327.0,+13.773,4.0,33.0,1:38.751,,,2024,5,Chinese Grand Prix,2024-04-21,shanghai,mclaren,1
961,11,3,3,15,2,56,Finished,perez,11,PER,http://en.wikipedia.org/wiki/Sergio_P%C3%A9rez,Sergio,Pérez,1990-01-26,Mexican,red_bull,https://en.wikipedia.org/wiki/Red_Bull_Racing,Red Bull,Austrian,6071714.0,+19.160,7.0,33.0,1:39.388,kph,197.444,2024,5,Chinese Grand Prix,2024-04-21,shanghai,red_bull,1
962,16,4,4,12,6,56,Finished,leclerc,16,LEC,http://en.wikipedia.org/wiki/Charles_Leclerc,Charles,Leclerc,1997-10-16,Monegasque,ferrari,https://en.wikipedia.org/wiki/Scuderia_Ferrari,Ferrari,Italian,6076177.0,+23.623,6.0,33.0,1:39.384,kph,197.452,2024,5,Chinese Grand Prix,2024-04-21,shanghai,ferrari,1
963,55,5,5,10,7,56,Finished,sainz,55,SAI,http://en.wikipedia.org/wiki/Carlos_Sainz_Jr.,Carlos,Sainz,1994-09-01,Spanish,ferrari,https://en.wikipedia.org/wiki/Scuderia_Ferrari,Ferrari,Italian,6086537.0,+33.983,10.0,19.0,1:39.764,kph,196.7,2024,5,Chinese Grand Prix,2024-04-21,shanghai,ferrari,1
964,63,6,6,8,8,56,Finished,russell,63,RUS,http://en.wikipedia.org/wiki/George_Russell_(racing_driver),George,Russell,1998-02-15,British,mercedes,https://en.wikipedia.org/wiki/Mercedes-Benz_in_Formula_One,Mercedes,German,6091278.0,+38.724,11.0,39.0,1:40.112,kph,196.016,2024,5,Chinese Grand Prix,2024-04-21,shanghai,mercedes,1
965,14,7,7,7,3,56,Finished,alonso,14,ALO,http://en.wikipedia.org/wiki/Fernando_Alonso,Fernando,Alonso,1981-07-29,Spanish,aston_martin,https://en.wikipedia.org/wiki/Aston_Martin_in_Formula_One,Aston Martin,British,6095968.0,+43.414,1.0,45.0,1:37.810,kph,200.629,2024,5,Chinese Grand Prix,2024-04-21,shanghai,aston_martin,1
966,81,8,8,4,5,56,Finished,piastri,81,PIA,http://en.wikipedia.org/wiki/Oscar_Piastri,Oscar,Piastri,2001-04-06,Australian,mclaren,https://en.wikipedia.org/wiki/McLaren,McLaren,British,6108752.0,+56.198,9.0,18.0,1:39.739,,,2024,5,Chinese Grand Prix,2024-04-21,shanghai,mclaren,1
967,44,9,9,2,18,56,Finished,hamilton,44,HAM,http://en.wikipedia.org/wiki/Lewis_Hamilton,Lewis,Hamilton,1985-01-07,British,mercedes,https://en.wikipedia.org/wiki/Mercedes-Benz_in_Formula_One,Mercedes,German,6110540.0,+57.986,14.0,34.0,1:40.835,kph,194.61,2024,5,Chinese Grand Prix,2024-04-21,shanghai,mercedes,1
968,27,10,10,1,9,56,Finished,hulkenberg,27,HUL,http://en.wikipedia.org/wiki/Nico_H%C3%BClkenberg,Nico,Hülkenberg,1987-08-19,German,haas,https://en.wikipedia.org/wiki/Haas_F1_Team,Haas F1 Team,American,6113030.0,+1:00.476,13.0,32.0,1:40.815,kph,194.649,2024,5,Chinese Grand Prix,2024-04-21,shanghai,haas,1
969,31,11,11,0,13,56,Finished,ocon,31,OCO,http://en.wikipedia.org/wiki/Esteban_Ocon,Esteban,Ocon,1996-09-17,French,alpine,https://en.wikipedia.org/wiki/Alpine_F1_Team,Alpine F1 Team,French,6115366.0,+1:02.812,15.0,33.0,1:40.937,kph,194.414,2024,5,Chinese Grand Prix,2024-04-21,shanghai,alpine,1
970,23,12,12,0,14,56,Finished,albon,23,ALB,http://en.wikipedia.org/wiki/Alexander_Albon,Alexander,Albon,1996-03-23,Thai,williams,https://en.wikipedia.org/wiki/Williams_Racing,Williams,British,6118060.0,+1:05.506,12.0,34.0,1:40.790,kph,194.697,2024,5,Chinese Grand Prix,2024-04-21,shanghai,williams,1
971,10,13,13,0,15,56,Finished,gasly,10,GAS,http://en.wikipedia.org/wiki/Pierre_Gasly,Pierre,Gasly,1996-02-07,French,alpine,https://en.wikipedia.org/wiki/Alpine_F1_Team,Alpine F1 Team,French,6121777.0,+1:09.223,5.0,40.0,1:39.198,kph,197.822,2024,5,Chinese Grand Prix,2024-04-21,shanghai,alpine,1
972,24,14,14,0,16,56,Finished,zhou,24,ZHO,http://en.wikipedia.org/wiki/Zhou_Guanyu,Guanyu,Zhou,1999-05-30,Chinese,sauber,https://en.wikipedia.org/wiki/Sauber_Motorsport,Sauber,Swiss,6124243.0,+1:11.689,3.0,42.0,1:38.633,kph,198.955,2024,5,Chinese Grand Prix,2024-04-21,shanghai,audi,1
973,18,15,15,0,11,56,Finished,stroll,18,STR,http://en.wikipedia.org/wiki/Lance_Stroll,Lance,Stroll,1998-10-29,Canadian,aston_martin,https://en.wikipedia.org/wiki/Aston_Martin_in_Formula_One,Aston Martin,British,6135340.0,+1:22.786,8.0,37.0,1:39.444,kph,197.333,2024,5,Chinese Grand Prix,2024-04-21,shanghai,aston_martin,1
974,20,16,16,0,17,56,Finished,kevin_magnussen,20,MAG,http://en.wikipedia.org/wiki/Kevin_Magnussen,Kevin,Magnussen,1992-10-05,Danish,haas,https://en.wikipedia.org/wiki/Haas_F1_Team,Haas F1 Team,American,6140087.0,+1:27.533,18.0,45.0,1:41.077,kph,194.145,2024,5,Chinese Grand Prix,2024-04-21,shanghai,haas,1
975,2,17,17,0,20,56,Finished,sargeant,2,SAR,http://en.wikipedia.org/wiki/Logan_Sargeant,Logan,Sargeant,2000-12-31,American,williams,https://en.wikipedia.org/wiki/Williams_Racing,Williams,British,6147664.0,+1:35.110,17.0,14.0,1:41.000,kph,194.293,2024,5,Chinese Grand Prix,2024-04-21,shanghai,williams,1
976,3,18,R,0,12,33,Retired,ricciardo,3,RIC,http://en.wikipedia.org/wiki/Daniel_Ricciardo,Daniel,Ricciardo,1989-07-01,Australian,rb,https://en.wikipedia.org/wiki/Racing_Bulls,RB F1 Team,Italian,,,16.0,16.0,1:40.994,kph,194.304,2024,5,Chinese Grand Prix,2024-04-21,shanghai,rb,0
977,22,19,R,0,19,26,Retired,tsunoda,22,TSU,http://en.wikipedia.org/wiki/Yuki_Tsunoda,Yuki,Tsunoda,2000-05-11,Japanese,rb,https://en.wikipedia.org/wiki/Racing_Bulls,RB F1 Team,Italian,,,20.0,11.0,1:41.593,kph,193.158,2024,5,Chinese Grand Prix,2024-04-21,shanghai,rb,0
978,77,20,R,0,10,19,Retired,bottas,77,BOT,http://en.wikipedia.org/wiki/Valtteri_Bottas,Valtteri,Bottas,1989-08-28,Finnish,sauber,https://en.wikipedia.org/wiki/Sauber_Motorsport,Sauber,Swiss,,,19.0,11.0,1:41.276,kph,193.763,2024,5,Chinese Grand Prix,2024-04-21,shanghai,audi,0
979,4,1,1,25,5,57,Finished,norris,1,NOR,http://en.wikipedia.org/wiki/Lando_Norris,Lando,Norris,1999-11-13,British,mclaren,https://en.wikipedia.org/wiki/McLaren,McLaren,British,5449876.0,1:30:49.876,5.0,55.0,1:30.980,kph,214.148,2024,6,Miami Grand Prix,2024-05-05,miami,mclaren,1
980,1,2,2,18,1,57,Finished,max_verstappen,3,VER,http://en.wikipedia.org/wiki/Max_Verstappen,Max,Verstappen,1997-09-30,Dutch,red_bull,https://en.wikipedia.org/wiki/Red_Bull_Racing,Red Bull,Austrian,5457488.0,+7.612,8.0,48.0,1:31.261,kph,213.488,2024,6,Miami Grand Prix,2024-05-05,miami,red_bull,1
981,16,3,3,15,2,57,Finished,leclerc,16,LEC,http://en.wikipedia.org/wiki/Charles_Leclerc,Charles,Leclerc,1997-10-16,Monegasque,ferrari,https://en.wikipedia.org/wiki/Scuderia_Ferrari,Ferrari,Italian,5459796.0,+9.920,6.0,56.0,1:31.084,kph,213.903,2024,6,Miami Grand Prix,2024-05-05,miami,ferrari,1
982,11,4,4,12,4,57,Finished,perez,11,PER,http://en.wikipedia.org/wiki/Sergio_P%C3%A9rez,Sergio,Pérez,1990-01-26,Mexican,red_bull,https://en.wikipedia.org/wiki/Red_Bull_Racing,Red Bull,Austrian,5464526.0,+14.650,3.0,55.0,1:30.855,kph,214.442,2024,6,Miami Grand Prix,2024-05-05,miami,red_bull,1
983,55,5,5,10,3,57,Finished,sainz,55,SAI,http://en.wikipedia.org/wiki/Carlos_Sainz_Jr.,Carlos,Sainz,1994-09-01,Spanish,ferrari,https://en.wikipedia.org/wiki/Scuderia_Ferrari,Ferrari,Italian,5466283.0,+16.407,4.0,55.0,1:30.928,kph,214.27,2024,6,Miami Grand Prix,2024-05-05,miami,ferrari,1
984,44,6,6,8,8,57,Finished,hamilton,44,HAM,http://en.wikipedia.org/wiki/Lewis_Hamilton,Lewis,Hamilton,1985-01-07,British,mercedes,https://en.wikipedia.org/wiki/Mercedes-Benz_in_Formula_One,Mercedes,German,5466461.0,+16.585,7.0,54.0,1:31.233,kph,213.554,2024,6,Miami Grand Prix,2024-05-05,miami,mercedes,1
985,22,7,7,6,10,57,Finished,tsunoda,22,TSU,http://en.wikipedia.org/wiki/Yuki_Tsunoda,Yuki,Tsunoda,2000-05-11,Japanese,rb,https://en.wikipedia.org/wiki/Racing_Bulls,RB F1 Team,Italian,5476061.0,+26.185,10.0,55.0,1:31.682,kph,212.508,2024,6,Miami Grand Prix,2024-05-05,miami,rb,1
986,63,8,8,4,7,57,Finished,russell,63,RUS,http://en.wikipedia.org/wiki/George_Russell_(racing_driver),George,Russell,1998-02-15,British,mercedes,https://en.wikipedia.org/wiki/Mercedes-Benz_in_Formula_One,Mercedes,German,5484665.0,+34.789,13.0,43.0,1:31.921,kph,211.955,2024,6,Miami Grand Prix,2024-05-05,miami,mercedes,1
987,14,9,9,2,15,57,Finished,alonso,14,ALO,http://en.wikipedia.org/wiki/Fernando_Alonso,Fernando,Alonso,1981-07-29,Spanish,aston_martin,https://en.wikipedia.org/wiki/Aston_Martin_in_Formula_One,Aston Martin,British,5486983.0,+37.107,11.0,55.0,1:31.727,kph,212.404,2024,6,Miami Grand Prix,2024-05-05,miami,aston_martin,1
988,31,10,10,1,13,57,Finished,ocon,31,OCO,http://en.wikipedia.org/wiki/Esteban_Ocon,Esteban,Ocon,1996-09-17,French,alpine,https://en.wikipedia.org/wiki/Alpine_F1_Team,Alpine F1 Team,French,5489622.0,+39.746,16.0,51.0,1:32.037,kph,211.688,2024,6,Miami Grand Prix,2024-05-05,miami,alpine,1
989,27,11,11,0,9,57,Finished,hulkenberg,27,HUL,http://en.wikipedia.org/wiki/Nico_H%C3%BClkenberg,Nico,Hülkenberg,1987-08-19,German,haas,https://en.wikipedia.org/wiki/Haas_F1_Team,Haas F1 Team,American,5490665.0,+40.789,14.0,56.0,1:31.941,kph,211.909,2024,6,Miami Grand Prix,2024-05-05,miami,haas,1
990,10,12,12,0,12,57,Finished,gasly,10,GAS,http://en.wikipedia.org/wiki/Pierre_Gasly,Pierre,Gasly,1996-02-07,French,alpine,https://en.wikipedia.org/wiki/Alpine_F1_Team,Alpine F1 Team,French,5494834.0,+44.958,17.0,56.0,1:32.055,kph,211.647,2024,6,Miami Grand Prix,2024-05-05,miami,alpine,1
991,81,13,13,0,6,57,Finished,piastri,81,PIA,http://en.wikipedia.org/wiki/Oscar_Piastri,Oscar,Piastri,2001-04-06,Australian,mclaren,https://en.wikipedia.org/wiki/McLaren,McLaren,British,5499632.0,+49.756,1.0,43.0,1:30.634,kph,214.965,2024,6,Miami Grand Prix,2024-05-05,miami,mclaren,1
992,24,14,14,0,19,57,Finished,zhou,24,ZHO,http://en.wikipedia.org/wiki/Zhou_Guanyu,Guanyu,Zhou,1999-05-30,Chinese,sauber,https://en.wikipedia.org/wiki/Sauber_Motorsport,Sauber,Swiss,5499855.0,+49.979,15.0,56.0,1:31.991,kph,211.794,2024,6,Miami Grand Prix,2024-05-05,miami,audi,1
993,3,15,15,0,20,57,Finished,ricciardo,3,RIC,http://en.wikipedia.org/wiki/Daniel_Ricciardo,Daniel,Ricciardo,1989-07-01,Australian,rb,https://en.wikipedia.org/wiki/Racing_Bulls,RB F1 Team,Italian,5500832.0,+50.956,19.0,57.0,1:32.122,kph,211.493,2024,6,Miami Grand Prix,2024-05-05,miami,rb,1
994,77,16,16,0,16,57,Finished,bottas,77,BOT,http://en.wikipedia.org/wiki/Valtteri_Bottas,Valtteri,Bottas,1989-08-28,Finnish,sauber,https://en.wikipedia.org/wiki/Sauber_Motorsport,Sauber,Swiss,5502232.0,+52.356,18.0,55.0,1:32.098,kph,211.548,2024,6,Miami Grand Prix,2024-05-05,miami,audi,1
995,18,17,17,0,11,57,Finished,stroll,18,STR,http://en.wikipedia.org/wiki/Lance_Stroll,Lance,Stroll,1998-10-29,Canadian,aston_martin,https://en.wikipedia.org/wiki/Aston_Martin_in_Formula_One,Aston Martin,British,5505049.0,+55.173,9.0,57.0,1:31.588,kph,212.726,2024,6,Miami Grand Prix,2024-05-05,miami,aston_martin,1
996,23,18,18,0,14,57,Finished,albon,23,ALB,http://en.wikipedia.org/wiki/Alexander_Albon,Alexander,Albon,1996-03-23,Thai,williams,https://en.wikipedia.org/wiki/Williams_Racing,Williams,British,5525967.0,+1:16.091,2.0,55.0,1:30.849,kph,214.456,2024,6,Miami Grand Prix,2024-05-05,miami,williams,1
997,20,19,19,0,18,57,Finished,kevin_magnussen,20,MAG,http://en.wikipedia.org/wiki/Kevin_Magnussen,Kevin,Magnussen,1992-10-05,Danish,haas,https://en.wikipedia.org/wiki/Haas_F1_Team,Haas F1 Team,American,5534559.0,+1:24.683,12.0,33.0,1:31.774,kph,212.295,2024,6,Miami Grand Prix,2024-05-05,miami,haas,1
998,2,20,R,0,17,27,Retired,sargeant,2,SAR,http://en.wikipedia.org/wiki/Logan_Sargeant,Logan,Sargeant,2000-12-31,American,williams,https://en.wikipedia.org/wiki/Williams_Racing,Williams,British,,,20.0,15.0,1:33.452,kph,208.483,2024,6,Miami Grand Prix,2024-05-05,miami,williams,0
999,1,1,1,25,1,63,Finished,max_verstappen,3,VER,http://en.wikipedia.org/wiki/Max_Verstappen,Max,Verstappen,1997-09-30,Dutch,red_bull,https://en.wikipedia.org/wiki/Red_Bull_Racing,Red Bull,Austrian,5125252.0,1:25:25.252,9.0,38.0,1:20.366,kph,219.898,2024,7,Emilia Romagna Grand Prix,2024-05-19,imola,red_bull,1
1000,4,2,2,18,2,63,Finished,norris,1,NOR,http://en.wikipedia.org/wiki/Lando_Norris,Lando,Norris,1999-11-13,British,mclaren,https://en.wikipedia.org/wiki/McLaren,McLaren,British,5125977.0,+0.725,6.0,54.0,1:19.994,kph,220.921,2024,7,Emilia Romagna Grand Prix,2024-05-19,imola,mclaren,1
1001,16,3,3,15,3,63,Finished,leclerc,16,LEC,http://en.wikipedia.org/wiki/Charles_Leclerc,Charles,Leclerc,1997-10-16,Monegasque,ferrari,https://en.wikipedia.org/wiki/Scuderia_Ferrari,Ferrari,Italian,5133168.0,+7.916,5.0,27.0,1:19.935,kph,221.084,2024,7,Emilia Romagna Grand Prix,2024-05-19,imola,ferrari,1
1002,81,4,4,12,5,63,Finished,piastri,81,PIA,http://en.wikipedia.org/wiki/Oscar_Piastri,Oscar,Piastri,2001-04-06,Australian,mclaren,https://en.wikipedia.org/wiki/McLaren,McLaren,British,5139384.0,+14.132,4.0,25.0,1:19.907,kph,221.162,2024,7,Emilia Romagna Grand Prix,2024-05-19,imola,mclaren,1
1003,55,5,5,10,4,63,Finished,sainz,55,SAI,http://en.wikipedia.org/wiki/Carlos_Sainz_Jr.,Carlos,Sainz,1994-09-01,Spanish,ferrari,https://en.wikipedia.org/wiki/Scuderia_Ferrari,Ferrari,Italian,5147577.0,+22.325,7.0,63.0,1:20.220,kph,220.299,2024,7,Emilia Romagna Grand Prix,2024-05-19,imola,ferrari,1
1004,44,6,6,8,8,63,Finished,hamilton,44,HAM,http://en.wikipedia.org/wiki/Lewis_Hamilton,Lewis,Hamilton,1985-01-07,British,mercedes,https://en.wikipedia.org/wiki/Mercedes-Benz_in_Formula_One,Mercedes,German,5160356.0,+35.104,8.0,43.0,1:20.331,kph,219.994,2024,7,Emilia Romagna Grand Prix,2024-05-19,imola,mercedes,1
1005,63,7,7,7,6,63,Finished,russell,63,RUS,http://en.wikipedia.org/wiki/George_Russell_(racing_driver),George,Russell,1998-02-15,British,mercedes,https://en.wikipedia.org/wiki/Mercedes-Benz_in_Formula_One,Mercedes,German,5172406.0,+47.154,1.0,54.0,1:18.589,kph,224.871,2024,7,Emilia Romagna Grand Prix,2024-05-19,imola,mercedes,1
1006,11,8,8,4,11,63,Finished,perez,11,PER,http://en.wikipedia.org/wiki/Sergio_P%C3%A9rez,Sergio,Pérez,1990-01-26,Mexican,red_bull,https://en.wikipedia.org/wiki/Red_Bull_Racing,Red Bull,Austrian,5180028.0,+54.776,3.0,52.0,1:19.686,kph,221.775,2024,7,Emilia Romagna Grand Prix,2024-05-19,imola,red_bull,1
1007,18,9,9,2,13,63,Finished,stroll,18,STR,http://en.wikipedia.org/wiki/Lance_Stroll,Lance,Stroll,1998-10-29,Canadian,aston_martin,https://en.wikipedia.org/wiki/Aston_Martin_in_Formula_One,Aston Martin,British,5204808.0,+1:19.556,10.0,58.0,1:20.570,kph,219.342,2024,7,Emilia Romagna Grand Prix,2024-05-19,imola,aston_martin,1
1008,22,10,10,1,7,62,Lapped,tsunoda,22,TSU,http://en.wikipedia.org/wiki/Yuki_Tsunoda,Yuki,Tsunoda,2000-05-11,Japanese,rb,https://en.wikipedia.org/wiki/Racing_Bulls,RB F1 Team,Italian,5143108.0,+17.856,11.0,14.0,1:20.936,kph,218.35,2024,7,Emilia Romagna Grand Prix,2024-05-19,imola,rb,1
1009,27,11,11,0,10,62,Lapped,hulkenberg,27,HUL,http://en.wikipedia.org/wiki/Nico_H%C3%BClkenberg,Nico,Hülkenberg,1987-08-19,German,haas,https://en.wikipedia.org/wiki/Haas_F1_Team,Haas F1 Team,American,5150529.0,+25.277,20.0,3.0,1:21.700,kph,216.308,2024,7,Emilia Romagna Grand Prix,2024-05-19,imola,haas,1
1010,20,12,12,0,18,62,Lapped,kevin_magnussen,20,MAG,http://en.wikipedia.org/wiki/Kevin_Magnussen,Kevin,Magnussen,1992-10-05,Danish,haas,https://en.wikipedia.org/wiki/Haas_F1_Team,Haas F1 Team,American,5151686.0,+26.434,12.0,58.0,1:21.009,kph,218.153,2024,7,Emilia Romagna Grand Prix,2024-05-19,imola,haas,1
1011,3,13,13,0,9,62,Lapped,ricciardo,3,RIC,http://en.wikipedia.org/wiki/Daniel_Ricciardo,Daniel,Ricciardo,1989-07-01,Australian,rb,https://en.wikipedia.org/wiki/Racing_Bulls,RB F1 Team,Italian,5152913.0,+27.661,19.0,13.0,1:21.569,kph,216.655,2024,7,Emilia Romagna Grand Prix,2024-05-19,imola,rb,1
1012,31,14,14,0,12,62,Lapped,ocon,31,OCO,http://en.wikipedia.org/wiki/Esteban_Ocon,Esteban,Ocon,1996-09-17,French,alpine,https://en.wikipedia.org/wiki/Alpine_F1_Team,Alpine F1 Team,French,5169159.0,+43.907,16.0,37.0,1:21.304,kph,217.361,2024,7,Emilia Romagna Grand Prix,2024-05-19,imola,alpine,1
1013,24,15,15,0,17,62,Lapped,zhou,24,ZHO,http://en.wikipedia.org/wiki/Zhou_Guanyu,Guanyu,Zhou,1999-05-30,Chinese,sauber,https://en.wikipedia.org/wiki/Sauber_Motorsport,Sauber,Swiss,5170185.0,+44.933,13.0,37.0,1:21.016,kph,218.134,2024,7,Emilia Romagna Grand Prix,2024-05-19,imola,audi,1
1014,10,16,16,0,15,62,Lapped,gasly,10,GAS,http://en.wikipedia.org/wiki/Pierre_Gasly,Pierre,Gasly,1996-02-07,French,alpine,https://en.wikipedia.org/wiki/Alpine_F1_Team,Alpine F1 Team,French,5174967.0,+49.715,17.0,10.0,1:21.371,kph,217.183,2024,7,Emilia Romagna Grand Prix,2024-05-19,imola,alpine,1
1015,2,17,17,0,19,62,Lapped,sargeant,2,SAR,http://en.wikipedia.org/wiki/Logan_Sargeant,Logan,Sargeant,2000-12-31,American,williams,https://en.wikipedia.org/wiki/Williams_Racing,Williams,British,5176303.0,+51.051,14.0,55.0,1:21.229,kph,217.562,2024,7,Emilia Romagna Grand Prix,2024-05-19,imola,williams,1
1016,77,18,18,0,16,62,Lapped,bottas,77,BOT,http://en.wikipedia.org/wiki/Valtteri_Bottas,Valtteri,Bottas,1989-08-28,Finnish,sauber,https://en.wikipedia.org/wiki/Sauber_Motorsport,Sauber,Swiss,5181595.0,+56.343,18.0,11.0,1:21.455,kph,216.959,2024,7,Emilia Romagna Grand Prix,2024-05-19,imola,audi,1
1017,14,19,19,0,20,62,Lapped,alonso,14,ALO,http://en.wikipedia.org/wiki/Fernando_Alonso,Fernando,Alonso,1981-07-29,Spanish,aston_martin,https://en.wikipedia.org/wiki/Aston_Martin_in_Formula_One,Aston Martin,British,5200376.0,+1:15.124,2.0,62.0,1:19.004,kph,223.689,2024,7,Emilia Romagna Grand Prix,2024-05-19,imola,aston_martin,1
1018,23,20,R,0,14,51,Retired,albon,23,ALB,http://en.wikipedia.org/wiki/Alexander_Albon,Alexander,Albon,1996-03-23,Thai,williams,https://en.wikipedia.org/wiki/Williams_Racing,Williams,British,,,15.0,48.0,1:21.274,kph,217.442,2024,7,Emilia Romagna Grand Prix,2024-05-19,imola,williams,0
1019,16,1,1,25,1,78,Finished,leclerc,16,LEC,http://en.wikipedia.org/wiki/Charles_Leclerc,Charles,Leclerc,1997-10-16,Monegasque,ferrari,https://en.wikipedia.org/wiki/Scuderia_Ferrari,Ferrari,Italian,8595554.0,2:23:15.554,6.0,71.0,1:15.162,,,2024,8,Monaco Grand Prix,2024-05-26,monaco,ferrari,1
1020,81,2,2,18,2,78,Finished,piastri,81,PIA,http://en.wikipedia.org/wiki/Oscar_Piastri,Oscar,Piastri,2001-04-06,Australian,mclaren,https://en.wikipedia.org/wiki/McLaren,McLaren,British,8602706.0,+7.152,11.0,73.0,1:16.281,,,2024,8,Monaco Grand Prix,2024-05-26,monaco,mclaren,1
1021,55,3,3,15,3,78,Finished,sainz,55,SAI,http://en.wikipedia.org/wiki/Carlos_Sainz_Jr.,Carlos,Sainz,1994-09-01,Spanish,ferrari,https://en.wikipedia.org/wiki/Scuderia_Ferrari,Ferrari,Italian,8603139.0,+7.585,5.0,62.0,1:14.726,,,2024,8,Monaco Grand Prix,2024-05-26,monaco,ferrari,1
1022,4,4,4,12,4,78,Finished,norris,1,NOR,http://en.wikipedia.org/wiki/Lando_Norris,Lando,Norris,1999-11-13,British,mclaren,https://en.wikipedia.org/wiki/McLaren,McLaren,British,8604204.0,+8.650,10.0,64.0,1:15.742,,,2024,8,Monaco Grand Prix,2024-05-26,monaco,mclaren,1
1023,63,5,5,10,5,78,Finished,russell,63,RUS,http://en.wikipedia.org/wiki/George_Russell_(racing_driver),George,Russell,1998-02-15,British,mercedes,https://en.wikipedia.org/wiki/Mercedes-Benz_in_Formula_One,Mercedes,German,8608863.0,+13.309,7.0,73.0,1:15.228,,,2024,8,Monaco Grand Prix,2024-05-26,monaco,mercedes,1
1024,1,6,6,8,6,78,Finished,max_verstappen,3,VER,http://en.wikipedia.org/wiki/Max_Verstappen,Max,Verstappen,1997-09-30,Dutch,red_bull,https://en.wikipedia.org/wiki/Red_Bull_Racing,Red Bull,Austrian,8609407.0,+13.853,2.0,58.0,1:14.569,,,2024,8,Monaco Grand Prix,2024-05-26,monaco,red_bull,1
1025,44,7,7,7,7,78,Finished,hamilton,44,HAM,http://en.wikipedia.org/wiki/Lewis_Hamilton,Lewis,Hamilton,1985-01-07,British,mercedes,https://en.wikipedia.org/wiki/Mercedes-Benz_in_Formula_One,Mercedes,German,8610462.0,+14.908,1.0,63.0,1:14.165,,,2024,8,Monaco Grand Prix,2024-05-26,monaco,mercedes,1
1026,22,8,8,4,8,77,Lapped,tsunoda,22,TSU,http://en.wikipedia.org/wiki/Yuki_Tsunoda,Yuki,Tsunoda,2000-05-11,Japanese,rb,https://en.wikipedia.org/wiki/Racing_Bulls,RB F1 Team,Italian,8635041.0,+39.487,4.0,77.0,1:14.720,,,2024,8,Monaco Grand Prix,2024-05-26,monaco,rb,1
1027,23,9,9,2,9,77,Lapped,albon,23,ALB,http://en.wikipedia.org/wiki/Alexander_Albon,Alexander,Albon,1996-03-23,Thai,williams,https://en.wikipedia.org/wiki/Williams_Racing,Williams,British,8649606.0,+54.052,14.0,77.0,1:17.060,,,2024,8,Monaco Grand Prix,2024-05-26,monaco,williams,1
1028,10,10,10,1,10,77,Lapped,gasly,10,GAS,http://en.wikipedia.org/wiki/Pierre_Gasly,Pierre,Gasly,1996-02-07,French,alpine,https://en.wikipedia.org/wiki/Alpine_F1_Team,Alpine F1 Team,French,8655795.0,+1:00.241,9.0,77.0,1:15.625,,,2024,8,Monaco Grand Prix,2024-05-26,monaco,alpine,1
1029,14,11,11,0,14,76,Lapped,alonso,14,ALO,http://en.wikipedia.org/wiki/Fernando_Alonso,Fernando,Alonso,1981-07-29,Spanish,aston_martin,https://en.wikipedia.org/wiki/Aston_Martin_in_Formula_One,Aston Martin,British,8599408.0,+3.854,16.0,68.0,1:17.939,,,2024,8,Monaco Grand Prix,2024-05-26,monaco,aston_martin,1
1030,3,12,12,0,12,76,Lapped,ricciardo,3,RIC,http://en.wikipedia.org/wiki/Daniel_Ricciardo,Daniel,Ricciardo,1989-07-01,Australian,rb,https://en.wikipedia.org/wiki/Racing_Bulls,RB F1 Team,Italian,8599818.0,+4.264,15.0,46.0,1:17.172,,,2024,8,Monaco Grand Prix,2024-05-26,monaco,rb,1
1031,77,13,13,0,17,76,Lapped,bottas,77,BOT,http://en.wikipedia.org/wiki/Valtteri_Bottas,Valtteri,Bottas,1989-08-28,Finnish,sauber,https://en.wikipedia.org/wiki/Sauber_Motorsport,Sauber,Swiss,8600042.0,+4.488,12.0,17.0,1:16.561,,,2024,8,Monaco Grand Prix,2024-05-26,monaco,audi,1
1032,18,14,14,0,13,76,Lapped,stroll,18,STR,http://en.wikipedia.org/wiki/Lance_Stroll,Lance,Stroll,1998-10-29,Canadian,aston_martin,https://en.wikipedia.org/wiki/Aston_Martin_in_Formula_One,Aston Martin,British,8601521.0,+5.967,13.0,59.0,1:16.710,,,2024,8,Monaco Grand Prix,2024-05-26,monaco,aston_martin,1
1033,2,15,15,0,15,76,Lapped,sargeant,2,SAR,http://en.wikipedia.org/wiki/Logan_Sargeant,Logan,Sargeant,2000-12-31,American,williams,https://en.wikipedia.org/wiki/Williams_Racing,Williams,British,8604580.0,+9.026,8.0,62.0,1:15.525,,,2024,8,Monaco Grand Prix,2024-05-26,monaco,williams,1
1034,24,16,16,0,18,76,Lapped,zhou,24,ZHO,http://en.wikipedia.org/wiki/Zhou_Guanyu,Guanyu,Zhou,1999-05-30,Chinese,sauber,https://en.wikipedia.org/wiki/Sauber_Motorsport,Sauber,Swiss,8650814.0,+55.260,3.0,75.0,1:14.718,,,2024,8,Monaco Grand Prix,2024-05-26,monaco,audi,1
1035,31,17,R,0,11,0,Retired,ocon,31,OCO,http://en.wikipedia.org/wiki/Esteban_Ocon,Esteban,Ocon,1996-09-17,French,alpine,https://en.wikipedia.org/wiki/Alpine_F1_Team,Alpine F1 Team,French,,,,,,,,2024,8,Monaco Grand Prix,2024-05-26,monaco,alpine,0
1036,11,18,R,0,16,0,Retired,perez,11,PER,http://en.wikipedia.org/wiki/Sergio_P%C3%A9rez,Sergio,Pérez,1990-01-26,Mexican,red_bull,https://en.wikipedia.org/wiki/Red_Bull_Racing,Red Bull,Austrian,,,,,,,,2024,8,Monaco Grand Prix,2024-05-26,monaco,red_bull,0
1037,27,19,R,0,19,0,Retired,hulkenberg,27,HUL,http://en.wikipedia.org/wiki/Nico_H%C3%BClkenberg,Nico,Hülkenberg,1987-08-19,German,haas,https://en.wikipedia.org/wiki/Haas_F1_Team,Haas F1 Team,American,,,,,,,,2024,8,Monaco Grand Prix,2024-05-26,monaco,haas,0
1038,20,20,R,0,20,0,Retired,kevin_magnussen,20,MAG,http://en.wikipedia.org/wiki/Kevin_Magnussen,Kevin,Magnussen,1992-10-05,Danish,haas,https://en.wikipedia.org/wiki/Haas_F1_Team,Haas F1 Team,American,,,,,,,,2024,8,Monaco Grand Prix,2024-05-26,monaco,haas,0
1039,1,1,1,25,2,70,Finished,max_verstappen,3,VER,http://en.wikipedia.org/wiki/Max_Verstappen,Max,Verstappen,1997-09-30,Dutch,red_bull,https://en.wikipedia.org/wiki/Red_Bull_Racing,Red Bull,Austrian,6347927.0,1:45:47.927,4.0,70.0,1:15.569,kph,207.751,2024,9,Canadian Grand Prix,2024-06-09,villeneuve,red_bull,1
1040,4,2,2,18,3,70,Finished,norris,1,NOR,http://en.wikipedia.org/wiki/Lando_Norris,Lando,Norris,1999-11-13,British,mclaren,https://en.wikipedia.org/wiki/McLaren,McLaren,British,6351806.0,+3.879,3.0,67.0,1:15.558,kph,207.782,2024,9,Canadian Grand Prix,2024-06-09,villeneuve,mclaren,1
1041,63,3,3,15,1,70,Finished,russell,63,RUS,http://en.wikipedia.org/wiki/George_Russell_(racing_driver),George,Russell,1998-02-15,British,mercedes,https://en.wikipedia.org/wiki/Mercedes-Benz_in_Formula_One,Mercedes,German,6352244.0,+4.317,2.0,70.0,1:14.895,kph,209.621,2024,9,Canadian Grand Prix,2024-06-09,villeneuve,mercedes,1
1042,44,4,4,13,7,70,Finished,hamilton,44,HAM,http://en.wikipedia.org/wiki/Lewis_Hamilton,Lewis,Hamilton,1985-01-07,British,mercedes,https://en.wikipedia.org/wiki/Mercedes-Benz_in_Formula_One,Mercedes,German,6352842.0,+4.915,1.0,70.0,1:14.856,kph,209.73,2024,9,Canadian Grand Prix,2024-06-09,villeneuve,mercedes,1
1043,81,5,5,10,4,70,Finished,piastri,81,PIA,http://en.wikipedia.org/wiki/Oscar_Piastri,Oscar,Piastri,2001-04-06,Australian,mclaren,https://en.wikipedia.org/wiki/McLaren,McLaren,British,6358126.0,+10.199,5.0,65.0,1:16.247,kph,205.904,2024,9,Canadian Grand Prix,2024-06-09,villeneuve,mclaren,1
1044,14,6,6,8,6,70,Finished,alonso,14,ALO,http://en.wikipedia.org/wiki/Fernando_Alonso,Fernando,Alonso,1981-07-29,Spanish,aston_martin,https://en.wikipedia.org/wiki/Aston_Martin_in_Formula_One,Aston Martin,British,6365437.0,+17.510,6.0,70.0,1:16.303,kph,205.753,2024,9,Canadian Grand Prix,2024-06-09,villeneuve,aston_martin,1
1045,18,7,7,6,9,70,Finished,stroll,18,STR,http://en.wikipedia.org/wiki/Lance_Stroll,Lance,Stroll,1998-10-29,Canadian,aston_martin,https://en.wikipedia.org/wiki/Aston_Martin_in_Formula_One,Aston Martin,British,6371552.0,+23.625,9.0,70.0,1:16.762,kph,204.523,2024,9,Canadian Grand Prix,2024-06-09,villeneuve,aston_martin,1
1046,3,8,8,4,5,70,Finished,ricciardo,3,RIC,http://en.wikipedia.org/wiki/Daniel_Ricciardo,Daniel,Ricciardo,1989-07-01,Australian,rb,https://en.wikipedia.org/wiki/Racing_Bulls,RB F1 Team,Italian,6376599.0,+28.672,12.0,68.0,1:17.076,kph,203.689,2024,9,Canadian Grand Prix,2024-06-09,villeneuve,rb,1
1047,10,9,9,2,15,70,Finished,gasly,10,GAS,http://en.wikipedia.org/wiki/Pierre_Gasly,Pierre,Gasly,1996-02-07,French,alpine,https://en.wikipedia.org/wiki/Alpine_F1_Team,Alpine F1 Team,French,6377948.0,+30.021,11.0,70.0,1:17.013,kph,203.856,2024,9,Canadian Grand Prix,2024-06-09,villeneuve,alpine,1
1048,31,10,10,1,18,70,Finished,ocon,31,OCO,http://en.wikipedia.org/wiki/Esteban_Ocon,Esteban,Ocon,1996-09-17,French,alpine,https://en.wikipedia.org/wiki/Alpine_F1_Team,Alpine F1 Team,French,6378240.0,+30.313,10.0,70.0,1:17.012,kph,203.859,2024,9,Canadian Grand Prix,2024-06-09,villeneuve,alpine,1
1049,27,11,11,0,17,70,Finished,hulkenberg,27,HUL,http://en.wikipedia.org/wiki/Nico_H%C3%BClkenberg,Nico,Hülkenberg,1987-08-19,German,haas,https://en.wikipedia.org/wiki/Haas_F1_Team,Haas F1 Team,American,6378751.0,+30.824,8.0,67.0,1:16.683,kph,204.733,2024,9,Canadian Grand Prix,2024-06-09,villeneuve,haas,1
1050,20,12,12,0,14,70,Finished,kevin_magnussen,20,MAG,http://en.wikipedia.org/wiki/Kevin_Magnussen,Kevin,Magnussen,1992-10-05,Danish,haas,https://en.wikipedia.org/wiki/Haas_F1_Team,Haas F1 Team,American,6379180.0,+31.253,7.0,68.0,1:16.499,kph,205.226,2024,9,Canadian Grand Prix,2024-06-09,villeneuve,haas,1
1051,77,13,13,0,19,70,Finished,bottas,77,BOT,http://en.wikipedia.org/wiki/Valtteri_Bottas,Valtteri,Bottas,1989-08-28,Finnish,sauber,https://en.wikipedia.org/wiki/Sauber_Motorsport,Sauber,Swiss,6388414.0,+40.487,13.0,65.0,1:17.250,kph,203.231,2024,9,Canadian Grand Prix,2024-06-09,villeneuve,audi,1
1052,22,14,14,0,8,70,Finished,tsunoda,22,TSU,http://en.wikipedia.org/wiki/Yuki_Tsunoda,Yuki,Tsunoda,2000-05-11,Japanese,rb,https://en.wikipedia.org/wiki/Racing_Bulls,RB F1 Team,Italian,6400621.0,+52.694,14.0,70.0,1:17.309,kph,203.075,2024,9,Canadian Grand Prix,2024-06-09,villeneuve,rb,1
1053,24,15,15,0,20,69,Lapped,zhou,24,ZHO,http://en.wikipedia.org/wiki/Zhou_Guanyu,Guanyu,Zhou,1999-05-30,Chinese,sauber,https://en.wikipedia.org/wiki/Sauber_Motorsport,Sauber,Swiss,6401455.0,+53.528,15.0,68.0,1:17.325,kph,203.033,2024,9,Canadian Grand Prix,2024-06-09,villeneuve,audi,1
1054,55,16,R,0,12,52,Retired,sainz,55,SAI,http://en.wikipedia.org/wiki/Carlos_Sainz_Jr.,Carlos,Sainz,1994-09-01,Spanish,ferrari,https://en.wikipedia.org/wiki/Scuderia_Ferrari,Ferrari,Italian,,,17.0,51.0,1:18.957,kph,198.837,2024,9,Canadian Grand Prix,2024-06-09,villeneuve,ferrari,0
1055,23,17,R,0,10,52,Retired,albon,23,ALB,http://en.wikipedia.org/wiki/Alexander_Albon,Alexander,Albon,1996-03-23,Thai,williams,https://en.wikipedia.org/wiki/Williams_Racing,Williams,British,,,18.0,51.0,1:19.359,kph,197.83,2024,9,Canadian Grand Prix,2024-06-09,villeneuve,williams,0
1056,11,18,R,0,16,51,Retired,perez,11,PER,http://en.wikipedia.org/wiki/Sergio_P%C3%A9rez,Sergio,Pérez,1990-01-26,Mexican,red_bull,https://en.wikipedia.org/wiki/Red_Bull_Racing,Red Bull,Austrian,,,16.0,51.0,1:18.819,kph,199.185,2024,9,Canadian Grand Prix,2024-06-09,villeneuve,red_bull,0
1057,16,19,R,0,11,40,Retired,leclerc,16,LEC,http://en.wikipedia.org/wiki/Charles_Leclerc,Charles,Leclerc,1997-10-16,Monegasque,ferrari,https://en.wikipedia.org/wiki/Scuderia_Ferrari,Ferrari,Italian,,,19.0,39.0,1:26.012,kph,182.528,2024,9,Canadian Grand Prix,2024-06-09,villeneuve,ferrari,0
1058,2,20,R,0,13,23,Retired,sargeant,2,SAR,http://en.wikipedia.org/wiki/Logan_Sargeant,Logan,Sargeant,2000-12-31,American,williams,https://en.wikipedia.org/wiki/Williams_Racing,Williams,British,,,20.0,19.0,1:26.484,kph,181.531,2024,9,Canadian Grand Prix,2024-06-09,villeneuve,williams,0
1059,1,1,1,25,2,66,Finished,max_verstappen,3,VER,http://en.wikipedia.org/wiki/Max_Verstappen,Max,Verstappen,1997-09-30,Dutch,red_bull,https://en.wikipedia.org/wiki/Red_Bull_Racing,Red Bull,Austrian,5300227.0,1:28:20.227,2.0,54.0,1:17.776,kph,215.557,2024,10,Spanish Grand Prix,2024-06-23,catalunya,red_bull,1
1060,4,2,2,19,1,66,Finished,norris,1,NOR,http://en.wikipedia.org/wiki/Lando_Norris,Lando,Norris,1999-11-13,British,mclaren,https://en.wikipedia.org/wiki/McLaren,McLaren,British,5302446.0,+2.219,1.0,51.0,1:17.115,kph,217.405,2024,10,Spanish Grand Prix,2024-06-23,catalunya,mclaren,1
1061,44,3,3,15,3,66,Finished,hamilton,44,HAM,http://en.wikipedia.org/wiki/Lewis_Hamilton,Lewis,Hamilton,1985-01-07,British,mercedes,https://en.wikipedia.org/wiki/Mercedes-Benz_in_Formula_One,Mercedes,German,5318017.0,+17.790,4.0,46.0,1:17.809,kph,215.466,2024,10,Spanish Grand Prix,2024-06-23,catalunya,mercedes,1
1062,63,4,4,12,4,66,Finished,russell,63,RUS,http://en.wikipedia.org/wiki/George_Russell_(racing_driver),George,Russell,1998-02-15,British,mercedes,https://en.wikipedia.org/wiki/Mercedes-Benz_in_Formula_One,Mercedes,German,5322547.0,+22.320,7.0,50.0,1:18.290,kph,214.142,2024,10,Spanish Grand Prix,2024-06-23,catalunya,mercedes,1
1063,16,5,5,10,5,66,Finished,leclerc,16,LEC,http://en.wikipedia.org/wiki/Charles_Leclerc,Charles,Leclerc,1997-10-16,Monegasque,ferrari,https://en.wikipedia.org/wiki/Scuderia_Ferrari,Ferrari,Italian,5322936.0,+22.709,6.0,52.0,1:17.897,kph,215.222,2024,10,Spanish Grand Prix,2024-06-23,catalunya,ferrari,1
1064,55,6,6,8,6,66,Finished,sainz,55,SAI,http://en.wikipedia.org/wiki/Carlos_Sainz_Jr.,Carlos,Sainz,1994-09-01,Spanish,ferrari,https://en.wikipedia.org/wiki/Scuderia_Ferrari,Ferrari,Italian,5331255.0,+31.028,9.0,39.0,1:18.539,kph,213.463,2024,10,Spanish Grand Prix,2024-06-23,catalunya,ferrari,1
1065,81,7,7,6,9,66,Finished,piastri,81,PIA,http://en.wikipedia.org/wiki/Oscar_Piastri,Oscar,Piastri,2001-04-06,Australian,mclaren,https://en.wikipedia.org/wiki/McLaren,McLaren,British,5333987.0,+33.760,5.0,56.0,1:17.874,kph,215.286,2024,10,Spanish Grand Prix,2024-06-23,catalunya,mclaren,1
1066,11,8,8,4,11,66,Finished,perez,11,PER,http://en.wikipedia.org/wiki/Sergio_P%C3%A9rez,Sergio,Pérez,1990-01-26,Mexican,red_bull,https://en.wikipedia.org/wiki/Red_Bull_Racing,Red Bull,Austrian,5359751.0,+59.524,3.0,51.0,1:17.785,kph,215.532,2024,10,Spanish Grand Prix,2024-06-23,catalunya,red_bull,1
1067,10,9,9,2,7,66,Finished,gasly,10,GAS,http://en.wikipedia.org/wiki/Pierre_Gasly,Pierre,Gasly,1996-02-07,French,alpine,https://en.wikipedia.org/wiki/Alpine_F1_Team,Alpine F1 Team,French,5362252.0,+1:02.025,13.0,51.0,1:19.045,kph,212.096,2024,10,Spanish Grand Prix,2024-06-23,catalunya,alpine,1
1068,31,10,10,1,8,66,Finished,ocon,31,OCO,http://en.wikipedia.org/wiki/Esteban_Ocon,Esteban,Ocon,1996-09-17,French,alpine,https://en.wikipedia.org/wiki/Alpine_F1_Team,Alpine F1 Team,French,5372116.0,+1:11.889,12.0,54.0,1:18.982,kph,212.266,2024,10,Spanish Grand Prix,2024-06-23,catalunya,alpine,1
1069,27,11,11,0,13,66,Finished,hulkenberg,27,HUL,http://en.wikipedia.org/wiki/Nico_H%C3%BClkenberg,Nico,Hülkenberg,1987-08-19,German,haas,https://en.wikipedia.org/wiki/Haas_F1_Team,Haas F1 Team,American,5379442.0,+1:19.215,10.0,49.0,1:18.609,kph,213.273,2024,10,Spanish Grand Prix,2024-06-23,catalunya,haas,1
1070,14,12,12,0,10,65,Lapped,alonso,14,ALO,http://en.wikipedia.org/wiki/Fernando_Alonso,Fernando,Alonso,1981-07-29,Spanish,aston_martin,https://en.wikipedia.org/wiki/Aston_Martin_in_Formula_One,Aston Martin,British,5309724.0,+9.497,8.0,50.0,1:18.334,kph,214.022,2024,10,Spanish Grand Prix,2024-06-23,catalunya,aston_martin,1
1071,24,13,13,0,15,65,Lapped,zhou,24,ZHO,http://en.wikipedia.org/wiki/Zhou_Guanyu,Guanyu,Zhou,1999-05-30,Chinese,sauber,https://en.wikipedia.org/wiki/Sauber_Motorsport,Sauber,Swiss,5315703.0,+15.476,11.0,50.0,1:18.771,kph,212.834,2024,10,Spanish Grand Prix,2024-06-23,catalunya,audi,1
1072,18,14,14,0,14,65,Lapped,stroll,18,STR,http://en.wikipedia.org/wiki/Lance_Stroll,Lance,Stroll,1998-10-29,Canadian,aston_martin,https://en.wikipedia.org/wiki/Aston_Martin_in_Formula_One,Aston Martin,British,5325479.0,+25.252,15.0,50.0,1:19.318,kph,211.366,2024,10,Spanish Grand Prix,2024-06-23,catalunya,aston_martin,1
1073,3,15,15,0,18,65,Lapped,ricciardo,3,RIC,http://en.wikipedia.org/wiki/Daniel_Ricciardo,Daniel,Ricciardo,1989-07-01,Australian,rb,https://en.wikipedia.org/wiki/Racing_Bulls,RB F1 Team,Italian,5344277.0,+44.050,17.0,61.0,1:19.450,kph,211.015,2024,10,Spanish Grand Prix,2024-06-23,catalunya,rb,1
1074,77,16,16,0,12,65,Lapped,bottas,77,BOT,http://en.wikipedia.org/wiki/Valtteri_Bottas,Valtteri,Bottas,1989-08-28,Finnish,sauber,https://en.wikipedia.org/wiki/Sauber_Motorsport,Sauber,Swiss,5353540.0,+53.313,18.0,13.0,1:19.608,kph,210.596,2024,10,Spanish Grand Prix,2024-06-23,catalunya,audi,1
1075,20,17,17,0,16,65,Lapped,kevin_magnussen,20,MAG,http://en.wikipedia.org/wiki/Kevin_Magnussen,Kevin,Magnussen,1992-10-05,Danish,haas,https://en.wikipedia.org/wiki/Haas_F1_Team,Haas F1 Team,American,5355015.0,+54.788,19.0,33.0,1:19.805,kph,210.077,2024,10,Spanish Grand Prix,2024-06-23,catalunya,haas,1
1076,23,18,18,0,20,65,Lapped,albon,23,ALB,http://en.wikipedia.org/wiki/Alexander_Albon,Alexander,Albon,1996-03-23,Thai,williams,https://en.wikipedia.org/wiki/Williams_Racing,Williams,British,5358376.0,+58.149,14.0,45.0,1:19.132,kph,211.863,2024,10,Spanish Grand Prix,2024-06-23,catalunya,williams,1
1077,22,19,19,0,17,65,Lapped,tsunoda,22,TSU,http://en.wikipedia.org/wiki/Yuki_Tsunoda,Yuki,Tsunoda,2000-05-11,Japanese,rb,https://en.wikipedia.org/wiki/Racing_Bulls,RB F1 Team,Italian,5369131.0,+1:08.904,16.0,56.0,1:19.447,kph,211.023,2024,10,Spanish Grand Prix,2024-06-23,catalunya,rb,1
1078,2,20,20,0,19,64,Lapped,sargeant,2,SAR,http://en.wikipedia.org/wiki/Logan_Sargeant,Logan,Sargeant,2000-12-31,American,williams,https://en.wikipedia.org/wiki/Williams_Racing,Williams,British,5305093.0,+4.866,20.0,38.0,1:20.172,kph,209.115,2024,10,Spanish Grand Prix,2024-06-23,catalunya,williams,1
1079,63,1,1,25,3,71,Finished,russell,63,RUS,http://en.wikipedia.org/wiki/George_Russell_(racing_driver),George,Russell,1998-02-15,British,mercedes,https://en.wikipedia.org/wiki/Mercedes-Benz_in_Formula_One,Mercedes,German,5062798.0,1:24:22.798,5.0,48.0,1:09.164,kph,224.752,2024,11,Austrian Grand Prix,2024-06-30,red_bull_ring,mercedes,1
1080,81,2,2,18,7,71,Finished,piastri,81,PIA,http://en.wikipedia.org/wiki/Oscar_Piastri,Oscar,Piastri,2001-04-06,Australian,mclaren,https://en.wikipedia.org/wiki/McLaren,McLaren,British,5064704.0,+1.906,4.0,56.0,1:08.697,kph,226.28,2024,11,Austrian Grand Prix,2024-06-30,red_bull_ring,mclaren,1
1081,55,3,3,15,4,71,Finished,sainz,55,SAI,http://en.wikipedia.org/wiki/Carlos_Sainz_Jr.,Carlos,Sainz,1994-09-01,Spanish,ferrari,https://en.wikipedia.org/wiki/Scuderia_Ferrari,Ferrari,Italian,5067331.0,+4.533,6.0,56.0,1:09.282,kph,224.369,2024,11,Austrian Grand Prix,2024-06-30,red_bull_ring,ferrari,1
1082,44,4,4,12,5,71,Finished,hamilton,44,HAM,http://en.wikipedia.org/wiki/Lewis_Hamilton,Lewis,Hamilton,1985-01-07,British,mercedes,https://en.wikipedia.org/wiki/Mercedes-Benz_in_Formula_One,Mercedes,German,5085940.0,+23.142,7.0,61.0,1:09.562,kph,223.466,2024,11,Austrian Grand Prix,2024-06-30,red_bull_ring,mercedes,1
1083,1,5,5,10,1,71,Finished,max_verstappen,3,VER,http://en.wikipedia.org/wiki/Max_Verstappen,Max,Verstappen,1997-09-30,Dutch,red_bull,https://en.wikipedia.org/wiki/Red_Bull_Racing,Red Bull,Austrian,5100051.0,+37.253,2.0,68.0,1:07.719,kph,229.548,2024,11,Austrian Grand Prix,2024-06-30,red_bull_ring,red_bull,1
1084,27,6,6,8,9,71,Finished,hulkenberg,27,HUL,http://en.wikipedia.org/wiki/Nico_H%C3%BClkenberg,Nico,Hülkenberg,1987-08-19,German,haas,https://en.wikipedia.org/wiki/Haas_F1_Team,Haas F1 Team,American,5116886.0,+54.088,14.0,51.0,1:10.215,kph,221.388,2024,11,Austrian Grand Prix,2024-06-30,red_bull_ring,haas,1
1085,11,7,7,6,8,71,Finished,perez,11,PER,http://en.wikipedia.org/wiki/Sergio_P%C3%A9rez,Sergio,Pérez,1990-01-26,Mexican,red_bull,https://en.wikipedia.org/wiki/Red_Bull_Racing,Red Bull,Austrian,5117470.0,+54.672,11.0,56.0,1:09.694,kph,223.043,2024,11,Austrian Grand Prix,2024-06-30,red_bull_ring,red_bull,1
1086,20,8,8,4,12,71,Finished,kevin_magnussen,20,MAG,http://en.wikipedia.org/wiki/Kevin_Magnussen,Kevin,Magnussen,1992-10-05,Danish,haas,https://en.wikipedia.org/wiki/Haas_F1_Team,Haas F1 Team,American,5123153.0,+1:00.355,12.0,45.0,1:10.125,kph,221.672,2024,11,Austrian Grand Prix,2024-06-30,red_bull_ring,haas,1
1087,3,9,9,2,11,71,Finished,ricciardo,3,RIC,http://en.wikipedia.org/wiki/Daniel_Ricciardo,Daniel,Ricciardo,1989-07-01,Australian,rb,https://en.wikipedia.org/wiki/Racing_Bulls,RB F1 Team,Italian,5123967.0,+1:01.169,18.0,49.0,1:10.426,kph,220.725,2024,11,Austrian Grand Prix,2024-06-30,red_bull_ring,rb,1
1088,10,10,10,1,13,71,Finished,gasly,10,GAS,http://en.wikipedia.org/wiki/Pierre_Gasly,Pierre,Gasly,1996-02-07,French,alpine,https://en.wikipedia.org/wiki/Alpine_F1_Team,Alpine F1 Team,French,5124564.0,+1:01.766,9.0,45.0,1:09.609,kph,223.315,2024,11,Austrian Grand Prix,2024-06-30,red_bull_ring,alpine,1
1089,16,11,11,0,6,71,Finished,leclerc,16,LEC,http://en.wikipedia.org/wiki/Charles_Leclerc,Charles,Leclerc,1997-10-16,Monegasque,ferrari,https://en.wikipedia.org/wiki/Scuderia_Ferrari,Ferrari,Italian,5129854.0,+1:07.056,8.0,55.0,1:09.584,kph,223.396,2024,11,Austrian Grand Prix,2024-06-30,red_bull_ring,ferrari,1
1090,31,12,12,0,10,71,Finished,ocon,31,OCO,http://en.wikipedia.org/wiki/Esteban_Ocon,Esteban,Ocon,1996-09-17,French,alpine,https://en.wikipedia.org/wiki/Alpine_F1_Team,Alpine F1 Team,French,5131123.0,+1:08.325,10.0,45.0,1:09.649,kph,223.187,2024,11,Austrian Grand Prix,2024-06-30,red_bull_ring,alpine,1
1091,18,13,13,0,17,70,Lapped,stroll,18,STR,http://en.wikipedia.org/wiki/Lance_Stroll,Lance,Stroll,1998-10-29,Canadian,aston_martin,https://en.wikipedia.org/wiki/Aston_Martin_in_Formula_One,Aston Martin,British,5073032.0,+10.234,13.0,54.0,1:10.143,kph,221.615,2024,11,Austrian Grand Prix,2024-06-30,red_bull_ring,aston_martin,1
1092,22,14,14,0,14,70,Lapped,tsunoda,22,TSU,http://en.wikipedia.org/wiki/Yuki_Tsunoda,Yuki,Tsunoda,2000-05-11,Japanese,rb,https://en.wikipedia.org/wiki/Racing_Bulls,RB F1 Team,Italian,5075943.0,+13.145,15.0,54.0,1:10.318,kph,221.064,2024,11,Austrian Grand Prix,2024-06-30,red_bull_ring,rb,1
1093,23,15,15,0,16,70,Lapped,albon,23,ALB,http://en.wikipedia.org/wiki/Alexander_Albon,Alexander,Albon,1996-03-23,Thai,williams,https://en.wikipedia.org/wiki/Williams_Racing,Williams,British,5078664.0,+15.866,16.0,41.0,1:10.364,kph,220.919,2024,11,Austrian Grand Prix,2024-06-30,red_bull_ring,williams,1
1094,77,16,16,0,18,70,Lapped,bottas,77,BOT,http://en.wikipedia.org/wiki/Valtteri_Bottas,Valtteri,Bottas,1989-08-28,Finnish,sauber,https://en.wikipedia.org/wiki/Sauber_Motorsport,Sauber,Swiss,5082173.0,+19.375,19.0,48.0,1:10.449,kph,220.653,2024,11,Austrian Grand Prix,2024-06-30,red_bull_ring,audi,1
1095,24,17,17,0,20,70,Lapped,zhou,24,ZHO,http://en.wikipedia.org/wiki/Zhou_Guanyu,Guanyu,Zhou,1999-05-30,Chinese,sauber,https://en.wikipedia.org/wiki/Sauber_Motorsport,Sauber,Swiss,5107680.0,+44.882,20.0,54.0,1:10.470,kph,220.587,2024,11,Austrian Grand Prix,2024-06-30,red_bull_ring,audi,1
1096,14,18,18,0,15,70,Lapped,alonso,14,ALO,http://en.wikipedia.org/wiki/Fernando_Alonso,Fernando,Alonso,1981-07-29,Spanish,aston_martin,https://en.wikipedia.org/wiki/Aston_Martin_in_Formula_One,Aston Martin,British,5110458.0,+47.660,1.0,70.0,1:07.694,kph,229.633,2024,11,Austrian Grand Prix,2024-06-30,red_bull_ring,aston_martin,1
1097,2,19,19,0,19,69,Lapped,sargeant,2,SAR,http://en.wikipedia.org/wiki/Logan_Sargeant,Logan,Sargeant,2000-12-31,American,williams,https://en.wikipedia.org/wiki/Williams_Racing,Williams,British,5069107.0,+6.309,17.0,60.0,1:10.406,kph,220.788,2024,11,Austrian Grand Prix,2024-06-30,red_bull_ring,williams,1
1098,4,20,20,0,2,64,Lapped,norris,1,NOR,http://en.wikipedia.org/wiki/Lando_Norris,Lando,Norris,1999-11-13,British,mclaren,https://en.wikipedia.org/wiki/McLaren,McLaren,British,4596054.0,,3.0,53.0,1:08.016,kph,228.546,2024,11,Austrian Grand Prix,2024-06-30,red_bull_ring,mclaren,1
1099,44,1,1,25,2,52,Finished,hamilton,44,HAM,http://en.wikipedia.org/wiki/Lewis_Hamilton,Lewis,Hamilton,1985-01-07,British,mercedes,https://en.wikipedia.org/wiki/Mercedes-Benz_in_Formula_One,Mercedes,German,4947059.0,1:22:27.059,5.0,45.0,1:29.438,kph,237.12,2024,12,British Grand Prix,2024-07-07,silverstone,mercedes,1
1100,1,2,2,18,4,52,Finished,max_verstappen,3,VER,http://en.wikipedia.org/wiki/Max_Verstappen,Max,Verstappen,1997-09-30,Dutch,red_bull,https://en.wikipedia.org/wiki/Red_Bull_Racing,Red Bull,Austrian,4948524.0,+1.465,3.0,48.0,1:28.952,kph,238.416,2024,12,British Grand Prix,2024-07-07,silverstone,red_bull,1
1101,4,3,3,15,3,52,Finished,norris,1,NOR,http://en.wikipedia.org/wiki/Lando_Norris,Lando,Norris,1999-11-13,British,mclaren,https://en.wikipedia.org/wiki/McLaren,McLaren,British,4954606.0,+7.547,4.0,43.0,1:29.262,kph,237.588,2024,12,British Grand Prix,2024-07-07,silverstone,mclaren,1
1102,81,4,4,12,5,52,Finished,piastri,81,PIA,http://en.wikipedia.org/wiki/Oscar_Piastri,Oscar,Piastri,2001-04-06,Australian,mclaren,https://en.wikipedia.org/wiki/McLaren,McLaren,British,4959488.0,+12.429,2.0,51.0,1:28.748,kph,238.964,2024,12,British Grand Prix,2024-07-07,silverstone,mclaren,1
1103,55,5,5,11,7,52,Finished,sainz,55,SAI,http://en.wikipedia.org/wiki/Carlos_Sainz_Jr.,Carlos,Sainz,1994-09-01,Spanish,ferrari,https://en.wikipedia.org/wiki/Scuderia_Ferrari,Ferrari,Italian,4994377.0,+47.318,1.0,52.0,1:28.293,kph,240.195,2024,12,British Grand Prix,2024-07-07,silverstone,ferrari,1
1104,27,6,6,8,6,52,Finished,hulkenberg,27,HUL,http://en.wikipedia.org/wiki/Nico_H%C3%BClkenberg,Nico,Hülkenberg,1987-08-19,German,haas,https://en.wikipedia.org/wiki/Haas_F1_Team,Haas F1 Team,American,5002781.0,+55.722,10.0,43.0,1:29.836,kph,236.07,2024,12,British Grand Prix,2024-07-07,silverstone,haas,1
1105,18,7,7,6,8,52,Finished,stroll,18,STR,http://en.wikipedia.org/wiki/Lance_Stroll,Lance,Stroll,1998-10-29,Canadian,aston_martin,https://en.wikipedia.org/wiki/Aston_Martin_in_Formula_One,Aston Martin,British,5003628.0,+56.569,11.0,46.0,1:29.897,kph,235.909,2024,12,British Grand Prix,2024-07-07,silverstone,aston_martin,1
1106,14,8,8,4,10,52,Finished,alonso,14,ALO,http://en.wikipedia.org/wiki/Fernando_Alonso,Fernando,Alonso,1981-07-29,Spanish,aston_martin,https://en.wikipedia.org/wiki/Aston_Martin_in_Formula_One,Aston Martin,British,5010636.0,+1:03.577,7.0,47.0,1:29.710,kph,236.401,2024,12,British Grand Prix,2024-07-07,silverstone,aston_martin,1
1107,23,9,9,2,9,52,Finished,albon,23,ALB,http://en.wikipedia.org/wiki/Alexander_Albon,Alexander,Albon,1996-03-23,Thai,williams,https://en.wikipedia.org/wiki/Williams_Racing,Williams,British,5015446.0,+1:08.387,8.0,52.0,1:29.718,kph,236.38,2024,12,British Grand Prix,2024-07-07,silverstone,williams,1
1108,22,10,10,1,13,52,Finished,tsunoda,22,TSU,http://en.wikipedia.org/wiki/Yuki_Tsunoda,Yuki,Tsunoda,2000-05-11,Japanese,rb,https://en.wikipedia.org/wiki/Racing_Bulls,RB F1 Team,Italian,5026362.0,+1:19.303,14.0,43.0,1:30.229,kph,235.041,2024,12,British Grand Prix,2024-07-07,silverstone,rb,1
1109,2,11,11,0,12,52,Finished,sargeant,2,SAR,http://en.wikipedia.org/wiki/Logan_Sargeant,Logan,Sargeant,2000-12-31,American,williams,https://en.wikipedia.org/wiki/Williams_Racing,Williams,British,5036019.0,+1:28.960,12.0,42.0,1:29.972,kph,235.713,2024,12,British Grand Prix,2024-07-07,silverstone,williams,1
1110,20,12,12,0,17,52,Finished,kevin_magnussen,20,MAG,http://en.wikipedia.org/wiki/Kevin_Magnussen,Kevin,Magnussen,1992-10-05,Danish,haas,https://en.wikipedia.org/wiki/Haas_F1_Team,Haas F1 Team,American,5037212.0,+1:30.153,13.0,42.0,1:30.093,kph,235.396,2024,12,British Grand Prix,2024-07-07,silverstone,haas,1
1111,3,13,13,0,15,51,Lapped,ricciardo,3,RIC,http://en.wikipedia.org/wiki/Daniel_Ricciardo,Daniel,Ricciardo,1989-07-01,Australian,rb,https://en.wikipedia.org/wiki/Racing_Bulls,RB F1 Team,Italian,4956996.0,+9.937,15.0,47.0,1:30.735,kph,233.731,2024,12,British Grand Prix,2024-07-07,silverstone,rb,1
1112,16,14,14,0,11,51,Lapped,leclerc,16,LEC,http://en.wikipedia.org/wiki/Charles_Leclerc,Charles,Leclerc,1997-10-16,Monegasque,ferrari,https://en.wikipedia.org/wiki/Scuderia_Ferrari,Ferrari,Italian,4987532.0,+40.473,9.0,43.0,1:29.748,kph,236.301,2024,12,British Grand Prix,2024-07-07,silverstone,ferrari,1
1113,77,15,15,0,16,51,Lapped,bottas,77,BOT,http://en.wikipedia.org/wiki/Valtteri_Bottas,Valtteri,Bottas,1989-08-28,Finnish,sauber,https://en.wikipedia.org/wiki/Sauber_Motorsport,Sauber,Swiss,4988880.0,+41.821,18.0,44.0,1:31.277,kph,232.343,2024,12,British Grand Prix,2024-07-07,silverstone,audi,1
1114,31,16,16,0,18,50,Lapped,ocon,31,OCO,http://en.wikipedia.org/wiki/Esteban_Ocon,Esteban,Ocon,1996-09-17,French,alpine,https://en.wikipedia.org/wiki/Alpine_F1_Team,Alpine F1 Team,French,4957741.0,+10.682,16.0,46.0,1:30.875,kph,233.371,2024,12,British Grand Prix,2024-07-07,silverstone,alpine,1
1115,11,17,17,0,20,50,Lapped,perez,11,PER,http://en.wikipedia.org/wiki/Sergio_P%C3%A9rez,Sergio,Pérez,1990-01-26,Mexican,red_bull,https://en.wikipedia.org/wiki/Red_Bull_Racing,Red Bull,Austrian,4965064.0,+18.005,6.0,50.0,1:29.707,kph,236.409,2024,12,British Grand Prix,2024-07-07,silverstone,red_bull,1
1116,24,18,18,0,14,50,Lapped,zhou,24,ZHO,http://en.wikipedia.org/wiki/Zhou_Guanyu,Guanyu,Zhou,1999-05-30,Chinese,sauber,https://en.wikipedia.org/wiki/Sauber_Motorsport,Sauber,Swiss,5001535.0,+54.476,17.0,43.0,1:31.014,kph,233.014,2024,12,British Grand Prix,2024-07-07,silverstone,audi,1
1117,63,19,R,0,1,33,Retired,russell,63,RUS,http://en.wikipedia.org/wiki/George_Russell_(racing_driver),George,Russell,1998-02-15,British,mercedes,https://en.wikipedia.org/wiki/Mercedes-Benz_in_Formula_One,Mercedes,German,,,19.0,3.0,1:31.298,kph,232.289,2024,12,British Grand Prix,2024-07-07,silverstone,mercedes,0
1118,10,20,W,0,19,0,Did not start,gasly,10,GAS,http://en.wikipedia.org/wiki/Pierre_Gasly,Pierre,Gasly,1996-02-07,French,alpine,https://en.wikipedia.org/wiki/Alpine_F1_Team,Alpine F1 Team,French,,,,,,,,2024,12,British Grand Prix,2024-07-07,silverstone,alpine,0
1119,81,1,1,25,2,70,Finished,piastri,81,PIA,http://en.wikipedia.org/wiki/Oscar_Piastri,Oscar,Piastri,2001-04-06,Australian,mclaren,https://en.wikipedia.org/wiki/McLaren,McLaren,British,5881989.0,1:38:01.989,8.0,51.0,1:21.716,kph,193.005,2024,13,Hungarian Grand Prix,2024-07-21,hungaroring,mclaren,1
1120,4,2,2,18,1,70,Finished,norris,1,NOR,http://en.wikipedia.org/wiki/Lando_Norris,Lando,Norris,1999-11-13,British,mclaren,https://en.wikipedia.org/wiki/McLaren,McLaren,British,5884130.0,+2.141,7.0,50.0,1:21.712,kph,193.014,2024,13,Hungarian Grand Prix,2024-07-21,hungaroring,mclaren,1
1121,44,3,3,15,5,70,Finished,hamilton,44,HAM,http://en.wikipedia.org/wiki/Lewis_Hamilton,Lewis,Hamilton,1985-01-07,British,mercedes,https://en.wikipedia.org/wiki/Mercedes-Benz_in_Formula_One,Mercedes,German,5896869.0,+14.880,9.0,54.0,1:22.153,kph,191.978,2024,13,Hungarian Grand Prix,2024-07-21,hungaroring,mercedes,1
1122,16,4,4,12,6,70,Finished,leclerc,16,LEC,http://en.wikipedia.org/wiki/Charles_Leclerc,Charles,Leclerc,1997-10-16,Monegasque,ferrari,https://en.wikipedia.org/wiki/Scuderia_Ferrari,Ferrari,Italian,5901675.0,+19.686,10.0,29.0,1:22.182,kph,191.91,2024,13,Hungarian Grand Prix,2024-07-21,hungaroring,ferrari,1
1123,1,5,5,10,3,70,Finished,max_verstappen,3,VER,http://en.wikipedia.org/wiki/Max_Verstappen,Max,Verstappen,1997-09-30,Dutch,red_bull,https://en.wikipedia.org/wiki/Red_Bull_Racing,Red Bull,Austrian,5903338.0,+21.349,3.0,51.0,1:20.908,kph,194.932,2024,13,Hungarian Grand Prix,2024-07-21,hungaroring,red_bull,1
1124,55,6,6,8,4,70,Finished,sainz,55,SAI,http://en.wikipedia.org/wiki/Carlos_Sainz_Jr.,Carlos,Sainz,1994-09-01,Spanish,ferrari,https://en.wikipedia.org/wiki/Scuderia_Ferrari,Ferrari,Italian,5905062.0,+23.073,5.0,53.0,1:21.441,kph,193.656,2024,13,Hungarian Grand Prix,2024-07-21,hungaroring,ferrari,1
1125,11,7,7,6,16,70,Finished,perez,11,PER,http://en.wikipedia.org/wiki/Sergio_P%C3%A9rez,Sergio,Pérez,1990-01-26,Mexican,red_bull,https://en.wikipedia.org/wiki/Red_Bull_Racing,Red Bull,Austrian,5921781.0,+39.792,4.0,49.0,1:21.096,kph,194.48,2024,13,Hungarian Grand Prix,2024-07-21,hungaroring,red_bull,1
1126,63,8,8,5,17,70,Finished,russell,63,RUS,http://en.wikipedia.org/wiki/George_Russell_(racing_driver),George,Russell,1998-02-15,British,mercedes,https://en.wikipedia.org/wiki/Mercedes-Benz_in_Formula_One,Mercedes,German,5924357.0,+42.368,1.0,55.0,1:20.305,kph,196.396,2024,13,Hungarian Grand Prix,2024-07-21,hungaroring,mercedes,1
1127,22,9,9,2,10,70,Finished,tsunoda,22,TSU,http://en.wikipedia.org/wiki/Yuki_Tsunoda,Yuki,Tsunoda,2000-05-11,Japanese,rb,https://en.wikipedia.org/wiki/Racing_Bulls,RB F1 Team,Italian,5959248.0,+1:17.259,18.0,57.0,1:23.533,kph,188.806,2024,13,Hungarian Grand Prix,2024-07-21,hungaroring,rb,1
1128,18,10,10,1,8,70,Finished,stroll,18,STR,http://en.wikipedia.org/wiki/Lance_Stroll,Lance,Stroll,1998-10-29,Canadian,aston_martin,https://en.wikipedia.org/wiki/Aston_Martin_in_Formula_One,Aston Martin,British,5959965.0,+1:17.976,11.0,48.0,1:22.338,kph,191.547,2024,13,Hungarian Grand Prix,2024-07-21,hungaroring,aston_martin,1
1129,14,11,11,0,7,70,Finished,alonso,14,ALO,http://en.wikipedia.org/wiki/Fernando_Alonso,Fernando,Alonso,1981-07-29,Spanish,aston_martin,https://en.wikipedia.org/wiki/Aston_Martin_in_Formula_One,Aston Martin,British,5964449.0,+1:22.460,14.0,52.0,1:23.063,kph,189.875,2024,13,Hungarian Grand Prix,2024-07-21,hungaroring,aston_martin,1
1130,3,12,12,0,9,69,Lapped,ricciardo,3,RIC,http://en.wikipedia.org/wiki/Daniel_Ricciardo,Daniel,Ricciardo,1989-07-01,Australian,rb,https://en.wikipedia.org/wiki/Racing_Bulls,RB F1 Team,Italian,5899913.0,+17.924,12.0,30.0,1:22.640,kph,190.847,2024,13,Hungarian Grand Prix,2024-07-21,hungaroring,rb,1
1131,27,13,13,0,11,69,Lapped,hulkenberg,27,HUL,http://en.wikipedia.org/wiki/Nico_H%C3%BClkenberg,Nico,Hülkenberg,1987-08-19,German,haas,https://en.wikipedia.org/wiki/Haas_F1_Team,Haas F1 Team,American,5915173.0,+33.184,16.0,54.0,1:23.461,kph,188.969,2024,13,Hungarian Grand Prix,2024-07-21,hungaroring,haas,1
1132,23,14,14,0,13,69,Lapped,albon,23,ALB,http://en.wikipedia.org/wiki/Alexander_Albon,Alexander,Albon,1996-03-23,Thai,williams,https://en.wikipedia.org/wiki/Williams_Racing,Williams,British,5918758.0,+36.769,20.0,31.0,1:23.930,kph,187.913,2024,13,Hungarian Grand Prix,2024-07-21,hungaroring,williams,1
1133,20,15,15,0,15,69,Lapped,kevin_magnussen,20,MAG,http://en.wikipedia.org/wiki/Kevin_Magnussen,Kevin,Magnussen,1992-10-05,Danish,haas,https://en.wikipedia.org/wiki/Haas_F1_Team,Haas F1 Team,American,5927291.0,+45.302,19.0,50.0,1:23.553,kph,188.761,2024,13,Hungarian Grand Prix,2024-07-21,hungaroring,haas,1
1134,77,16,16,0,12,69,Lapped,bottas,77,BOT,http://en.wikipedia.org/wiki/Valtteri_Bottas,Valtteri,Bottas,1989-08-28,Finnish,sauber,https://en.wikipedia.org/wiki/Sauber_Motorsport,Sauber,Swiss,5927398.0,+45.409,13.0,52.0,1:22.792,kph,190.496,2024,13,Hungarian Grand Prix,2024-07-21,hungaroring,audi,1
1135,2,17,17,0,14,69,Lapped,sargeant,2,SAR,http://en.wikipedia.org/wiki/Logan_Sargeant,Logan,Sargeant,2000-12-31,American,williams,https://en.wikipedia.org/wiki/Williams_Racing,Williams,British,5934580.0,+52.591,2.0,65.0,1:20.561,kph,195.772,2024,13,Hungarian Grand Prix,2024-07-21,hungaroring,williams,1
1136,31,18,18,0,19,69,Lapped,ocon,31,OCO,http://en.wikipedia.org/wiki/Esteban_Ocon,Esteban,Ocon,1996-09-17,French,alpine,https://en.wikipedia.org/wiki/Alpine_F1_Team,Alpine F1 Team,French,5942918.0,+1:00.929,6.0,66.0,1:21.610,kph,193.255,2024,13,Hungarian Grand Prix,2024-07-21,hungaroring,alpine,1
1137,24,19,19,0,18,69,Lapped,zhou,24,ZHO,http://en.wikipedia.org/wiki/Zhou_Guanyu,Guanyu,Zhou,1999-05-30,Chinese,sauber,https://en.wikipedia.org/wiki/Sauber_Motorsport,Sauber,Swiss,5945587.0,+1:03.598,17.0,38.0,1:23.487,kph,188.91,2024,13,Hungarian Grand Prix,2024-07-21,hungaroring,audi,1
1138,10,20,R,0,20,33,Retired,gasly,10,GAS,http://en.wikipedia.org/wiki/Pierre_Gasly,Pierre,Gasly,1996-02-07,French,alpine,https://en.wikipedia.org/wiki/Alpine_F1_Team,Alpine F1 Team,French,,,15.0,31.0,1:23.340,kph,189.244,2024,13,Hungarian Grand Prix,2024-07-21,hungaroring,alpine,0
1139,44,1,1,25,3,44,Finished,hamilton,44,HAM,http://en.wikipedia.org/wiki/Lewis_Hamilton,Lewis,Hamilton,1985-01-07,British,mercedes,https://en.wikipedia.org/wiki/Mercedes-Benz_in_Formula_One,Mercedes,German,4797566.0,1:19:57.566,6.0,33.0,1:46.653,kph,236.415,2024,14,Belgian Grand Prix,2024-07-28,spa,mercedes,1
1140,81,2,2,18,5,44,Finished,piastri,81,PIA,http://en.wikipedia.org/wiki/Oscar_Piastri,Oscar,Piastri,2001-04-06,Australian,mclaren,https://en.wikipedia.org/wiki/McLaren,McLaren,British,4798213.0,+0.647,3.0,32.0,1:45.840,kph,238.231,2024,14,Belgian Grand Prix,2024-07-28,spa,mclaren,1
1141,16,3,3,15,1,44,Finished,leclerc,16,LEC,http://en.wikipedia.org/wiki/Charles_Leclerc,Charles,Leclerc,1997-10-16,Monegasque,ferrari,https://en.wikipedia.org/wiki/Scuderia_Ferrari,Ferrari,Italian,4805589.0,+8.023,8.0,33.0,1:47.013,kph,235.619,2024,14,Belgian Grand Prix,2024-07-28,spa,ferrari,1
1142,1,4,4,12,11,44,Finished,max_verstappen,3,VER,http://en.wikipedia.org/wiki/Max_Verstappen,Max,Verstappen,1997-09-30,Dutch,red_bull,https://en.wikipedia.org/wiki/Red_Bull_Racing,Red Bull,Austrian,4806266.0,+8.700,4.0,32.0,1:46.128,kph,237.584,2024,14,Belgian Grand Prix,2024-07-28,spa,red_bull,1
1143,4,5,5,10,4,44,Finished,norris,1,NOR,http://en.wikipedia.org/wiki/Lando_Norris,Lando,Norris,1999-11-13,British,mclaren,https://en.wikipedia.org/wiki/McLaren,McLaren,British,4806890.0,+9.324,2.0,31.0,1:45.563,kph,238.856,2024,14,Belgian Grand Prix,2024-07-28,spa,mclaren,1
1144,55,6,6,8,7,44,Finished,sainz,55,SAI,http://en.wikipedia.org/wiki/Carlos_Sainz_Jr.,Carlos,Sainz,1994-09-01,Spanish,ferrari,https://en.wikipedia.org/wiki/Scuderia_Ferrari,Ferrari,Italian,4816835.0,+19.269,5.0,44.0,1:46.364,kph,237.057,2024,14,Belgian Grand Prix,2024-07-28,spa,ferrari,1
1145,11,7,7,7,2,44,Finished,perez,11,PER,http://en.wikipedia.org/wiki/Sergio_P%C3%A9rez,Sergio,Pérez,1990-01-26,Mexican,red_bull,https://en.wikipedia.org/wiki/Red_Bull_Racing,Red Bull,Austrian,4840235.0,+42.669,1.0,44.0,1:44.701,kph,240.822,2024,14,Belgian Grand Prix,2024-07-28,spa,red_bull,1
1146,14,8,8,4,8,44,Finished,alonso,14,ALO,http://en.wikipedia.org/wiki/Fernando_Alonso,Fernando,Alonso,1981-07-29,Spanish,aston_martin,https://en.wikipedia.org/wiki/Aston_Martin_in_Formula_One,Aston Martin,British,4847003.0,+49.437,17.0,42.0,1:48.051,kph,233.356,2024,14,Belgian Grand Prix,2024-07-28,spa,aston_martin,1
1147,31,9,9,2,9,44,Finished,ocon,31,OCO,http://en.wikipedia.org/wiki/Esteban_Ocon,Esteban,Ocon,1996-09-17,French,alpine,https://en.wikipedia.org/wiki/Alpine_F1_Team,Alpine F1 Team,French,4849592.0,+52.026,7.0,43.0,1:46.957,kph,235.743,2024,14,Belgian Grand Prix,2024-07-28,spa,alpine,1
1148,3,10,10,1,13,44,Finished,ricciardo,3,RIC,http://en.wikipedia.org/wiki/Daniel_Ricciardo,Daniel,Ricciardo,1989-07-01,Australian,rb,https://en.wikipedia.org/wiki/Racing_Bulls,RB F1 Team,Italian,4851966.0,+54.400,12.0,37.0,1:47.435,kph,234.694,2024,14,Belgian Grand Prix,2024-07-28,spa,rb,1
1149,18,11,11,0,15,44,Finished,stroll,18,STR,http://en.wikipedia.org/wiki/Lance_Stroll,Lance,Stroll,1998-10-29,Canadian,aston_martin,https://en.wikipedia.org/wiki/Aston_Martin_in_Formula_One,Aston Martin,British,4860051.0,+1:02.485,18.0,44.0,1:48.105,kph,233.239,2024,14,Belgian Grand Prix,2024-07-28,spa,aston_martin,1
1150,23,12,12,0,10,44,Finished,albon,23,ALB,http://en.wikipedia.org/wiki/Alexander_Albon,Alexander,Albon,1996-03-23,Thai,williams,https://en.wikipedia.org/wiki/Williams_Racing,Williams,British,4860691.0,+1:03.125,16.0,44.0,1:47.996,kph,233.475,2024,14,Belgian Grand Prix,2024-07-28,spa,williams,1
1151,10,13,13,0,12,44,Finished,gasly,10,GAS,http://en.wikipedia.org/wiki/Pierre_Gasly,Pierre,Gasly,1996-02-07,French,alpine,https://en.wikipedia.org/wiki/Alpine_F1_Team,Alpine F1 Team,French,4861405.0,+1:03.839,11.0,30.0,1:47.418,kph,234.731,2024,14,Belgian Grand Prix,2024-07-28,spa,alpine,1
1152,20,14,14,0,17,44,Finished,kevin_magnussen,20,MAG,http://en.wikipedia.org/wiki/Kevin_Magnussen,Kevin,Magnussen,1992-10-05,Danish,haas,https://en.wikipedia.org/wiki/Haas_F1_Team,Haas F1 Team,American,4863671.0,+1:06.105,14.0,44.0,1:47.848,kph,233.795,2024,14,Belgian Grand Prix,2024-07-28,spa,haas,1
1153,77,15,15,0,14,44,Finished,bottas,77,BOT,http://en.wikipedia.org/wiki/Valtteri_Bottas,Valtteri,Bottas,1989-08-28,Finnish,sauber,https://en.wikipedia.org/wiki/Sauber_Motorsport,Sauber,Swiss,4867678.0,+1:10.112,9.0,37.0,1:47.019,kph,235.606,2024,14,Belgian Grand Prix,2024-07-28,spa,audi,1
1154,22,16,16,0,20,44,Finished,tsunoda,22,TSU,http://en.wikipedia.org/wiki/Yuki_Tsunoda,Yuki,Tsunoda,2000-05-11,Japanese,rb,https://en.wikipedia.org/wiki/Racing_Bulls,RB F1 Team,Italian,4873777.0,+1:16.211,15.0,44.0,1:47.969,kph,233.533,2024,14,Belgian Grand Prix,2024-07-28,spa,rb,1
1155,2,17,17,0,18,44,Finished,sargeant,2,SAR,http://en.wikipedia.org/wiki/Logan_Sargeant,Logan,Sargeant,2000-12-31,American,williams,https://en.wikipedia.org/wiki/Williams_Racing,Williams,British,4883097.0,+1:25.531,13.0,43.0,1:47.490,kph,234.574,2024,14,Belgian Grand Prix,2024-07-28,spa,williams,1
1156,27,18,18,0,16,44,Finished,hulkenberg,27,HUL,http://en.wikipedia.org/wiki/Nico_H%C3%BClkenberg,Nico,Hülkenberg,1987-08-19,German,haas,https://en.wikipedia.org/wiki/Haas_F1_Team,Haas F1 Team,American,4885873.0,+1:28.307,19.0,44.0,1:48.954,kph,231.422,2024,14,Belgian Grand Prix,2024-07-28,spa,haas,1
1157,24,19,R,0,19,5,Retired,zhou,24,ZHO,http://en.wikipedia.org/wiki/Zhou_Guanyu,Guanyu,Zhou,1999-05-30,Chinese,sauber,https://en.wikipedia.org/wiki/Sauber_Motorsport,Sauber,Swiss,,,20.0,2.0,1:52.099,kph,224.929,2024,14,Belgian Grand Prix,2024-07-28,spa,audi,0
1158,63,20,20,0,6,44,Disqualified,russell,63,RUS,http://en.wikipedia.org/wiki/George_Russell_(racing_driver),George,Russell,1998-02-15,British,mercedes,https://en.wikipedia.org/wiki/Mercedes-Benz_in_Formula_One,Mercedes,German,4797040.0,,10.0,44.0,1:47.113,kph,235.399,2024,14,Belgian Grand Prix,2024-07-28,spa,mercedes,0
1159,4,1,1,26,1,72,Finished,norris,1,NOR,http://en.wikipedia.org/wiki/Lando_Norris,Lando,Norris,1999-11-13,British,mclaren,https://en.wikipedia.org/wiki/McLaren,McLaren,British,5445519.0,1:30:45.519,1.0,72.0,1:13.817,kph,207.708,2024,15,Dutch Grand Prix,2024-08-25,zandvoort,mclaren,1
1160,1,2,2,18,2,72,Finished,max_verstappen,3,VER,http://en.wikipedia.org/wiki/Max_Verstappen,Max,Verstappen,1997-09-30,Dutch,red_bull,https://en.wikipedia.org/wiki/Red_Bull_Racing,Red Bull,Austrian,5468415.0,+22.896,9.0,30.0,1:14.752,kph,205.11,2024,15,Dutch Grand Prix,2024-08-25,zandvoort,red_bull,1
1161,16,3,3,15,6,72,Finished,leclerc,16,LEC,http://en.wikipedia.org/wiki/Charles_Leclerc,Charles,Leclerc,1997-10-16,Monegasque,ferrari,https://en.wikipedia.org/wiki/Scuderia_Ferrari,Ferrari,Italian,5470958.0,+25.439,7.0,62.0,1:14.585,kph,205.569,2024,15,Dutch Grand Prix,2024-08-25,zandvoort,ferrari,1
1162,81,4,4,12,3,72,Finished,piastri,81,PIA,http://en.wikipedia.org/wiki/Oscar_Piastri,Oscar,Piastri,2001-04-06,Australian,mclaren,https://en.wikipedia.org/wiki/McLaren,McLaren,British,5472856.0,+27.337,5.0,36.0,1:14.237,kph,206.533,2024,15,Dutch Grand Prix,2024-08-25,zandvoort,mclaren,1
1163,55,5,5,10,10,72,Finished,sainz,55,SAI,http://en.wikipedia.org/wiki/Carlos_Sainz_Jr.,Carlos,Sainz,1994-09-01,Spanish,ferrari,https://en.wikipedia.org/wiki/Scuderia_Ferrari,Ferrari,Italian,5477656.0,+32.137,4.0,40.0,1:14.117,kph,206.867,2024,15,Dutch Grand Prix,2024-08-25,zandvoort,ferrari,1
1164,11,6,6,8,5,72,Finished,perez,11,PER,http://en.wikipedia.org/wiki/Sergio_P%C3%A9rez,Sergio,Pérez,1990-01-26,Mexican,red_bull,https://en.wikipedia.org/wiki/Red_Bull_Racing,Red Bull,Austrian,5485061.0,+39.542,8.0,69.0,1:14.587,kph,205.563,2024,15,Dutch Grand Prix,2024-08-25,zandvoort,red_bull,1
1165,63,7,7,6,4,72,Finished,russell,63,RUS,http://en.wikipedia.org/wiki/George_Russell_(racing_driver),George,Russell,1998-02-15,British,mercedes,https://en.wikipedia.org/wiki/Mercedes-Benz_in_Formula_One,Mercedes,German,5490136.0,+44.617,3.0,57.0,1:13.927,kph,207.399,2024,15,Dutch Grand Prix,2024-08-25,zandvoort,mercedes,1
1166,44,8,8,4,14,72,Finished,hamilton,44,HAM,http://en.wikipedia.org/wiki/Lewis_Hamilton,Lewis,Hamilton,1985-01-07,British,mercedes,https://en.wikipedia.org/wiki/Mercedes-Benz_in_Formula_One,Mercedes,German,5495118.0,+49.599,2.0,62.0,1:13.878,kph,207.536,2024,15,Dutch Grand Prix,2024-08-25,zandvoort,mercedes,1
1167,10,9,9,2,9,71,Lapped,gasly,10,GAS,http://en.wikipedia.org/wiki/Pierre_Gasly,Pierre,Gasly,1996-02-07,French,alpine,https://en.wikipedia.org/wiki/Alpine_F1_Team,Alpine F1 Team,French,5454123.0,+8.604,11.0,54.0,1:14.855,kph,204.828,2024,15,Dutch Grand Prix,2024-08-25,zandvoort,alpine,1
1168,14,10,10,1,7,71,Lapped,alonso,14,ALO,http://en.wikipedia.org/wiki/Fernando_Alonso,Fernando,Alonso,1981-07-29,Spanish,aston_martin,https://en.wikipedia.org/wiki/Aston_Martin_in_Formula_One,Aston Martin,British,5459052.0,+13.533,10.0,34.0,1:14.758,kph,205.093,2024,15,Dutch Grand Prix,2024-08-25,zandvoort,aston_martin,1
1169,27,11,11,0,12,71,Lapped,hulkenberg,27,HUL,http://en.wikipedia.org/wiki/Nico_H%C3%BClkenberg,Nico,Hülkenberg,1987-08-19,German,haas,https://en.wikipedia.org/wiki/Haas_F1_Team,Haas F1 Team,American,5464733.0,+19.214,18.0,59.0,1:15.657,kph,202.656,2024,15,Dutch Grand Prix,2024-08-25,zandvoort,haas,1
1170,3,12,12,0,13,71,Lapped,ricciardo,3,RIC,http://en.wikipedia.org/wiki/Daniel_Ricciardo,Daniel,Ricciardo,1989-07-01,Australian,rb,https://en.wikipedia.org/wiki/Racing_Bulls,RB F1 Team,Italian,5466586.0,+21.067,13.0,52.0,1:15.222,kph,203.828,2024,15,Dutch Grand Prix,2024-08-25,zandvoort,rb,1
1171,18,13,13,0,8,71,Lapped,stroll,18,STR,http://en.wikipedia.org/wiki/Lance_Stroll,Lance,Stroll,1998-10-29,Canadian,aston_martin,https://en.wikipedia.org/wiki/Aston_Martin_in_Formula_One,Aston Martin,British,5471231.0,+25.712,14.0,51.0,1:15.255,kph,203.739,2024,15,Dutch Grand Prix,2024-08-25,zandvoort,aston_martin,1
1172,23,14,14,0,19,71,Lapped,albon,23,ALB,http://en.wikipedia.org/wiki/Alexander_Albon,Alexander,Albon,1996-03-23,Thai,williams,https://en.wikipedia.org/wiki/Williams_Racing,Williams,British,5486230.0,+40.711,6.0,71.0,1:14.434,kph,205.986,2024,15,Dutch Grand Prix,2024-08-25,zandvoort,williams,1
1173,31,15,15,0,15,71,Lapped,ocon,31,OCO,http://en.wikipedia.org/wiki/Esteban_Ocon,Esteban,Ocon,1996-09-17,French,alpine,https://en.wikipedia.org/wiki/Alpine_F1_Team,Alpine F1 Team,French,5492397.0,+46.878,15.0,50.0,1:15.390,kph,203.374,2024,15,Dutch Grand Prix,2024-08-25,zandvoort,alpine,1
1174,2,16,16,0,18,71,Lapped,sargeant,2,SAR,http://en.wikipedia.org/wiki/Logan_Sargeant,Logan,Sargeant,2000-12-31,American,williams,https://en.wikipedia.org/wiki/Williams_Racing,Williams,British,5510058.0,+1:04.539,16.0,26.0,1:15.539,kph,202.973,2024,15,Dutch Grand Prix,2024-08-25,zandvoort,williams,1
1175,22,17,17,0,11,71,Lapped,tsunoda,22,TSU,http://en.wikipedia.org/wiki/Yuki_Tsunoda,Yuki,Tsunoda,2000-05-11,Japanese,rb,https://en.wikipedia.org/wiki/Racing_Bulls,RB F1 Team,Italian,5510665.0,+1:05.146,17.0,16.0,1:15.552,kph,202.938,2024,15,Dutch Grand Prix,2024-08-25,zandvoort,rb,1
1176,20,18,18,0,20,71,Lapped,kevin_magnussen,20,MAG,http://en.wikipedia.org/wiki/Kevin_Magnussen,Kevin,Magnussen,1992-10-05,Danish,haas,https://en.wikipedia.org/wiki/Haas_F1_Team,Haas F1 Team,American,5511226.0,+1:05.707,12.0,42.0,1:14.954,kph,204.557,2024,15,Dutch Grand Prix,2024-08-25,zandvoort,haas,1
1177,77,19,19,0,16,70,Lapped,bottas,77,BOT,http://en.wikipedia.org/wiki/Valtteri_Bottas,Valtteri,Bottas,1989-08-28,Finnish,sauber,https://en.wikipedia.org/wiki/Sauber_Motorsport,Sauber,Swiss,5448767.0,+3.248,20.0,45.0,1:15.822,kph,202.215,2024,15,Dutch Grand Prix,2024-08-25,zandvoort,audi,1
1178,24,20,20,0,17,70,Lapped,zhou,24,ZHO,http://en.wikipedia.org/wiki/Zhou_Guanyu,Guanyu,Zhou,1999-05-30,Chinese,sauber,https://en.wikipedia.org/wiki/Sauber_Motorsport,Sauber,Swiss,5481538.0,+36.019,19.0,67.0,1:15.724,kph,202.477,2024,15,Dutch Grand Prix,2024-08-25,zandvoort,audi,1
1179,16,1,1,25,4,53,Finished,leclerc,16,LEC,http://en.wikipedia.org/wiki/Charles_Leclerc,Charles,Leclerc,1997-10-16,Monegasque,ferrari,https://en.wikipedia.org/wiki/Scuderia_Ferrari,Ferrari,Italian,4480727.0,1:14:40.727,10.0,33.0,1:23.226,kph,250.58,2024,16,Italian Grand Prix,2024-09-01,monza,ferrari,1
1180,81,2,2,18,2,53,Finished,piastri,81,PIA,http://en.wikipedia.org/wiki/Oscar_Piastri,Oscar,Piastri,2001-04-06,Australian,mclaren,https://en.wikipedia.org/wiki/McLaren,McLaren,British,4483391.0,+2.664,4.0,53.0,1:21.943,kph,254.503,2024,16,Italian Grand Prix,2024-09-01,monza,mclaren,1
1181,4,3,3,16,1,53,Finished,norris,1,NOR,http://en.wikipedia.org/wiki/Lando_Norris,Lando,Norris,1999-11-13,British,mclaren,https://en.wikipedia.org/wiki/McLaren,McLaren,British,4486880.0,+6.153,1.0,53.0,1:21.432,kph,256.1,2024,16,Italian Grand Prix,2024-09-01,monza,mclaren,1
1182,55,4,4,12,5,53,Finished,sainz,55,SAI,http://en.wikipedia.org/wiki/Carlos_Sainz_Jr.,Carlos,Sainz,1994-09-01,Spanish,ferrari,https://en.wikipedia.org/wiki/Scuderia_Ferrari,Ferrari,Italian,4496348.0,+15.621,9.0,53.0,1:23.219,kph,250.601,2024,16,Italian Grand Prix,2024-09-01,monza,ferrari,1
1183,44,5,5,10,6,53,Finished,hamilton,44,HAM,http://en.wikipedia.org/wiki/Lewis_Hamilton,Lewis,Hamilton,1985-01-07,British,mercedes,https://en.wikipedia.org/wiki/Mercedes-Benz_in_Formula_One,Mercedes,German,4503547.0,+22.820,2.0,53.0,1:21.512,kph,255.849,2024,16,Italian Grand Prix,2024-09-01,monza,mercedes,1
1184,1,6,6,8,7,53,Finished,max_verstappen,3,VER,http://en.wikipedia.org/wiki/Max_Verstappen,Max,Verstappen,1997-09-30,Dutch,red_bull,https://en.wikipedia.org/wiki/Red_Bull_Racing,Red Bull,Austrian,4518659.0,+37.932,3.0,43.0,1:21.745,kph,255.12,2024,16,Italian Grand Prix,2024-09-01,monza,red_bull,1
1185,63,7,7,6,3,53,Finished,russell,63,RUS,http://en.wikipedia.org/wiki/George_Russell_(racing_driver),George,Russell,1998-02-15,British,mercedes,https://en.wikipedia.org/wiki/Mercedes-Benz_in_Formula_One,Mercedes,German,4520442.0,+39.715,5.0,49.0,1:22.036,kph,254.215,2024,16,Italian Grand Prix,2024-09-01,monza,mercedes,1
1186,11,8,8,4,8,53,Finished,perez,11,PER,http://en.wikipedia.org/wiki/Sergio_P%C3%A9rez,Sergio,Pérez,1990-01-26,Mexican,red_bull,https://en.wikipedia.org/wiki/Red_Bull_Racing,Red Bull,Austrian,4534875.0,+54.148,8.0,47.0,1:22.971,kph,251.35,2024,16,Italian Grand Prix,2024-09-01,monza,red_bull,1
1187,23,9,9,2,9,53,Finished,albon,23,ALB,http://en.wikipedia.org/wiki/Alexander_Albon,Alexander,Albon,1996-03-23,Thai,williams,https://en.wikipedia.org/wiki/Williams_Racing,Williams,British,4548183.0,+1:07.456,16.0,53.0,1:23.918,kph,248.514,2024,16,Italian Grand Prix,2024-09-01,monza,williams,1
1188,20,10,10,1,13,53,Finished,kevin_magnussen,20,MAG,http://en.wikipedia.org/wiki/Kevin_Magnussen,Kevin,Magnussen,1992-10-05,Danish,haas,https://en.wikipedia.org/wiki/Haas_F1_Team,Haas F1 Team,American,4549029.0,+1:08.302,12.0,51.0,1:23.437,kph,249.946,2024,16,Italian Grand Prix,2024-09-01,monza,haas,1
1189,14,11,11,0,11,53,Finished,alonso,14,ALO,http://en.wikipedia.org/wiki/Fernando_Alonso,Fernando,Alonso,1981-07-29,Spanish,aston_martin,https://en.wikipedia.org/wiki/Aston_Martin_in_Formula_One,Aston Martin,British,4549222.0,+1:08.495,7.0,46.0,1:22.944,kph,251.432,2024,16,Italian Grand Prix,2024-09-01,monza,aston_martin,1
1190,43,12,12,0,18,53,Finished,colapinto,43,COL,http://en.wikipedia.org/wiki/Franco_Colapinto,Franco,Colapinto,2003-05-27,Argentine,williams,https://en.wikipedia.org/wiki/Williams_Racing,Williams,British,4562035.0,+1:21.308,14.0,53.0,1:23.728,kph,249.077,2024,16,Italian Grand Prix,2024-09-01,monza,williams,1
1191,3,13,13,0,12,53,Finished,ricciardo,3,RIC,http://en.wikipedia.org/wiki/Daniel_Ricciardo,Daniel,Ricciardo,1989-07-01,Australian,rb,https://en.wikipedia.org/wiki/Racing_Bulls,RB F1 Team,Italian,4574179.0,+1:33.452,17.0,52.0,1:24.219,kph,247.625,2024,16,Italian Grand Prix,2024-09-01,monza,rb,1
1192,31,14,14,0,15,52,Lapped,ocon,31,OCO,http://en.wikipedia.org/wiki/Esteban_Ocon,Esteban,Ocon,1996-09-17,French,alpine,https://en.wikipedia.org/wiki/Alpine_F1_Team,Alpine F1 Team,French,4493386.0,+12.659,18.0,52.0,1:24.343,kph,247.261,2024,16,Italian Grand Prix,2024-09-01,monza,alpine,1
1193,10,15,15,0,14,52,Lapped,gasly,10,GAS,http://en.wikipedia.org/wiki/Pierre_Gasly,Pierre,Gasly,1996-02-07,French,alpine,https://en.wikipedia.org/wiki/Alpine_F1_Team,Alpine F1 Team,French,4499071.0,+18.344,15.0,51.0,1:23.755,kph,248.997,2024,16,Italian Grand Prix,2024-09-01,monza,alpine,1
1194,77,16,16,0,19,52,Lapped,bottas,77,BOT,http://en.wikipedia.org/wiki/Valtteri_Bottas,Valtteri,Bottas,1989-08-28,Finnish,sauber,https://en.wikipedia.org/wiki/Sauber_Motorsport,Sauber,Swiss,4507938.0,+27.211,13.0,52.0,1:23.609,kph,249.432,2024,16,Italian Grand Prix,2024-09-01,monza,audi,1
1195,27,17,17,0,10,52,Lapped,hulkenberg,27,HUL,http://en.wikipedia.org/wiki/Nico_H%C3%BClkenberg,Nico,Hülkenberg,1987-08-19,German,haas,https://en.wikipedia.org/wiki/Haas_F1_Team,Haas F1 Team,American,4511597.0,+30.870,11.0,44.0,1:23.275,kph,250.432,2024,16,Italian Grand Prix,2024-09-01,monza,haas,1
1196,24,18,18,0,20,52,Lapped,zhou,24,ZHO,http://en.wikipedia.org/wiki/Zhou_Guanyu,Guanyu,Zhou,1999-05-30,Chinese,sauber,https://en.wikipedia.org/wiki/Sauber_Motorsport,Sauber,Swiss,4520782.0,+40.055,19.0,17.0,1:25.092,kph,245.085,2024,16,Italian Grand Prix,2024-09-01,monza,audi,1
1197,18,19,19,0,17,52,Lapped,stroll,18,STR,http://en.wikipedia.org/wiki/Lance_Stroll,Lance,Stroll,1998-10-29,Canadian,aston_martin,https://en.wikipedia.org/wiki/Aston_Martin_in_Formula_One,Aston Martin,British,4524235.0,+43.508,6.0,52.0,1:22.232,kph,253.609,2024,16,Italian Grand Prix,2024-09-01,monza,aston_martin,1
1198,22,20,R,0,16,7,Retired,tsunoda,22,TSU,http://en.wikipedia.org/wiki/Yuki_Tsunoda,Yuki,Tsunoda,2000-05-11,Japanese,rb,https://en.wikipedia.org/wiki/Racing_Bulls,RB F1 Team,Italian,,,20.0,4.0,1:26.198,kph,241.94,2024,16,Italian Grand Prix,2024-09-01,monza,rb,0
1199,81,1,1,25,2,51,Finished,piastri,81,PIA,http://en.wikipedia.org/wiki/Oscar_Piastri,Oscar,Piastri,2001-04-06,Australian,mclaren,https://en.wikipedia.org/wiki/McLaren,McLaren,British,5578007.0,1:32:58.007,9.0,47.0,1:47.060,kph,201.856,2024,17,Azerbaijan Grand Prix,2024-09-15,baku,mclaren,1
1200,16,2,2,18,1,51,Finished,leclerc,16,LEC,http://en.wikipedia.org/wiki/Charles_Leclerc,Charles,Leclerc,1997-10-16,Monegasque,ferrari,https://en.wikipedia.org/wiki/Scuderia_Ferrari,Ferrari,Italian,5588917.0,+10.910,10.0,44.0,1:47.067,kph,201.843,2024,17,Azerbaijan Grand Prix,2024-09-15,baku,ferrari,1
1201,63,3,3,15,5,51,Finished,russell,63,RUS,http://en.wikipedia.org/wiki/George_Russell_(racing_driver),George,Russell,1998-02-15,British,mercedes,https://en.wikipedia.org/wiki/Mercedes-Benz_in_Formula_One,Mercedes,German,5609335.0,+31.328,2.0,45.0,1:46.628,kph,202.674,2024,17,Azerbaijan Grand Prix,2024-09-15,baku,mercedes,1
1202,4,4,4,13,15,51,Finished,norris,1,NOR,http://en.wikipedia.org/wiki/Lando_Norris,Lando,Norris,1999-11-13,British,mclaren,https://en.wikipedia.org/wiki/McLaren,McLaren,British,5614150.0,+36.143,1.0,42.0,1:45.255,kph,205.318,2024,17,Azerbaijan Grand Prix,2024-09-15,baku,mclaren,1
1203,1,5,5,10,6,51,Finished,max_verstappen,3,VER,http://en.wikipedia.org/wiki/Max_Verstappen,Max,Verstappen,1997-09-30,Dutch,red_bull,https://en.wikipedia.org/wiki/Red_Bull_Racing,Red Bull,Austrian,5655105.0,+1:17.098,3.0,42.0,1:46.798,kph,202.352,2024,17,Azerbaijan Grand Prix,2024-09-15,baku,red_bull,1
1204,14,6,6,8,7,51,Finished,alonso,14,ALO,http://en.wikipedia.org/wiki/Fernando_Alonso,Fernando,Alonso,1981-07-29,Spanish,aston_martin,https://en.wikipedia.org/wiki/Aston_Martin_in_Formula_One,Aston Martin,British,5663475.0,+1:25.468,8.0,48.0,1:47.057,kph,201.862,2024,17,Azerbaijan Grand Prix,2024-09-15,baku,aston_martin,1
1205,23,7,7,6,9,51,Finished,albon,23,ALB,http://en.wikipedia.org/wiki/Alexander_Albon,Alexander,Albon,1996-03-23,Thai,williams,https://en.wikipedia.org/wiki/Williams_Racing,Williams,British,5665403.0,+1:27.396,5.0,43.0,1:46.947,kph,202.07,2024,17,Azerbaijan Grand Prix,2024-09-15,baku,williams,1
1206,43,8,8,4,8,51,Finished,colapinto,43,COL,http://en.wikipedia.org/wiki/Franco_Colapinto,Franco,Colapinto,2003-05-27,Argentine,williams,https://en.wikipedia.org/wiki/Williams_Racing,Williams,British,5667548.0,+1:29.541,12.0,44.0,1:47.274,kph,201.454,2024,17,Azerbaijan Grand Prix,2024-09-15,baku,williams,1
1207,44,9,9,2,19,51,Finished,hamilton,44,HAM,http://en.wikipedia.org/wiki/Lewis_Hamilton,Lewis,Hamilton,1985-01-07,British,mercedes,https://en.wikipedia.org/wiki/Mercedes-Benz_in_Formula_One,Mercedes,German,5670408.0,+1:32.401,11.0,48.0,1:47.236,kph,201.525,2024,17,Azerbaijan Grand Prix,2024-09-15,baku,mercedes,1
1208,50,10,10,1,10,51,Finished,bearman,87,BEA,http://en.wikipedia.org/wiki/Oliver_Bearman,Oliver,Bearman,2005-05-08,British,haas,https://en.wikipedia.org/wiki/Haas_F1_Team,Haas F1 Team,American,5671134.0,+1:33.127,7.0,47.0,1:47.048,kph,201.879,2024,17,Azerbaijan Grand Prix,2024-09-15,baku,haas,1
1209,27,11,11,0,12,51,Finished,hulkenberg,27,HUL,http://en.wikipedia.org/wiki/Nico_H%C3%BClkenberg,Nico,Hülkenberg,1987-08-19,German,haas,https://en.wikipedia.org/wiki/Haas_F1_Team,Haas F1 Team,American,5671472.0,+1:33.465,14.0,42.0,1:47.691,kph,200.674,2024,17,Azerbaijan Grand Prix,2024-09-15,baku,haas,1
1210,10,12,12,0,18,51,Finished,gasly,10,GAS,http://en.wikipedia.org/wiki/Pierre_Gasly,Pierre,Gasly,1996-02-07,French,alpine,https://en.wikipedia.org/wiki/Alpine_F1_Team,Alpine F1 Team,French,5695196.0,+1:57.189,15.0,47.0,1:48.018,kph,200.066,2024,17,Azerbaijan Grand Prix,2024-09-15,baku,alpine,1
1211,3,13,13,0,14,51,Finished,ricciardo,3,RIC,http://en.wikipedia.org/wiki/Daniel_Ricciardo,Daniel,Ricciardo,1989-07-01,Australian,rb,https://en.wikipedia.org/wiki/Racing_Bulls,RB F1 Team,Italian,5724914.0,+2:26.907,17.0,39.0,1:48.380,kph,199.398,2024,17,Azerbaijan Grand Prix,2024-09-15,baku,rb,1
1212,24,14,14,0,17,51,Finished,zhou,24,ZHO,http://en.wikipedia.org/wiki/Zhou_Guanyu,Guanyu,Zhou,1999-05-30,Chinese,sauber,https://en.wikipedia.org/wiki/Sauber_Motorsport,Sauber,Swiss,5726848.0,+2:28.841,13.0,43.0,1:47.644,kph,200.761,2024,17,Azerbaijan Grand Prix,2024-09-15,baku,audi,1
1213,31,15,15,0,20,50,Lapped,ocon,31,OCO,http://en.wikipedia.org/wiki/Esteban_Ocon,Esteban,Ocon,1996-09-17,French,alpine,https://en.wikipedia.org/wiki/Alpine_F1_Team,Alpine F1 Team,French,5599351.0,+21.344,19.0,35.0,1:48.831,kph,198.572,2024,17,Azerbaijan Grand Prix,2024-09-15,baku,alpine,1
1214,77,16,16,0,16,50,Lapped,bottas,77,BOT,http://en.wikipedia.org/wiki/Valtteri_Bottas,Valtteri,Bottas,1989-08-28,Finnish,sauber,https://en.wikipedia.org/wiki/Sauber_Motorsport,Sauber,Swiss,5603402.0,+25.395,18.0,41.0,1:48.418,kph,199.328,2024,17,Azerbaijan Grand Prix,2024-09-15,baku,audi,1
1215,11,17,17,0,4,49,Retired,perez,11,PER,http://en.wikipedia.org/wiki/Sergio_P%C3%A9rez,Sergio,Pérez,1990-01-26,Mexican,red_bull,https://en.wikipedia.org/wiki/Red_Bull_Racing,Red Bull,Austrian,5321198.0,,6.0,46.0,1:47.013,kph,201.945,2024,17,Azerbaijan Grand Prix,2024-09-15,baku,red_bull,0
1216,55,18,18,0,3,49,Retired,sainz,55,SAI,http://en.wikipedia.org/wiki/Carlos_Sainz_Jr.,Carlos,Sainz,1994-09-01,Spanish,ferrari,https://en.wikipedia.org/wiki/Scuderia_Ferrari,Ferrari,Italian,5321768.0,,4.0,46.0,1:46.866,kph,202.223,2024,17,Azerbaijan Grand Prix,2024-09-15,baku,ferrari,0
1217,18,19,19,0,13,45,Retired,stroll,18,STR,http://en.wikipedia.org/wiki/Lance_Stroll,Lance,Stroll,1998-10-29,Canadian,aston_martin,https://en.wikipedia.org/wiki/Aston_Martin_in_Formula_One,Aston Martin,British,5001080.0,,16.0,31.0,1:48.148,kph,199.826,2024,17,Azerbaijan Grand Prix,2024-09-15,baku,aston_martin,0
1218,22,20,R,0,11,14,Retired,tsunoda,22,TSU,http://en.wikipedia.org/wiki/Yuki_Tsunoda,Yuki,Tsunoda,2000-05-11,Japanese,rb,https://en.wikipedia.org/wiki/Racing_Bulls,RB F1 Team,Italian,,,20.0,8.0,1:50.887,kph,194.89,2024,17,Azerbaijan Grand Prix,2024-09-15,baku,rb,0
1219,4,1,1,25,1,62,Finished,norris,1,NOR,http://en.wikipedia.org/wiki/Lando_Norris,Lando,Norris,1999-11-13,British,mclaren,https://en.wikipedia.org/wiki/McLaren,McLaren,British,6052571.0,1:40:52.571,2.0,48.0,1:34.925,kph,187.347,2024,18,Singapore Grand Prix,2024-09-22,marina_bay,mclaren,1
1220,1,2,2,18,2,62,Finished,max_verstappen,3,VER,http://en.wikipedia.org/wiki/Max_Verstappen,Max,Verstappen,1997-09-30,Dutch,red_bull,https://en.wikipedia.org/wiki/Red_Bull_Racing,Red Bull,Austrian,6073516.0,+20.945,5.0,59.0,1:35.967,kph,185.313,2024,18,Singapore Grand Prix,2024-09-22,marina_bay,red_bull,1
1221,81,3,3,15,5,62,Finished,piastri,81,PIA,http://en.wikipedia.org/wiki/Oscar_Piastri,Oscar,Piastri,2001-04-06,Australian,mclaren,https://en.wikipedia.org/wiki/McLaren,McLaren,British,6094394.0,+41.823,4.0,48.0,1:35.745,kph,185.743,2024,18,Singapore Grand Prix,2024-09-22,marina_bay,mclaren,1
1222,63,4,4,12,4,62,Finished,russell,63,RUS,http://en.wikipedia.org/wiki/George_Russell_(racing_driver),George,Russell,1998-02-15,British,mercedes,https://en.wikipedia.org/wiki/Mercedes-Benz_in_Formula_One,Mercedes,German,6113611.0,+1:01.040,10.0,30.0,1:37.047,kph,183.251,2024,18,Singapore Grand Prix,2024-09-22,marina_bay,mercedes,1
1223,16,5,5,10,9,62,Finished,leclerc,16,LEC,http://en.wikipedia.org/wiki/Charles_Leclerc,Charles,Leclerc,1997-10-16,Monegasque,ferrari,https://en.wikipedia.org/wiki/Scuderia_Ferrari,Ferrari,Italian,6115001.0,+1:02.430,3.0,46.0,1:35.371,kph,186.471,2024,18,Singapore Grand Prix,2024-09-22,marina_bay,ferrari,1
1224,44,6,6,8,3,62,Finished,hamilton,44,HAM,http://en.wikipedia.org/wiki/Lewis_Hamilton,Lewis,Hamilton,1985-01-07,British,mercedes,https://en.wikipedia.org/wiki/Mercedes-Benz_in_Formula_One,Mercedes,German,6137819.0,+1:25.248,12.0,43.0,1:37.393,kph,182.6,2024,18,Singapore Grand Prix,2024-09-22,marina_bay,mercedes,1
1225,55,7,7,6,10,62,Finished,sainz,55,SAI,http://en.wikipedia.org/wiki/Carlos_Sainz_Jr.,Carlos,Sainz,1994-09-01,Spanish,ferrari,https://en.wikipedia.org/wiki/Scuderia_Ferrari,Ferrari,Italian,6148610.0,+1:36.039,7.0,15.0,1:36.561,kph,184.173,2024,18,Singapore Grand Prix,2024-09-22,marina_bay,ferrari,1
1226,14,8,8,4,7,61,Lapped,alonso,14,ALO,http://en.wikipedia.org/wiki/Fernando_Alonso,Fernando,Alonso,1981-07-29,Spanish,aston_martin,https://en.wikipedia.org/wiki/Aston_Martin_in_Formula_One,Aston Martin,British,6053444.0,+0.873,18.0,54.0,1:37.741,kph,181.95,2024,18,Singapore Grand Prix,2024-09-22,marina_bay,aston_martin,1
1227,27,9,9,2,6,61,Lapped,hulkenberg,27,HUL,http://en.wikipedia.org/wiki/Nico_H%C3%BClkenberg,Nico,Hülkenberg,1987-08-19,German,haas,https://en.wikipedia.org/wiki/Haas_F1_Team,Haas F1 Team,American,6055711.0,+3.140,15.0,35.0,1:37.470,kph,182.456,2024,18,Singapore Grand Prix,2024-09-22,marina_bay,haas,1
1228,11,10,10,1,13,61,Lapped,perez,11,PER,http://en.wikipedia.org/wiki/Sergio_P%C3%A9rez,Sergio,Pérez,1990-01-26,Mexican,red_bull,https://en.wikipedia.org/wiki/Red_Bull_Racing,Red Bull,Austrian,6057195.0,+4.624,16.0,33.0,1:37.477,kph,182.443,2024,18,Singapore Grand Prix,2024-09-22,marina_bay,red_bull,1
1229,43,11,11,0,12,61,Lapped,colapinto,43,COL,http://en.wikipedia.org/wiki/Franco_Colapinto,Franco,Colapinto,2003-05-27,Argentine,williams,https://en.wikipedia.org/wiki/Williams_Racing,Williams,British,6058855.0,+6.284,11.0,35.0,1:37.262,kph,182.846,2024,18,Singapore Grand Prix,2024-09-22,marina_bay,williams,1
1230,22,12,12,0,8,61,Lapped,tsunoda,22,TSU,http://en.wikipedia.org/wiki/Yuki_Tsunoda,Yuki,Tsunoda,2000-05-11,Japanese,rb,https://en.wikipedia.org/wiki/Racing_Bulls,RB F1 Team,Italian,6061363.0,+8.792,6.0,53.0,1:36.393,kph,184.494,2024,18,Singapore Grand Prix,2024-09-22,marina_bay,rb,1
1231,31,13,13,0,15,61,Lapped,ocon,31,OCO,http://en.wikipedia.org/wiki/Esteban_Ocon,Esteban,Ocon,1996-09-17,French,alpine,https://en.wikipedia.org/wiki/Alpine_F1_Team,Alpine F1 Team,French,6096576.0,+44.005,20.0,48.0,1:37.964,kph,181.536,2024,18,Singapore Grand Prix,2024-09-22,marina_bay,alpine,1
1232,18,14,14,0,17,61,Lapped,stroll,18,STR,http://en.wikipedia.org/wiki/Lance_Stroll,Lance,Stroll,1998-10-29,Canadian,aston_martin,https://en.wikipedia.org/wiki/Aston_Martin_in_Formula_One,Aston Martin,British,6100142.0,+47.571,19.0,36.0,1:37.851,kph,181.745,2024,18,Singapore Grand Prix,2024-09-22,marina_bay,aston_martin,1
1233,24,15,15,0,20,61,Lapped,zhou,24,ZHO,http://en.wikipedia.org/wiki/Zhou_Guanyu,Guanyu,Zhou,1999-05-30,Chinese,sauber,https://en.wikipedia.org/wiki/Sauber_Motorsport,Sauber,Swiss,6109791.0,+57.220,14.0,47.0,1:37.461,kph,182.472,2024,18,Singapore Grand Prix,2024-09-22,marina_bay,audi,1
1234,77,16,16,0,19,61,Lapped,bottas,77,BOT,http://en.wikipedia.org/wiki/Valtteri_Bottas,Valtteri,Bottas,1989-08-28,Finnish,sauber,https://en.wikipedia.org/wiki/Sauber_Motorsport,Sauber,Swiss,6110400.0,+57.829,17.0,46.0,1:37.524,kph,182.355,2024,18,Singapore Grand Prix,2024-09-22,marina_bay,audi,1
1235,10,17,17,0,18,61,Lapped,gasly,10,GAS,http://en.wikipedia.org/wiki/Pierre_Gasly,Pierre,Gasly,1996-02-07,French,alpine,https://en.wikipedia.org/wiki/Alpine_F1_Team,Alpine F1 Team,French,6111630.0,+59.059,9.0,46.0,1:36.927,kph,183.478,2024,18,Singapore Grand Prix,2024-09-22,marina_bay,alpine,1
1236,3,18,18,0,16,61,Lapped,ricciardo,3,RIC,http://en.wikipedia.org/wiki/Daniel_Ricciardo,Daniel,Ricciardo,1989-07-01,Australian,rb,https://en.wikipedia.org/wiki/Racing_Bulls,RB F1 Team,Italian,6142367.0,+1:29.796,1.0,60.0,1:34.486,kph,188.218,2024,18,Singapore Grand Prix,2024-09-22,marina_bay,rb,1
1237,20,19,19,0,14,57,Retired,kevin_magnussen,20,MAG,http://en.wikipedia.org/wiki/Kevin_Magnussen,Kevin,Magnussen,1992-10-05,Danish,haas,https://en.wikipedia.org/wiki/Haas_F1_Team,Haas F1 Team,American,5811906.0,,13.0,52.0,1:37.425,kph,182.54,2024,18,Singapore Grand Prix,2024-09-22,marina_bay,haas,0
1238,23,20,R,0,11,15,Retired,albon,23,ALB,http://en.wikipedia.org/wiki/Alexander_Albon,Alexander,Albon,1996-03-23,Thai,williams,https://en.wikipedia.org/wiki/Williams_Racing,Williams,British,,,8.0,13.0,1:36.888,kph,183.552,2024,18,Singapore Grand Prix,2024-09-22,marina_bay,williams,0
1239,16,1,1,25,4,56,Finished,leclerc,16,LEC,http://en.wikipedia.org/wiki/Charles_Leclerc,Charles,Leclerc,1997-10-16,Monegasque,ferrari,https://en.wikipedia.org/wiki/Scuderia_Ferrari,Ferrari,Italian,5709639.0,1:35:09.639,6.0,39.0,1:37.834,kph,202.861,2024,19,United States Grand Prix,2024-10-20,americas,ferrari,1
1240,55,2,2,18,3,56,Finished,sainz,55,SAI,http://en.wikipedia.org/wiki/Carlos_Sainz_Jr.,Carlos,Sainz,1994-09-01,Spanish,ferrari,https://en.wikipedia.org/wiki/Scuderia_Ferrari,Ferrari,Italian,5718201.0,+8.562,5.0,42.0,1:37.763,kph,203.009,2024,19,United States Grand Prix,2024-10-20,americas,ferrari,1
1241,1,3,3,15,2,56,Finished,max_verstappen,3,VER,http://en.wikipedia.org/wiki/Max_Verstappen,Max,Verstappen,1997-09-30,Dutch,red_bull,https://en.wikipedia.org/wiki/Red_Bull_Racing,Red Bull,Austrian,5729051.0,+19.412,9.0,42.0,1:38.117,kph,202.276,2024,19,United States Grand Prix,2024-10-20,americas,red_bull,1
1242,4,4,4,12,1,56,Finished,norris,1,NOR,http://en.wikipedia.org/wiki/Lando_Norris,Lando,Norris,1999-11-13,British,mclaren,https://en.wikipedia.org/wiki/McLaren,McLaren,British,5729993.0,+20.354,4.0,55.0,1:37.679,kph,203.183,2024,19,United States Grand Prix,2024-10-20,americas,mclaren,1
1243,81,5,5,10,5,56,Finished,piastri,81,PIA,http://en.wikipedia.org/wiki/Oscar_Piastri,Oscar,Piastri,2001-04-06,Australian,mclaren,https://en.wikipedia.org/wiki/McLaren,McLaren,British,5731560.0,+21.921,7.0,42.0,1:37.883,kph,202.76,2024,19,United States Grand Prix,2024-10-20,americas,mclaren,1
1244,63,6,6,8,20,56,Finished,russell,63,RUS,http://en.wikipedia.org/wiki/George_Russell_(racing_driver),George,Russell,1998-02-15,British,mercedes,https://en.wikipedia.org/wiki/Mercedes-Benz_in_Formula_One,Mercedes,German,5765934.0,+56.295,3.0,42.0,1:37.656,kph,203.231,2024,19,United States Grand Prix,2024-10-20,americas,mercedes,1
1245,11,7,7,6,9,56,Finished,perez,11,PER,http://en.wikipedia.org/wiki/Sergio_P%C3%A9rez,Sergio,Pérez,1990-01-26,Mexican,red_bull,https://en.wikipedia.org/wiki/Red_Bull_Racing,Red Bull,Austrian,5768711.0,+59.072,13.0,45.0,1:38.514,kph,201.461,2024,19,United States Grand Prix,2024-10-20,americas,red_bull,1
1246,27,8,8,4,11,56,Finished,hulkenberg,27,HUL,http://en.wikipedia.org/wiki/Nico_H%C3%BClkenberg,Nico,Hülkenberg,1987-08-19,German,haas,https://en.wikipedia.org/wiki/Haas_F1_Team,Haas F1 Team,American,5772596.0,+1:02.957,12.0,51.0,1:38.404,kph,201.686,2024,19,United States Grand Prix,2024-10-20,americas,haas,1
1247,30,9,9,2,19,56,Finished,lawson,30,LAW,http://en.wikipedia.org/wiki/Liam_Lawson,Liam,Lawson,2002-02-11,New Zealander,rb,https://en.wikipedia.org/wiki/Racing_Bulls,RB F1 Team,Italian,5780202.0,+1:10.563,8.0,54.0,1:38.091,kph,202.33,2024,19,United States Grand Prix,2024-10-20,americas,rb,1
1248,43,10,10,1,15,56,Finished,colapinto,43,COL,http://en.wikipedia.org/wiki/Franco_Colapinto,Franco,Colapinto,2003-05-27,Argentine,williams,https://en.wikipedia.org/wiki/Williams_Racing,Williams,British,5781618.0,+1:11.979,2.0,46.0,1:37.611,kph,203.325,2024,19,United States Grand Prix,2024-10-20,americas,williams,1
1249,20,11,11,0,8,56,Finished,kevin_magnussen,20,MAG,http://en.wikipedia.org/wiki/Kevin_Magnussen,Kevin,Magnussen,1992-10-05,Danish,haas,https://en.wikipedia.org/wiki/Haas_F1_Team,Haas F1 Team,American,5789421.0,+1:19.782,10.0,56.0,1:38.210,kph,202.085,2024,19,United States Grand Prix,2024-10-20,americas,haas,1
1250,10,12,12,0,6,56,Finished,gasly,10,GAS,http://en.wikipedia.org/wiki/Pierre_Gasly,Pierre,Gasly,1996-02-07,French,alpine,https://en.wikipedia.org/wiki/Alpine_F1_Team,Alpine F1 Team,French,5800197.0,+1:30.558,11.0,55.0,1:38.311,kph,201.877,2024,19,United States Grand Prix,2024-10-20,americas,alpine,1
1251,14,13,13,0,7,55,Lapped,alonso,14,ALO,http://en.wikipedia.org/wiki/Fernando_Alonso,Fernando,Alonso,1981-07-29,Spanish,aston_martin,https://en.wikipedia.org/wiki/Aston_Martin_in_Formula_One,Aston Martin,British,5711365.0,+1.726,17.0,52.0,1:39.261,kph,199.945,2024,19,United States Grand Prix,2024-10-20,americas,aston_martin,1
1252,22,14,14,0,10,55,Lapped,tsunoda,22,TSU,http://en.wikipedia.org/wiki/Yuki_Tsunoda,Yuki,Tsunoda,2000-05-11,Japanese,rb,https://en.wikipedia.org/wiki/Racing_Bulls,RB F1 Team,Italian,5717851.0,+8.212,15.0,54.0,1:39.193,kph,200.082,2024,19,United States Grand Prix,2024-10-20,americas,rb,1
1253,18,15,15,0,13,55,Lapped,stroll,18,STR,http://en.wikipedia.org/wiki/Lance_Stroll,Lance,Stroll,1998-10-29,Canadian,aston_martin,https://en.wikipedia.org/wiki/Aston_Martin_in_Formula_One,Aston Martin,British,5726622.0,+16.983,16.0,54.0,1:39.214,kph,200.04,2024,19,United States Grand Prix,2024-10-20,americas,aston_martin,1
1254,23,16,16,0,14,55,Lapped,albon,23,ALB,http://en.wikipedia.org/wiki/Alexander_Albon,Alexander,Albon,1996-03-23,Thai,williams,https://en.wikipedia.org/wiki/Williams_Racing,Williams,British,5727731.0,+18.092,14.0,54.0,1:39.084,kph,200.302,2024,19,United States Grand Prix,2024-10-20,americas,williams,1
1255,77,17,17,0,16,55,Lapped,bottas,77,BOT,http://en.wikipedia.org/wiki/Valtteri_Bottas,Valtteri,Bottas,1989-08-28,Finnish,sauber,https://en.wikipedia.org/wiki/Sauber_Motorsport,Sauber,Swiss,5743972.0,+34.333,19.0,53.0,1:40.575,kph,197.333,2024,19,United States Grand Prix,2024-10-20,americas,audi,1
1256,31,18,18,0,12,55,Lapped,ocon,31,OCO,http://en.wikipedia.org/wiki/Esteban_Ocon,Esteban,Ocon,1996-09-17,French,alpine,https://en.wikipedia.org/wiki/Alpine_F1_Team,Alpine F1 Team,French,5751751.0,+42.112,1.0,53.0,1:37.330,kph,203.912,2024,19,United States Grand Prix,2024-10-20,americas,alpine,1
1257,24,19,19,0,18,55,Lapped,zhou,24,ZHO,http://en.wikipedia.org/wiki/Zhou_Guanyu,Guanyu,Zhou,1999-05-30,Chinese,sauber,https://en.wikipedia.org/wiki/Sauber_Motorsport,Sauber,Swiss,5758879.0,+49.240,18.0,53.0,1:39.272,kph,199.923,2024,19,United States Grand Prix,2024-10-20,americas,audi,1
1258,44,20,R,0,17,1,Retired,hamilton,44,HAM,http://en.wikipedia.org/wiki/Lewis_Hamilton,Lewis,Hamilton,1985-01-07,British,mercedes,https://en.wikipedia.org/wiki/Mercedes-Benz_in_Formula_One,Mercedes,German,,,,,,,,2024,19,United States Grand Prix,2024-10-20,americas,mercedes,0
1259,55,1,1,25,1,71,Finished,sainz,55,SAI,http://en.wikipedia.org/wiki/Carlos_Sainz_Jr.,Carlos,Sainz,1994-09-01,Spanish,ferrari,https://en.wikipedia.org/wiki/Scuderia_Ferrari,Ferrari,Italian,6055800.0,1:40:55.800,7.0,62.0,1:20.137,kph,193.348,2024,20,Mexico City Grand Prix,2024-10-27,rodriguez,ferrari,1
1260,4,2,2,18,3,71,Finished,norris,1,NOR,http://en.wikipedia.org/wiki/Lando_Norris,Lando,Norris,1999-11-13,British,mclaren,https://en.wikipedia.org/wiki/McLaren,McLaren,British,6060505.0,+4.705,4.0,68.0,1:19.691,kph,194.43,2024,20,Mexico City Grand Prix,2024-10-27,rodriguez,mclaren,1
1261,16,3,3,16,4,71,Finished,leclerc,16,LEC,http://en.wikipedia.org/wiki/Charles_Leclerc,Charles,Leclerc,1997-10-16,Monegasque,ferrari,https://en.wikipedia.org/wiki/Scuderia_Ferrari,Ferrari,Italian,6090187.0,+34.387,1.0,71.0,1:18.336,kph,197.794,2024,20,Mexico City Grand Prix,2024-10-27,rodriguez,ferrari,1
1262,44,4,4,12,6,71,Finished,hamilton,44,HAM,http://en.wikipedia.org/wiki/Lewis_Hamilton,Lewis,Hamilton,1985-01-07,British,mercedes,https://en.wikipedia.org/wiki/Mercedes-Benz_in_Formula_One,Mercedes,German,6100580.0,+44.780,8.0,31.0,1:20.371,kph,192.785,2024,20,Mexico City Grand Prix,2024-10-27,rodriguez,mercedes,1
1263,63,5,5,10,5,71,Finished,russell,63,RUS,http://en.wikipedia.org/wiki/George_Russell_(racing_driver),George,Russell,1998-02-15,British,mercedes,https://en.wikipedia.org/wiki/Mercedes-Benz_in_Formula_One,Mercedes,German,6104336.0,+48.536,11.0,63.0,1:20.731,kph,191.926,2024,20,Mexico City Grand Prix,2024-10-27,rodriguez,mercedes,1
1264,1,6,6,8,2,71,Finished,max_verstappen,3,VER,http://en.wikipedia.org/wiki/Max_Verstappen,Max,Verstappen,1997-09-30,Dutch,red_bull,https://en.wikipedia.org/wiki/Red_Bull_Racing,Red Bull,Austrian,6115358.0,+59.558,13.0,53.0,1:20.872,kph,191.591,2024,20,Mexico City Grand Prix,2024-10-27,rodriguez,red_bull,1
1265,20,7,7,6,7,71,Finished,kevin_magnussen,20,MAG,http://en.wikipedia.org/wiki/Kevin_Magnussen,Kevin,Magnussen,1992-10-05,Danish,haas,https://en.wikipedia.org/wiki/Haas_F1_Team,Haas F1 Team,American,6119442.0,+1:03.642,9.0,61.0,1:20.637,kph,192.15,2024,20,Mexico City Grand Prix,2024-10-27,rodriguez,haas,1
1266,81,8,8,4,17,71,Finished,piastri,81,PIA,http://en.wikipedia.org/wiki/Oscar_Piastri,Oscar,Piastri,2001-04-06,Australian,mclaren,https://en.wikipedia.org/wiki/McLaren,McLaren,British,6120728.0,+1:04.928,5.0,65.0,1:20.064,kph,193.525,2024,20,Mexico City Grand Prix,2024-10-27,rodriguez,mclaren,1
1267,27,9,9,2,10,70,Lapped,hulkenberg,27,HUL,http://en.wikipedia.org/wiki/Nico_H%C3%BClkenberg,Nico,Hülkenberg,1987-08-19,German,haas,https://en.wikipedia.org/wiki/Haas_F1_Team,Haas F1 Team,American,6058520.0,+2.720,12.0,69.0,1:20.748,kph,191.885,2024,20,Mexico City Grand Prix,2024-10-27,rodriguez,haas,1
1268,10,10,10,1,8,70,Lapped,gasly,10,GAS,http://en.wikipedia.org/wiki/Pierre_Gasly,Pierre,Gasly,1996-02-07,French,alpine,https://en.wikipedia.org/wiki/Alpine_F1_Team,Alpine F1 Team,French,6074387.0,+18.587,15.0,67.0,1:21.274,kph,190.643,2024,20,Mexico City Grand Prix,2024-10-27,rodriguez,alpine,1
1269,18,11,11,0,14,70,Lapped,stroll,18,STR,http://en.wikipedia.org/wiki/Lance_Stroll,Lance,Stroll,1998-10-29,Canadian,aston_martin,https://en.wikipedia.org/wiki/Aston_Martin_in_Formula_One,Aston Martin,British,6080872.0,+25.072,16.0,55.0,1:21.311,kph,190.557,2024,20,Mexico City Grand Prix,2024-10-27,rodriguez,aston_martin,1
1270,43,12,12,0,16,70,Lapped,colapinto,43,COL,http://en.wikipedia.org/wiki/Franco_Colapinto,Franco,Colapinto,2003-05-27,Argentine,williams,https://en.wikipedia.org/wiki/Williams_Racing,Williams,British,6093297.0,+37.497,6.0,50.0,1:20.090,kph,193.462,2024,20,Mexico City Grand Prix,2024-10-27,rodriguez,williams,1
1271,31,13,13,0,0,70,Lapped,ocon,31,OCO,http://en.wikipedia.org/wiki/Esteban_Ocon,Esteban,Ocon,1996-09-17,French,alpine,https://en.wikipedia.org/wiki/Alpine_F1_Team,Alpine F1 Team,French,6095463.0,+39.663,10.0,70.0,1:20.659,kph,192.097,2024,20,Mexico City Grand Prix,2024-10-27,rodriguez,alpine,1
1272,77,14,14,0,15,70,Lapped,bottas,77,BOT,http://en.wikipedia.org/wiki/Valtteri_Bottas,Valtteri,Bottas,1989-08-28,Finnish,sauber,https://en.wikipedia.org/wiki/Sauber_Motorsport,Sauber,Swiss,6098027.0,+42.227,14.0,57.0,1:21.085,kph,191.088,2024,20,Mexico City Grand Prix,2024-10-27,rodriguez,audi,1
1273,24,15,15,0,19,70,Lapped,zhou,24,ZHO,http://en.wikipedia.org/wiki/Zhou_Guanyu,Guanyu,Zhou,1999-05-30,Chinese,sauber,https://en.wikipedia.org/wiki/Sauber_Motorsport,Sauber,Swiss,6117522.0,+1:01.722,17.0,56.0,1:21.553,kph,189.991,2024,20,Mexico City Grand Prix,2024-10-27,rodriguez,audi,1
1274,30,16,16,0,12,70,Lapped,lawson,30,LAW,http://en.wikipedia.org/wiki/Liam_Lawson,Liam,Lawson,2002-02-11,New Zealander,rb,https://en.wikipedia.org/wiki/Racing_Bulls,RB F1 Team,Italian,6120266.0,+1:04.466,3.0,67.0,1:19.502,kph,194.893,2024,20,Mexico City Grand Prix,2024-10-27,rodriguez,rb,1
1275,11,17,17,0,18,70,Lapped,perez,11,PER,http://en.wikipedia.org/wiki/Sergio_P%C3%A9rez,Sergio,Pérez,1990-01-26,Mexican,red_bull,https://en.wikipedia.org/wiki/Red_Bull_Racing,Red Bull,Austrian,6129084.0,+1:13.284,2.0,70.0,1:19.209,kph,195.614,2024,20,Mexico City Grand Prix,2024-10-27,rodriguez,red_bull,1
1276,14,18,R,0,13,15,Retired,alonso,14,ALO,http://en.wikipedia.org/wiki/Fernando_Alonso,Fernando,Alonso,1981-07-29,Spanish,aston_martin,https://en.wikipedia.org/wiki/Aston_Martin_in_Formula_One,Aston Martin,British,,,18.0,7.0,1:22.722,kph,187.306,2024,20,Mexico City Grand Prix,2024-10-27,rodriguez,aston_martin,0
1277,23,19,R,0,9,0,Retired,albon,23,ALB,http://en.wikipedia.org/wiki/Alexander_Albon,Alexander,Albon,1996-03-23,Thai,williams,https://en.wikipedia.org/wiki/Williams_Racing,Williams,British,,,,,,,,2024,20,Mexico City Grand Prix,2024-10-27,rodriguez,williams,0
1278,22,20,R,0,11,0,Retired,tsunoda,22,TSU,http://en.wikipedia.org/wiki/Yuki_Tsunoda,Yuki,Tsunoda,2000-05-11,Japanese,rb,https://en.wikipedia.org/wiki/Racing_Bulls,RB F1 Team,Italian,,,,,,,,2024,20,Mexico City Grand Prix,2024-10-27,rodriguez,rb,0
1279,1,1,1,26,17,69,Finished,max_verstappen,3,VER,http://en.wikipedia.org/wiki/Max_Verstappen,Max,Verstappen,1997-09-30,Dutch,red_bull,https://en.wikipedia.org/wiki/Red_Bull_Racing,Red Bull,Austrian,7614430.0,2:06:54.430,1.0,67.0,1:20.472,kph,192.767,2024,21,São Paulo Grand Prix,2024-11-03,interlagos,red_bull,1
1280,31,2,2,18,4,69,Finished,ocon,31,OCO,http://en.wikipedia.org/wiki/Esteban_Ocon,Esteban,Ocon,1996-09-17,French,alpine,https://en.wikipedia.org/wiki/Alpine_F1_Team,Alpine F1 Team,French,7633907.0,+19.477,7.0,64.0,1:21.771,kph,189.705,2024,21,São Paulo Grand Prix,2024-11-03,interlagos,alpine,1
1281,10,3,3,15,13,69,Finished,gasly,10,GAS,http://en.wikipedia.org/wiki/Pierre_Gasly,Pierre,Gasly,1996-02-07,French,alpine,https://en.wikipedia.org/wiki/Alpine_F1_Team,Alpine F1 Team,French,7636962.0,+22.532,5.0,66.0,1:21.645,kph,189.998,2024,21,São Paulo Grand Prix,2024-11-03,interlagos,alpine,1
1282,63,4,4,12,2,69,Finished,russell,63,RUS,http://en.wikipedia.org/wiki/George_Russell_(racing_driver),George,Russell,1998-02-15,British,mercedes,https://en.wikipedia.org/wiki/Mercedes-Benz_in_Formula_One,Mercedes,German,7637695.0,+23.265,6.0,66.0,1:21.645,kph,189.998,2024,21,São Paulo Grand Prix,2024-11-03,interlagos,mercedes,1
1283,16,5,5,10,6,69,Finished,leclerc,16,LEC,http://en.wikipedia.org/wiki/Charles_Leclerc,Charles,Leclerc,1997-10-16,Monegasque,ferrari,https://en.wikipedia.org/wiki/Scuderia_Ferrari,Ferrari,Italian,7644607.0,+30.177,4.0,60.0,1:21.631,kph,190.03,2024,21,São Paulo Grand Prix,2024-11-03,interlagos,ferrari,1
1284,4,6,6,8,1,69,Finished,norris,1,NOR,http://en.wikipedia.org/wiki/Lando_Norris,Lando,Norris,1999-11-13,British,mclaren,https://en.wikipedia.org/wiki/McLaren,McLaren,British,7645802.0,+31.372,2.0,67.0,1:21.517,kph,190.296,2024,21,São Paulo Grand Prix,2024-11-03,interlagos,mclaren,1
1285,22,7,7,6,3,69,Finished,tsunoda,22,TSU,http://en.wikipedia.org/wiki/Yuki_Tsunoda,Yuki,Tsunoda,2000-05-11,Japanese,rb,https://en.wikipedia.org/wiki/Racing_Bulls,RB F1 Team,Italian,7656486.0,+42.056,8.0,69.0,1:21.828,kph,189.573,2024,21,São Paulo Grand Prix,2024-11-03,interlagos,rb,1
1286,81,8,8,4,8,69,Finished,piastri,81,PIA,http://en.wikipedia.org/wiki/Oscar_Piastri,Oscar,Piastri,2001-04-06,Australian,mclaren,https://en.wikipedia.org/wiki/McLaren,McLaren,British,7659373.0,+44.943,3.0,69.0,1:21.532,kph,190.261,2024,21,São Paulo Grand Prix,2024-11-03,interlagos,mclaren,1
1287,30,9,9,2,5,69,Finished,lawson,30,LAW,http://en.wikipedia.org/wiki/Liam_Lawson,Liam,Lawson,2002-02-11,New Zealander,rb,https://en.wikipedia.org/wiki/Racing_Bulls,RB F1 Team,Italian,7664882.0,+50.452,10.0,67.0,1:22.123,kph,188.892,2024,21,São Paulo Grand Prix,2024-11-03,interlagos,rb,1
1288,44,10,10,1,14,69,Finished,hamilton,44,HAM,http://en.wikipedia.org/wiki/Lewis_Hamilton,Lewis,Hamilton,1985-01-07,British,mercedes,https://en.wikipedia.org/wiki/Mercedes-Benz_in_Formula_One,Mercedes,German,7665183.0,+50.753,9.0,69.0,1:22.041,kph,189.081,2024,21,São Paulo Grand Prix,2024-11-03,interlagos,mercedes,1
1289,11,11,11,0,12,69,Finished,perez,11,PER,http://en.wikipedia.org/wiki/Sergio_P%C3%A9rez,Sergio,Pérez,1990-01-26,Mexican,red_bull,https://en.wikipedia.org/wiki/Red_Bull_Racing,Red Bull,Austrian,7665961.0,+51.531,11.0,67.0,1:22.143,kph,188.846,2024,21,São Paulo Grand Prix,2024-11-03,interlagos,red_bull,1
1290,50,12,12,0,15,69,Finished,bearman,87,BEA,http://en.wikipedia.org/wiki/Oliver_Bearman,Oliver,Bearman,2005-05-08,British,haas,https://en.wikipedia.org/wiki/Haas_F1_Team,Haas F1 Team,American,7671515.0,+57.085,13.0,64.0,1:22.494,kph,188.042,2024,21,São Paulo Grand Prix,2024-11-03,interlagos,haas,1
1291,77,13,13,0,11,69,Finished,bottas,77,BOT,http://en.wikipedia.org/wiki/Valtteri_Bottas,Valtteri,Bottas,1989-08-28,Finnish,sauber,https://en.wikipedia.org/wiki/Sauber_Motorsport,Sauber,Swiss,7678018.0,+1:03.588,14.0,67.0,1:22.877,kph,187.173,2024,21,São Paulo Grand Prix,2024-11-03,interlagos,audi,1
1292,14,14,14,0,9,69,Finished,alonso,14,ALO,http://en.wikipedia.org/wiki/Fernando_Alonso,Fernando,Alonso,1981-07-29,Spanish,aston_martin,https://en.wikipedia.org/wiki/Aston_Martin_in_Formula_One,Aston Martin,British,7692479.0,+1:18.049,12.0,59.0,1:22.293,kph,188.502,2024,21,São Paulo Grand Prix,2024-11-03,interlagos,aston_martin,1
1293,24,15,15,0,19,69,Finished,zhou,24,ZHO,http://en.wikipedia.org/wiki/Zhou_Guanyu,Guanyu,Zhou,1999-05-30,Chinese,sauber,https://en.wikipedia.org/wiki/Sauber_Motorsport,Sauber,Swiss,7694079.0,+1:19.649,15.0,65.0,1:23.058,kph,186.765,2024,21,São Paulo Grand Prix,2024-11-03,interlagos,audi,1
1294,55,16,R,0,20,38,Retired,sainz,55,SAI,http://en.wikipedia.org/wiki/Carlos_Sainz_Jr.,Carlos,Sainz,1994-09-01,Spanish,ferrari,https://en.wikipedia.org/wiki/Scuderia_Ferrari,Ferrari,Italian,,,16.0,19.0,1:24.201,kph,184.23,2024,21,São Paulo Grand Prix,2024-11-03,interlagos,ferrari,0
1295,43,17,R,0,16,30,Retired,colapinto,43,COL,http://en.wikipedia.org/wiki/Franco_Colapinto,Franco,Colapinto,2003-05-27,Argentine,williams,https://en.wikipedia.org/wiki/Williams_Racing,Williams,British,,,17.0,21.0,1:24.296,kph,184.022,2024,21,São Paulo Grand Prix,2024-11-03,interlagos,williams,0
1296,23,18,W,0,7,0,Did not start,albon,23,ALB,http://en.wikipedia.org/wiki/Alexander_Albon,Alexander,Albon,1996-03-23,Thai,williams,https://en.wikipedia.org/wiki/Williams_Racing,Williams,British,,,,,,,,2024,21,São Paulo Grand Prix,2024-11-03,interlagos,williams,0
1297,18,19,W,0,10,0,Did not start,stroll,18,STR,http://en.wikipedia.org/wiki/Lance_Stroll,Lance,Stroll,1998-10-29,Canadian,aston_martin,https://en.wikipedia.org/wiki/Aston_Martin_in_Formula_One,Aston Martin,British,,,,,,,,2024,21,São Paulo Grand Prix,2024-11-03,interlagos,aston_martin,0
1298,27,20,D,0,18,0,Disqualified,hulkenberg,27,HUL,http://en.wikipedia.org/wiki/Nico_H%C3%BClkenberg,Nico,Hülkenberg,1987-08-19,German,haas,https://en.wikipedia.org/wiki/Haas_F1_Team,Haas F1 Team,American,,,,,,,,2024,21,São Paulo Grand Prix,2024-11-03,interlagos,haas,0
1299,63,1,1,25,1,50,Finished,russell,63,RUS,http://en.wikipedia.org/wiki/George_Russell_(racing_driver),George,Russell,1998-02-15,British,mercedes,https://en.wikipedia.org/wiki/Mercedes-Benz_in_Formula_One,Mercedes,German,4925969.0,1:22:05.969,4.0,46.0,1:35.717,kph,233.225,2024,22,Las Vegas Grand Prix,2024-11-23,vegas,mercedes,1
1300,44,2,2,18,10,50,Finished,hamilton,44,HAM,http://en.wikipedia.org/wiki/Lewis_Hamilton,Lewis,Hamilton,1985-01-07,British,mercedes,https://en.wikipedia.org/wiki/Mercedes-Benz_in_Formula_One,Mercedes,German,4933282.0,+7.313,2.0,41.0,1:35.480,kph,233.803,2024,22,Las Vegas Grand Prix,2024-11-23,vegas,mercedes,1
1301,55,3,3,15,2,50,Finished,sainz,55,SAI,http://en.wikipedia.org/wiki/Carlos_Sainz_Jr.,Carlos,Sainz,1994-09-01,Spanish,ferrari,https://en.wikipedia.org/wiki/Scuderia_Ferrari,Ferrari,Italian,4937875.0,+11.906,5.0,44.0,1:35.875,kph,232.84,2024,22,Las Vegas Grand Prix,2024-11-23,vegas,ferrari,1
1302,16,4,4,12,4,50,Finished,leclerc,16,LEC,http://en.wikipedia.org/wiki/Charles_Leclerc,Charles,Leclerc,1997-10-16,Monegasque,ferrari,https://en.wikipedia.org/wiki/Scuderia_Ferrari,Ferrari,Italian,4940252.0,+14.283,3.0,40.0,1:35.674,kph,233.329,2024,22,Las Vegas Grand Prix,2024-11-23,vegas,ferrari,1
1303,1,5,5,10,5,50,Finished,max_verstappen,3,VER,http://en.wikipedia.org/wiki/Max_Verstappen,Max,Verstappen,1997-09-30,Dutch,red_bull,https://en.wikipedia.org/wiki/Red_Bull_Racing,Red Bull,Austrian,4942551.0,+16.582,6.0,43.0,1:36.248,kph,231.938,2024,22,Las Vegas Grand Prix,2024-11-23,vegas,red_bull,1
1304,4,6,6,9,6,50,Finished,norris,1,NOR,http://en.wikipedia.org/wiki/Lando_Norris,Lando,Norris,1999-11-13,British,mclaren,https://en.wikipedia.org/wiki/McLaren,McLaren,British,4969354.0,+43.385,1.0,50.0,1:34.876,kph,235.292,2024,22,Las Vegas Grand Prix,2024-11-23,vegas,mclaren,1
1305,81,7,7,6,8,50,Finished,piastri,81,PIA,http://en.wikipedia.org/wiki/Oscar_Piastri,Oscar,Piastri,2001-04-06,Australian,mclaren,https://en.wikipedia.org/wiki/McLaren,McLaren,British,4977334.0,+51.365,13.0,44.0,1:36.598,kph,231.097,2024,22,Las Vegas Grand Prix,2024-11-23,vegas,mclaren,1
1306,27,8,8,4,9,50,Finished,hulkenberg,27,HUL,http://en.wikipedia.org/wiki/Nico_H%C3%BClkenberg,Nico,Hülkenberg,1987-08-19,German,haas,https://en.wikipedia.org/wiki/Haas_F1_Team,Haas F1 Team,American,4985777.0,+59.808,12.0,48.0,1:36.585,kph,231.129,2024,22,Las Vegas Grand Prix,2024-11-23,vegas,haas,1
1307,22,9,9,2,7,50,Finished,tsunoda,22,TSU,http://en.wikipedia.org/wiki/Yuki_Tsunoda,Yuki,Tsunoda,2000-05-11,Japanese,rb,https://en.wikipedia.org/wiki/Racing_Bulls,RB F1 Team,Italian,4988777.0,+1:02.808,16.0,48.0,1:36.957,kph,230.242,2024,22,Las Vegas Grand Prix,2024-11-23,vegas,rb,1
1308,11,10,10,1,15,50,Finished,perez,11,PER,http://en.wikipedia.org/wiki/Sergio_P%C3%A9rez,Sergio,Pérez,1990-01-26,Mexican,red_bull,https://en.wikipedia.org/wiki/Red_Bull_Racing,Red Bull,Austrian,4989083.0,+1:03.114,8.0,42.0,1:36.326,kph,231.75,2024,22,Las Vegas Grand Prix,2024-11-23,vegas,red_bull,1
1309,14,11,11,0,16,50,Finished,alonso,14,ALO,http://en.wikipedia.org/wiki/Fernando_Alonso,Fernando,Alonso,1981-07-29,Spanish,aston_martin,https://en.wikipedia.org/wiki/Aston_Martin_in_Formula_One,Aston Martin,British,4995164.0,+1:09.195,10.0,39.0,1:36.553,kph,231.205,2024,22,Las Vegas Grand Prix,2024-11-23,vegas,aston_martin,1
1310,20,12,12,0,12,50,Finished,kevin_magnussen,20,MAG,http://en.wikipedia.org/wiki/Kevin_Magnussen,Kevin,Magnussen,1992-10-05,Danish,haas,https://en.wikipedia.org/wiki/Haas_F1_Team,Haas F1 Team,American,4995772.0,+1:09.803,11.0,49.0,1:36.557,kph,231.196,2024,22,Las Vegas Grand Prix,2024-11-23,vegas,haas,1
1311,24,13,13,0,13,50,Finished,zhou,24,ZHO,http://en.wikipedia.org/wiki/Zhou_Guanyu,Guanyu,Zhou,1999-05-30,Chinese,sauber,https://en.wikipedia.org/wiki/Sauber_Motorsport,Sauber,Swiss,5000054.0,+1:14.085,7.0,46.0,1:36.324,kph,231.755,2024,22,Las Vegas Grand Prix,2024-11-23,vegas,audi,1
1312,43,14,14,0,20,50,Finished,colapinto,43,COL,http://en.wikipedia.org/wiki/Franco_Colapinto,Franco,Colapinto,2003-05-27,Argentine,williams,https://en.wikipedia.org/wiki/Williams_Racing,Williams,British,5001141.0,+1:15.172,15.0,37.0,1:36.867,kph,230.456,2024,22,Las Vegas Grand Prix,2024-11-23,vegas,williams,1
1313,18,15,15,0,18,50,Finished,stroll,18,STR,http://en.wikipedia.org/wiki/Lance_Stroll,Lance,Stroll,1998-10-29,Canadian,aston_martin,https://en.wikipedia.org/wiki/Aston_Martin_in_Formula_One,Aston Martin,British,5010071.0,+1:24.102,18.0,43.0,1:37.179,kph,229.716,2024,22,Las Vegas Grand Prix,2024-11-23,vegas,aston_martin,1
1314,30,16,16,0,14,50,Finished,lawson,30,LAW,http://en.wikipedia.org/wiki/Liam_Lawson,Liam,Lawson,2002-02-11,New Zealander,rb,https://en.wikipedia.org/wiki/Racing_Bulls,RB F1 Team,Italian,5016974.0,+1:31.005,17.0,45.0,1:36.980,kph,230.187,2024,22,Las Vegas Grand Prix,2024-11-23,vegas,rb,1
1315,31,17,17,0,11,49,Lapped,ocon,31,OCO,http://en.wikipedia.org/wiki/Esteban_Ocon,Esteban,Ocon,1996-09-17,French,alpine,https://en.wikipedia.org/wiki/Alpine_F1_Team,Alpine F1 Team,French,4928029.0,+2.060,9.0,47.0,1:36.511,kph,231.306,2024,22,Las Vegas Grand Prix,2024-11-23,vegas,alpine,1
1316,77,18,18,0,19,49,Lapped,bottas,77,BOT,http://en.wikipedia.org/wiki/Valtteri_Bottas,Valtteri,Bottas,1989-08-28,Finnish,sauber,https://en.wikipedia.org/wiki/Sauber_Motorsport,Sauber,Swiss,4937254.0,+11.285,14.0,46.0,1:36.601,kph,231.09,2024,22,Las Vegas Grand Prix,2024-11-23,vegas,audi,1
1317,23,19,R,0,17,25,Retired,albon,23,ALB,http://en.wikipedia.org/wiki/Alexander_Albon,Alexander,Albon,1996-03-23,Thai,williams,https://en.wikipedia.org/wiki/Williams_Racing,Williams,British,,,19.0,21.0,1:38.008,kph,227.773,2024,22,Las Vegas Grand Prix,2024-11-23,vegas,williams,0
1318,10,20,R,0,3,15,Retired,gasly,10,GAS,http://en.wikipedia.org/wiki/Pierre_Gasly,Pierre,Gasly,1996-02-07,French,alpine,https://en.wikipedia.org/wiki/Alpine_F1_Team,Alpine F1 Team,French,,,20.0,13.0,1:38.314,kph,227.064,2024,22,Las Vegas Grand Prix,2024-11-23,vegas,alpine,0
1319,1,1,1,25,2,57,Finished,max_verstappen,3,VER,http://en.wikipedia.org/wiki/Max_Verstappen,Max,Verstappen,1997-09-30,Dutch,red_bull,https://en.wikipedia.org/wiki/Red_Bull_Racing,Red Bull,Austrian,5465323.0,1:31:05.323,2.0,55.0,1:22.905,kph,235.31,2024,23,Qatar Grand Prix,2024-12-01,losail,red_bull,1
1320,16,2,2,18,5,57,Finished,leclerc,16,LEC,http://en.wikipedia.org/wiki/Charles_Leclerc,Charles,Leclerc,1997-10-16,Monegasque,ferrari,https://en.wikipedia.org/wiki/Scuderia_Ferrari,Ferrari,Italian,5471354.0,+6.031,4.0,53.0,1:23.242,kph,234.357,2024,23,Qatar Grand Prix,2024-12-01,losail,ferrari,1
1321,81,3,3,15,4,57,Finished,piastri,81,PIA,http://en.wikipedia.org/wiki/Oscar_Piastri,Oscar,Piastri,2001-04-06,Australian,mclaren,https://en.wikipedia.org/wiki/McLaren,McLaren,British,5472142.0,+6.819,3.0,51.0,1:23.218,kph,234.425,2024,23,Qatar Grand Prix,2024-12-01,losail,mclaren,1
1322,63,4,4,12,1,57,Finished,russell,63,RUS,http://en.wikipedia.org/wiki/George_Russell_(racing_driver),George,Russell,1998-02-15,British,mercedes,https://en.wikipedia.org/wiki/Mercedes-Benz_in_Formula_One,Mercedes,German,5479427.0,+14.104,5.0,50.0,1:23.355,kph,234.039,2024,23,Qatar Grand Prix,2024-12-01,losail,mercedes,1
1323,10,5,5,10,11,57,Finished,gasly,10,GAS,http://en.wikipedia.org/wiki/Pierre_Gasly,Pierre,Gasly,1996-02-07,French,alpine,https://en.wikipedia.org/wiki/Alpine_F1_Team,Alpine F1 Team,French,5482105.0,+16.782,8.0,56.0,1:23.705,kph,233.061,2024,23,Qatar Grand Prix,2024-12-01,losail,alpine,1
1324,55,6,6,8,7,57,Finished,sainz,55,SAI,http://en.wikipedia.org/wiki/Carlos_Sainz_Jr.,Carlos,Sainz,1994-09-01,Spanish,ferrari,https://en.wikipedia.org/wiki/Scuderia_Ferrari,Ferrari,Italian,5482799.0,+17.476,6.0,52.0,1:23.465,kph,233.731,2024,23,Qatar Grand Prix,2024-12-01,losail,ferrari,1
1325,14,7,7,6,8,57,Finished,alonso,14,ALO,http://en.wikipedia.org/wiki/Fernando_Alonso,Fernando,Alonso,1981-07-29,Spanish,aston_martin,https://en.wikipedia.org/wiki/Aston_Martin_in_Formula_One,Aston Martin,British,5485190.0,+19.867,7.0,57.0,1:23.667,kph,233.167,2024,23,Qatar Grand Prix,2024-12-01,losail,aston_martin,1
1326,24,8,8,4,12,57,Finished,zhou,24,ZHO,http://en.wikipedia.org/wiki/Zhou_Guanyu,Guanyu,Zhou,1999-05-30,Chinese,sauber,https://en.wikipedia.org/wiki/Sauber_Motorsport,Sauber,Swiss,5490683.0,+25.360,10.0,57.0,1:23.889,kph,232.55,2024,23,Qatar Grand Prix,2024-12-01,losail,audi,1
1327,20,9,9,2,10,57,Finished,kevin_magnussen,20,MAG,http://en.wikipedia.org/wiki/Kevin_Magnussen,Kevin,Magnussen,1992-10-05,Danish,haas,https://en.wikipedia.org/wiki/Haas_F1_Team,Haas F1 Team,American,5497500.0,+32.177,11.0,55.0,1:24.259,kph,231.528,2024,23,Qatar Grand Prix,2024-12-01,losail,haas,1
1328,4,10,10,2,3,57,Finished,norris,1,NOR,http://en.wikipedia.org/wiki/Lando_Norris,Lando,Norris,1999-11-13,British,mclaren,https://en.wikipedia.org/wiki/McLaren,McLaren,British,5501085.0,+35.762,1.0,56.0,1:22.384,kph,236.798,2024,23,Qatar Grand Prix,2024-12-01,losail,mclaren,1
1329,77,11,11,0,13,57,Finished,bottas,77,BOT,http://en.wikipedia.org/wiki/Valtteri_Bottas,Valtteri,Bottas,1989-08-28,Finnish,sauber,https://en.wikipedia.org/wiki/Sauber_Motorsport,Sauber,Swiss,5515566.0,+50.243,13.0,53.0,1:25.533,kph,228.08,2024,23,Qatar Grand Prix,2024-12-01,losail,audi,1
1330,44,12,12,0,6,57,Finished,hamilton,44,HAM,http://en.wikipedia.org/wiki/Lewis_Hamilton,Lewis,Hamilton,1985-01-07,British,mercedes,https://en.wikipedia.org/wiki/Mercedes-Benz_in_Formula_One,Mercedes,German,5521445.0,+56.122,9.0,52.0,1:23.865,kph,232.616,2024,23,Qatar Grand Prix,2024-12-01,losail,mercedes,1
1331,22,13,13,0,14,57,Finished,tsunoda,22,TSU,http://en.wikipedia.org/wiki/Yuki_Tsunoda,Yuki,Tsunoda,2000-05-11,Japanese,rb,https://en.wikipedia.org/wiki/Racing_Bulls,RB F1 Team,Italian,5526423.0,+1:01.100,17.0,47.0,1:26.144,kph,226.462,2024,23,Qatar Grand Prix,2024-12-01,losail,rb,1
1332,30,14,14,0,17,57,Finished,lawson,30,LAW,http://en.wikipedia.org/wiki/Liam_Lawson,Liam,Lawson,2002-02-11,New Zealander,rb,https://en.wikipedia.org/wiki/Racing_Bulls,RB F1 Team,Italian,5527979.0,+1:02.656,16.0,46.0,1:26.076,kph,226.641,2024,23,Qatar Grand Prix,2024-12-01,losail,rb,1
1333,23,15,15,0,16,56,Lapped,albon,23,ALB,http://en.wikipedia.org/wiki/Alexander_Albon,Alexander,Albon,1996-03-23,Thai,williams,https://en.wikipedia.org/wiki/Williams_Racing,Williams,British,5478292.0,+12.969,14.0,47.0,1:25.559,kph,228.011,2024,23,Qatar Grand Prix,2024-12-01,losail,williams,1
1334,27,16,R,0,18,39,Retired,hulkenberg,27,HUL,http://en.wikipedia.org/wiki/Nico_H%C3%BClkenberg,Nico,Hülkenberg,1987-08-19,German,haas,https://en.wikipedia.org/wiki/Haas_F1_Team,Haas F1 Team,American,,,15.0,33.0,1:25.767,kph,227.458,2024,23,Qatar Grand Prix,2024-12-01,losail,haas,0
1335,11,17,R,0,9,38,Retired,perez,11,PER,http://en.wikipedia.org/wiki/Sergio_P%C3%A9rez,Sergio,Pérez,1990-01-26,Mexican,red_bull,https://en.wikipedia.org/wiki/Red_Bull_Racing,Red Bull,Austrian,,,12.0,31.0,1:25.288,kph,228.735,2024,23,Qatar Grand Prix,2024-12-01,losail,red_bull,0
1336,18,18,R,0,15,8,Retired,stroll,18,STR,http://en.wikipedia.org/wiki/Lance_Stroll,Lance,Stroll,1998-10-29,Canadian,aston_martin,https://en.wikipedia.org/wiki/Aston_Martin_in_Formula_One,Aston Martin,British,,,18.0,6.0,1:30.935,kph,214.531,2024,23,Qatar Grand Prix,2024-12-01,losail,aston_martin,0
1337,43,19,R,0,19,0,Retired,colapinto,43,COL,http://en.wikipedia.org/wiki/Franco_Colapinto,Franco,Colapinto,2003-05-27,Argentine,williams,https://en.wikipedia.org/wiki/Williams_Racing,Williams,British,,,,,,,,2024,23,Qatar Grand Prix,2024-12-01,losail,williams,0
1338,31,20,R,0,20,0,Retired,ocon,31,OCO,http://en.wikipedia.org/wiki/Esteban_Ocon,Esteban,Ocon,1996-09-17,French,alpine,https://en.wikipedia.org/wiki/Alpine_F1_Team,Alpine F1 Team,French,,,,,,,,2024,23,Qatar Grand Prix,2024-12-01,losail,alpine,0
1339,4,1,1,25,1,58,Finished,norris,1,NOR,http://en.wikipedia.org/wiki/Lando_Norris,Lando,Norris,1999-11-13,British,mclaren,https://en.wikipedia.org/wiki/McLaren,McLaren,British,5193291.0,1:26:33.291,3.0,52.0,1:27.438,kph,217.429,2024,24,Abu Dhabi Grand Prix,2024-12-08,yas_marina,mclaren,1
1340,55,2,2,18,3,58,Finished,sainz,55,SAI,http://en.wikipedia.org/wiki/Carlos_Sainz_Jr.,Carlos,Sainz,1994-09-01,Spanish,ferrari,https://en.wikipedia.org/wiki/Scuderia_Ferrari,Ferrari,Italian,5199123.0,+5.832,5.0,55.0,1:27.765,kph,216.619,2024,24,Abu Dhabi Grand Prix,2024-12-08,yas_marina,ferrari,1
1341,16,3,3,15,19,58,Finished,leclerc,16,LEC,http://en.wikipedia.org/wiki/Charles_Leclerc,Charles,Leclerc,1997-10-16,Monegasque,ferrari,https://en.wikipedia.org/wiki/Scuderia_Ferrari,Ferrari,Italian,5225219.0,+31.928,9.0,51.0,1:28.018,kph,215.996,2024,24,Abu Dhabi Grand Prix,2024-12-08,yas_marina,ferrari,1
1342,44,4,4,12,16,58,Finished,hamilton,44,HAM,http://en.wikipedia.org/wiki/Lewis_Hamilton,Lewis,Hamilton,1985-01-07,British,mercedes,https://en.wikipedia.org/wiki/Mercedes-Benz_in_Formula_One,Mercedes,German,5229774.0,+36.483,2.0,44.0,1:27.278,kph,217.828,2024,24,Abu Dhabi Grand Prix,2024-12-08,yas_marina,mercedes,1
1343,63,5,5,10,6,58,Finished,russell,63,RUS,http://en.wikipedia.org/wiki/George_Russell_(racing_driver),George,Russell,1998-02-15,British,mercedes,https://en.wikipedia.org/wiki/Mercedes-Benz_in_Formula_One,Mercedes,German,5230829.0,+37.538,10.0,56.0,1:28.195,kph,215.563,2024,24,Abu Dhabi Grand Prix,2024-12-08,yas_marina,mercedes,1
1344,1,6,6,8,4,58,Finished,max_verstappen,3,VER,http://en.wikipedia.org/wiki/Max_Verstappen,Max,Verstappen,1997-09-30,Dutch,red_bull,https://en.wikipedia.org/wiki/Red_Bull_Racing,Red Bull,Austrian,5243138.0,+49.847,6.0,56.0,1:27.765,kph,216.619,2024,24,Abu Dhabi Grand Prix,2024-12-08,yas_marina,red_bull,1
1345,10,7,7,6,5,58,Finished,gasly,10,GAS,http://en.wikipedia.org/wiki/Pierre_Gasly,Pierre,Gasly,1996-02-07,French,alpine,https://en.wikipedia.org/wiki/Alpine_F1_Team,Alpine F1 Team,French,5265851.0,+1:12.560,16.0,30.0,1:29.251,kph,213.012,2024,24,Abu Dhabi Grand Prix,2024-12-08,yas_marina,alpine,1
1346,27,8,8,4,7,58,Finished,hulkenberg,27,HUL,http://en.wikipedia.org/wiki/Nico_H%C3%BClkenberg,Nico,Hülkenberg,1987-08-19,German,haas,https://en.wikipedia.org/wiki/Haas_F1_Team,Haas F1 Team,American,5268845.0,+1:15.554,14.0,17.0,1:29.152,kph,213.249,2024,24,Abu Dhabi Grand Prix,2024-12-08,yas_marina,haas,1
1347,14,9,9,2,8,58,Finished,alonso,14,ALO,http://en.wikipedia.org/wiki/Fernando_Alonso,Fernando,Alonso,1981-07-29,Spanish,aston_martin,https://en.wikipedia.org/wiki/Aston_Martin_in_Formula_One,Aston Martin,British,5275664.0,+1:22.373,7.0,51.0,1:27.948,kph,216.168,2024,24,Abu Dhabi Grand Prix,2024-12-08,yas_marina,aston_martin,1
1348,81,10,10,1,2,58,Finished,piastri,81,PIA,http://en.wikipedia.org/wiki/Oscar_Piastri,Oscar,Piastri,2001-04-06,Australian,mclaren,https://en.wikipedia.org/wiki/McLaren,McLaren,British,5277112.0,+1:23.821,4.0,51.0,1:27.690,kph,216.804,2024,24,Abu Dhabi Grand Prix,2024-12-08,yas_marina,mclaren,1
1349,23,11,11,0,18,57,Lapped,albon,23,ALB,http://en.wikipedia.org/wiki/Alexander_Albon,Alexander,Albon,1996-03-23,Thai,williams,https://en.wikipedia.org/wiki/Williams_Racing,Williams,British,5204542.0,+11.251,18.0,46.0,1:29.438,kph,212.567,2024,24,Abu Dhabi Grand Prix,2024-12-08,yas_marina,williams,1
1350,22,12,12,0,11,57,Lapped,tsunoda,22,TSU,http://en.wikipedia.org/wiki/Yuki_Tsunoda,Yuki,Tsunoda,2000-05-11,Japanese,rb,https://en.wikipedia.org/wiki/Racing_Bulls,RB F1 Team,Italian,5208029.0,+14.738,15.0,41.0,1:29.200,kph,213.134,2024,24,Abu Dhabi Grand Prix,2024-12-08,yas_marina,rb,1
1351,24,13,13,0,15,57,Lapped,zhou,24,ZHO,http://en.wikipedia.org/wiki/Zhou_Guanyu,Guanyu,Zhou,1999-05-30,Chinese,sauber,https://en.wikipedia.org/wiki/Sauber_Motorsport,Sauber,Swiss,5210595.0,+17.304,8.0,56.0,1:27.982,kph,216.085,2024,24,Abu Dhabi Grand Prix,2024-12-08,yas_marina,audi,1
1352,18,14,14,0,13,57,Lapped,stroll,18,STR,http://en.wikipedia.org/wiki/Lance_Stroll,Lance,Stroll,1998-10-29,Canadian,aston_martin,https://en.wikipedia.org/wiki/Aston_Martin_in_Formula_One,Aston Martin,British,5211764.0,+18.473,11.0,42.0,1:28.604,kph,214.568,2024,24,Abu Dhabi Grand Prix,2024-12-08,yas_marina,aston_martin,1
1353,61,15,15,0,17,57,Lapped,doohan,7,DOO,http://en.wikipedia.org/wiki/Jack_Doohan,Jack,Doohan,2003-01-20,Australian,alpine,https://en.wikipedia.org/wiki/Alpine_F1_Team,Alpine F1 Team,French,5219846.0,+26.555,13.0,56.0,1:29.121,kph,213.323,2024,24,Abu Dhabi Grand Prix,2024-12-08,yas_marina,alpine,1
1354,20,16,16,0,14,57,Lapped,kevin_magnussen,20,MAG,http://en.wikipedia.org/wiki/Kevin_Magnussen,Kevin,Magnussen,1992-10-05,Danish,haas,https://en.wikipedia.org/wiki/Haas_F1_Team,Haas F1 Team,American,5270888.0,+1:17.597,1.0,57.0,1:25.637,kph,222.002,2024,24,Abu Dhabi Grand Prix,2024-12-08,yas_marina,haas,1
1355,30,17,17,0,12,55,Retired,lawson,30,LAW,http://en.wikipedia.org/wiki/Liam_Lawson,Liam,Lawson,2002-02-11,New Zealander,rb,https://en.wikipedia.org/wiki/Racing_Bulls,RB F1 Team,Italian,5076949.0,,12.0,52.0,1:28.751,kph,214.212,2024,24,Abu Dhabi Grand Prix,2024-12-08,yas_marina,rb,0
1356,77,18,R,0,9,30,Retired,bottas,77,BOT,http://en.wikipedia.org/wiki/Valtteri_Bottas,Valtteri,Bottas,1989-08-28,Finnish,sauber,https://en.wikipedia.org/wiki/Sauber_Motorsport,Sauber,Swiss,,,19.0,14.0,1:29.482,kph,212.462,2024,24,Abu Dhabi Grand Prix,2024-12-08,yas_marina,audi,0
1357,43,19,R,0,20,26,Retired,colapinto,43,COL,http://en.wikipedia.org/wiki/Franco_Colapinto,Franco,Colapinto,2003-05-27,Argentine,williams,https://en.wikipedia.org/wiki/Williams_Racing,Williams,British,,,17.0,5.0,1:29.411,kph,212.631,2024,24,Abu Dhabi Grand Prix,2024-12-08,yas_marina,williams,0
1358,11,20,R,0,10,0,Retired,perez,11,PER,http://en.wikipedia.org/wiki/Sergio_P%C3%A9rez,Sergio,Pérez,1990-01-26,Mexican,red_bull,https://en.wikipedia.org/wiki/Red_Bull_Racing,Red Bull,Austrian,,,,,,,,2024,24,Abu Dhabi Grand Prix,2024-12-08,yas_marina,red_bull,0
1359,4,1,1,25,1,57,Finished,norris,1,NOR,http://en.wikipedia.org/wiki/Lando_Norris,Lando,Norris,1999-11-13,British,mclaren,https://en.wikipedia.org/wiki/McLaren,McLaren,British,6126304.0,1:42:06.304,1.0,43.0,1:22.167,,,2025,1,Australian Grand Prix,2025-03-16,albert_park,mclaren,1
1360,1,2,2,18,3,57,Finished,max_verstappen,3,VER,http://en.wikipedia.org/wiki/Max_Verstappen,Max,Verstappen,1997-09-30,Dutch,red_bull,https://en.wikipedia.org/wiki/Red_Bull_Racing,Red Bull,Austrian,6127199.0,+0.895,3.0,43.0,1:23.081,,,2025,1,Australian Grand Prix,2025-03-16,albert_park,red_bull,1
1361,63,3,3,15,4,57,Finished,russell,63,RUS,http://en.wikipedia.org/wiki/George_Russell_(racing_driver),George,Russell,1998-02-15,British,mercedes,https://en.wikipedia.org/wiki/Mercedes-Benz_in_Formula_One,Mercedes,German,6134785.0,+8.481,11.0,43.0,1:25.065,,,2025,1,Australian Grand Prix,2025-03-16,albert_park,mercedes,1
1362,12,4,4,12,16,57,Finished,antonelli,12,ANT,https://en.wikipedia.org/wiki/Andrea_Kimi_Antonelli,Andrea Kimi,Antonelli,2006-08-25,Italian,mercedes,https://en.wikipedia.org/wiki/Mercedes-Benz_in_Formula_One,Mercedes,German,6136439.0,+10.135,9.0,43.0,1:24.901,,,2025,1,Australian Grand Prix,2025-03-16,albert_park,mercedes,1
1363,23,5,5,10,6,57,Finished,albon,23,ALB,http://en.wikipedia.org/wiki/Alexander_Albon,Alexander,Albon,1996-03-23,Thai,williams,https://en.wikipedia.org/wiki/Williams_Racing,Williams,British,6139077.0,+12.773,8.0,43.0,1:24.597,,,2025,1,Australian Grand Prix,2025-03-16,albert_park,williams,1
1364,18,6,6,8,13,57,Finished,stroll,18,STR,http://en.wikipedia.org/wiki/Lance_Stroll,Lance,Stroll,1998-10-29,Canadian,aston_martin,https://en.wikipedia.org/wiki/Aston_Martin_in_Formula_One,Aston Martin,British,6143717.0,+17.413,14.0,43.0,1:25.538,,,2025,1,Australian Grand Prix,2025-03-16,albert_park,aston_martin,1
1365,27,7,7,6,17,57,Finished,hulkenberg,27,HUL,http://en.wikipedia.org/wiki/Nico_H%C3%BClkenberg,Nico,Hülkenberg,1987-08-19,German,sauber,https://en.wikipedia.org/wiki/Sauber_Motorsport,Sauber,Swiss,6144727.0,+18.423,12.0,43.0,1:25.243,,,2025,1,Australian Grand Prix,2025-03-16,albert_park,audi,1
1366,16,8,8,4,7,57,Finished,leclerc,16,LEC,http://en.wikipedia.org/wiki/Charles_Leclerc,Charles,Leclerc,1997-10-16,Monegasque,ferrari,https://en.wikipedia.org/wiki/Scuderia_Ferrari,Ferrari,Italian,6146130.0,+19.826,13.0,43.0,1:25.271,,,2025,1,Australian Grand Prix,2025-03-16,albert_park,ferrari,1
1367,81,9,9,2,2,57,Finished,piastri,81,PIA,http://en.wikipedia.org/wiki/Oscar_Piastri,Oscar,Piastri,2001-04-06,Australian,mclaren,https://en.wikipedia.org/wiki/McLaren,McLaren,British,6146752.0,+20.448,4.0,43.0,1:23.242,,,2025,1,Australian Grand Prix,2025-03-16,albert_park,mclaren,1
1368,44,10,10,1,8,57,Finished,hamilton,44,HAM,http://en.wikipedia.org/wiki/Lewis_Hamilton,Lewis,Hamilton,1985-01-07,British,ferrari,https://en.wikipedia.org/wiki/Scuderia_Ferrari,Ferrari,Italian,6148777.0,+22.473,7.0,43.0,1:24.218,,,2025,1,Australian Grand Prix,2025-03-16,albert_park,ferrari,1
1369,10,11,11,0,9,57,Finished,gasly,10,GAS,http://en.wikipedia.org/wiki/Pierre_Gasly,Pierre,Gasly,1996-02-07,French,alpine,https://en.wikipedia.org/wiki/Alpine_F1_Team,Alpine F1 Team,French,6152806.0,+26.502,10.0,43.0,1:25.020,,,2025,1,Australian Grand Prix,2025-03-16,albert_park,alpine,1
1370,22,12,12,0,5,57,Finished,tsunoda,22,TSU,http://en.wikipedia.org/wiki/Yuki_Tsunoda,Yuki,Tsunoda,2000-05-11,Japanese,rb,https://en.wikipedia.org/wiki/Racing_Bulls,RB F1 Team,Italian,6156188.0,+29.884,6.0,43.0,1:24.194,,,2025,1,Australian Grand Prix,2025-03-16,albert_park,rb,1
1371,31,13,13,0,19,57,Finished,ocon,31,OCO,http://en.wikipedia.org/wiki/Esteban_Ocon,Esteban,Ocon,1996-09-17,French,haas,https://en.wikipedia.org/wiki/Haas_F1_Team,Haas F1 Team,American,6159465.0,+33.161,15.0,42.0,1:26.764,,,2025,1,Australian Grand Prix,2025-03-16,albert_park,haas,1
1372,87,14,14,0,20,57,Finished,bearman,87,BEA,http://en.wikipedia.org/wiki/Oliver_Bearman,Oliver,Bearman,2005-05-08,British,haas,https://en.wikipedia.org/wiki/Haas_F1_Team,Haas F1 Team,American,6166655.0,+40.351,16.0,42.0,1:27.603,,,2025,1,Australian Grand Prix,2025-03-16,albert_park,haas,1
1373,30,15,R,0,18,46,Retired,lawson,30,LAW,http://en.wikipedia.org/wiki/Liam_Lawson,Liam,Lawson,2002-02-11,New Zealander,red_bull,https://en.wikipedia.org/wiki/Red_Bull_Racing,Red Bull,Austrian,,,2.0,43.0,1:22.970,,,2025,1,Australian Grand Prix,2025-03-16,albert_park,red_bull,0
1374,5,16,R,0,15,45,Retired,bortoleto,5,BOR,https://en.wikipedia.org/wiki/Gabriel_Bortoleto,Gabriel,Bortoleto,2004-10-14,Brazilian,sauber,https://en.wikipedia.org/wiki/Sauber_Motorsport,Sauber,Swiss,,,5.0,43.0,1:24.192,,,2025,1,Australian Grand Prix,2025-03-16,albert_park,audi,0
1375,14,17,R,0,12,32,Retired,alonso,14,ALO,http://en.wikipedia.org/wiki/Fernando_Alonso,Fernando,Alonso,1981-07-29,Spanish,aston_martin,https://en.wikipedia.org/wiki/Aston_Martin_in_Formula_One,Aston Martin,British,,,17.0,32.0,1:28.819,,,2025,1,Australian Grand Prix,2025-03-16,albert_park,aston_martin,0
1376,55,18,R,0,10,0,Retired,sainz,55,SAI,http://en.wikipedia.org/wiki/Carlos_Sainz_Jr.,Carlos,Sainz,1994-09-01,Spanish,williams,https://en.wikipedia.org/wiki/Williams_Racing,Williams,British,,,,,,,,2025,1,Australian Grand Prix,2025-03-16,albert_park,williams,0
1377,7,19,R,0,14,0,Retired,doohan,7,DOO,http://en.wikipedia.org/wiki/Jack_Doohan,Jack,Doohan,2003-01-20,Australian,alpine,https://en.wikipedia.org/wiki/Alpine_F1_Team,Alpine F1 Team,French,,,,,,,,2025,1,Australian Grand Prix,2025-03-16,albert_park,alpine,0
1378,6,20,R,0,11,0,Retired,hadjar,6,HAD,https://en.wikipedia.org/wiki/Isack_Hadjar,Isack,Hadjar,2004-09-28,French,rb,https://en.wikipedia.org/wiki/Racing_Bulls,RB F1 Team,Italian,,,,,,,,2025,1,Australian Grand Prix,2025-03-16,albert_park,rb,0
1379,81,1,1,25,1,56,Finished,piastri,81,PIA,http://en.wikipedia.org/wiki/Oscar_Piastri,Oscar,Piastri,2001-04-06,Australian,mclaren,https://en.wikipedia.org/wiki/McLaren,McLaren,British,5455026.0,1:30:55.026,3.0,53.0,1:35.520,,,2025,2,Chinese Grand Prix,2025-03-23,shanghai,mclaren,1
1380,4,2,2,18,3,56,Finished,norris,1,NOR,http://en.wikipedia.org/wiki/Lando_Norris,Lando,Norris,1999-11-13,British,mclaren,https://en.wikipedia.org/wiki/McLaren,McLaren,British,5464774.0,+9.748,1.0,53.0,1:35.454,,,2025,2,Chinese Grand Prix,2025-03-23,shanghai,mclaren,1
1381,63,3,3,15,2,56,Finished,russell,63,RUS,http://en.wikipedia.org/wiki/George_Russell_(racing_driver),George,Russell,1998-02-15,British,mercedes,https://en.wikipedia.org/wiki/Mercedes-Benz_in_Formula_One,Mercedes,German,5466123.0,+11.097,5.0,55.0,1:35.816,,,2025,2,Chinese Grand Prix,2025-03-23,shanghai,mercedes,1
1382,1,4,4,12,4,56,Finished,max_verstappen,3,VER,http://en.wikipedia.org/wiki/Max_Verstappen,Max,Verstappen,1997-09-30,Dutch,red_bull,https://en.wikipedia.org/wiki/Red_Bull_Racing,Red Bull,Austrian,5471682.0,+16.656,2.0,56.0,1:35.488,,,2025,2,Chinese Grand Prix,2025-03-23,shanghai,red_bull,1
1383,31,5,5,10,11,56,Finished,ocon,31,OCO,http://en.wikipedia.org/wiki/Esteban_Ocon,Esteban,Ocon,1996-09-17,French,haas,https://en.wikipedia.org/wiki/Haas_F1_Team,Haas F1 Team,American,5504995.0,+49.969,4.0,56.0,1:35.740,,,2025,2,Chinese Grand Prix,2025-03-23,shanghai,haas,1
1384,12,6,6,8,8,56,Finished,antonelli,12,ANT,https://en.wikipedia.org/wiki/Andrea_Kimi_Antonelli,Andrea Kimi,Antonelli,2006-08-25,Italian,mercedes,https://en.wikipedia.org/wiki/Mercedes-Benz_in_Formula_One,Mercedes,German,5508774.0,+53.748,11.0,56.0,1:36.046,,,2025,2,Chinese Grand Prix,2025-03-23,shanghai,mercedes,1
1385,23,7,7,6,10,56,Finished,albon,23,ALB,http://en.wikipedia.org/wiki/Alexander_Albon,Alexander,Albon,1996-03-23,Thai,williams,https://en.wikipedia.org/wiki/Williams_Racing,Williams,British,5511347.0,+56.321,12.0,52.0,1:36.254,,,2025,2,Chinese Grand Prix,2025-03-23,shanghai,williams,1
1386,87,8,8,4,17,56,Finished,bearman,87,BEA,http://en.wikipedia.org/wiki/Oliver_Bearman,Oliver,Bearman,2005-05-08,British,haas,https://en.wikipedia.org/wiki/Haas_F1_Team,Haas F1 Team,American,5516329.0,+1:01.303,13.0,52.0,1:36.363,,,2025,2,Chinese Grand Prix,2025-03-23,shanghai,haas,1
1387,18,9,9,2,14,56,Finished,stroll,18,STR,http://en.wikipedia.org/wiki/Lance_Stroll,Lance,Stroll,1998-10-29,Canadian,aston_martin,https://en.wikipedia.org/wiki/Aston_Martin_in_Formula_One,Aston Martin,British,5525230.0,+1:10.204,10.0,39.0,1:36.044,,,2025,2,Chinese Grand Prix,2025-03-23,shanghai,aston_martin,1
1388,55,10,10,1,15,56,Finished,sainz,55,SAI,http://en.wikipedia.org/wiki/Carlos_Sainz_Jr.,Carlos,Sainz,1994-09-01,Spanish,williams,https://en.wikipedia.org/wiki/Williams_Racing,Williams,British,5531413.0,+1:16.387,15.0,50.0,1:36.779,,,2025,2,Chinese Grand Prix,2025-03-23,shanghai,williams,1
1389,6,11,11,0,7,56,Finished,hadjar,6,HAD,https://en.wikipedia.org/wiki/Isack_Hadjar,Isack,Hadjar,2004-09-28,French,rb,https://en.wikipedia.org/wiki/Racing_Bulls,RB F1 Team,Italian,5533901.0,+1:18.875,6.0,35.0,1:35.868,,,2025,2,Chinese Grand Prix,2025-03-23,shanghai,rb,1
1390,30,12,12,0,20,56,Finished,lawson,30,LAW,http://en.wikipedia.org/wiki/Liam_Lawson,Liam,Lawson,2002-02-11,New Zealander,red_bull,https://en.wikipedia.org/wiki/Red_Bull_Racing,Red Bull,Austrian,5536173.0,+1:21.147,9.0,32.0,1:35.985,,,2025,2,Chinese Grand Prix,2025-03-23,shanghai,red_bull,1
1391,7,13,13,0,18,56,Finished,doohan,7,DOO,http://en.wikipedia.org/wiki/Jack_Doohan,Jack,Doohan,2003-01-20,Australian,alpine,https://en.wikipedia.org/wiki/Alpine_F1_Team,Alpine F1 Team,French,5543427.0,+1:28.401,14.0,52.0,1:36.424,,,2025,2,Chinese Grand Prix,2025-03-23,shanghai,alpine,1
1392,5,14,14,0,19,55,Lapped,bortoleto,5,BOR,https://en.wikipedia.org/wiki/Gabriel_Bortoleto,Gabriel,Bortoleto,2004-10-14,Brazilian,sauber,https://en.wikipedia.org/wiki/Sauber_Motorsport,Sauber,Swiss,5465782.0,+10.756,8.0,28.0,1:35.874,,,2025,2,Chinese Grand Prix,2025-03-23,shanghai,audi,1
1393,27,15,15,0,12,55,Lapped,hulkenberg,27,HUL,http://en.wikipedia.org/wiki/Nico_H%C3%BClkenberg,Nico,Hülkenberg,1987-08-19,German,sauber,https://en.wikipedia.org/wiki/Sauber_Motorsport,Sauber,Swiss,5475252.0,+20.226,16.0,35.0,1:37.275,,,2025,2,Chinese Grand Prix,2025-03-23,shanghai,audi,1
1394,22,16,16,0,9,55,Lapped,tsunoda,22,TSU,http://en.wikipedia.org/wiki/Yuki_Tsunoda,Yuki,Tsunoda,2000-05-11,Japanese,rb,https://en.wikipedia.org/wiki/Racing_Bulls,RB F1 Team,Italian,5478537.0,+23.511,7.0,49.0,1:35.871,,,2025,2,Chinese Grand Prix,2025-03-23,shanghai,rb,1
1395,14,17,R,0,13,4,Retired,alonso,14,ALO,http://en.wikipedia.org/wiki/Fernando_Alonso,Fernando,Alonso,1981-07-29,Spanish,aston_martin,https://en.wikipedia.org/wiki/Aston_Martin_in_Formula_One,Aston Martin,British,,,17.0,3.0,1:39.256,,,2025,2,Chinese Grand Prix,2025-03-23,shanghai,aston_martin,0
1396,16,18,D,0,6,0,Disqualified,leclerc,16,LEC,http://en.wikipedia.org/wiki/Charles_Leclerc,Charles,Leclerc,1997-10-16,Monegasque,ferrari,https://en.wikipedia.org/wiki/Scuderia_Ferrari,Ferrari,Italian,,,,,,,,2025,2,Chinese Grand Prix,2025-03-23,shanghai,ferrari,0
1397,44,19,D,0,5,0,Disqualified,hamilton,44,HAM,http://en.wikipedia.org/wiki/Lewis_Hamilton,Lewis,Hamilton,1985-01-07,British,ferrari,https://en.wikipedia.org/wiki/Scuderia_Ferrari,Ferrari,Italian,,,,,,,,2025,2,Chinese Grand Prix,2025-03-23,shanghai,ferrari,0
1398,10,20,D,0,16,0,Disqualified,gasly,10,GAS,http://en.wikipedia.org/wiki/Pierre_Gasly,Pierre,Gasly,1996-02-07,French,alpine,https://en.wikipedia.org/wiki/Alpine_F1_Team,Alpine F1 Team,French,,,,,,,,2025,2,Chinese Grand Prix,2025-03-23,shanghai,alpine,0
1399,1,1,1,25,1,53,Finished,max_verstappen,3,VER,http://en.wikipedia.org/wiki/Max_Verstappen,Max,Verstappen,1997-09-30,Dutch,red_bull,https://en.wikipedia.org/wiki/Red_Bull_Racing,Red Bull,Austrian,4926983.0,1:22:06.983,3.0,52.0,1:31.041,,,2025,3,Japanese Grand Prix,2025-04-06,suzuka,red_bull,1
1400,4,2,2,18,2,53,Finished,norris,1,NOR,http://en.wikipedia.org/wiki/Lando_Norris,Lando,Norris,1999-11-13,British,mclaren,https://en.wikipedia.org/wiki/McLaren,McLaren,British,4928406.0,+1.423,5.0,51.0,1:31.116,,,2025,3,Japanese Grand Prix,2025-04-06,suzuka,mclaren,1
1401,81,3,3,15,3,53,Finished,piastri,81,PIA,http://en.wikipedia.org/wiki/Oscar_Piastri,Oscar,Piastri,2001-04-06,Australian,mclaren,https://en.wikipedia.org/wiki/McLaren,McLaren,British,4929112.0,+2.129,2.0,53.0,1:31.039,,,2025,3,Japanese Grand Prix,2025-04-06,suzuka,mclaren,1
1402,16,4,4,12,4,53,Finished,leclerc,16,LEC,http://en.wikipedia.org/wiki/Charles_Leclerc,Charles,Leclerc,1997-10-16,Monegasque,ferrari,https://en.wikipedia.org/wiki/Scuderia_Ferrari,Ferrari,Italian,4943080.0,+16.097,10.0,47.0,1:31.469,,,2025,3,Japanese Grand Prix,2025-04-06,suzuka,ferrari,1
1403,63,5,5,10,5,53,Finished,russell,63,RUS,http://en.wikipedia.org/wiki/George_Russell_(racing_driver),George,Russell,1998-02-15,British,mercedes,https://en.wikipedia.org/wiki/Mercedes-Benz_in_Formula_One,Mercedes,German,4944345.0,+17.362,8.0,51.0,1:31.357,,,2025,3,Japanese Grand Prix,2025-04-06,suzuka,mercedes,1
1404,12,6,6,8,6,53,Finished,antonelli,12,ANT,https://en.wikipedia.org/wiki/Andrea_Kimi_Antonelli,Andrea Kimi,Antonelli,2006-08-25,Italian,mercedes,https://en.wikipedia.org/wiki/Mercedes-Benz_in_Formula_One,Mercedes,German,4945654.0,+18.671,1.0,50.0,1:30.965,,,2025,3,Japanese Grand Prix,2025-04-06,suzuka,mercedes,1
1405,44,7,7,6,8,53,Finished,hamilton,44,HAM,http://en.wikipedia.org/wiki/Lewis_Hamilton,Lewis,Hamilton,1985-01-07,British,ferrari,https://en.wikipedia.org/wiki/Scuderia_Ferrari,Ferrari,Italian,4956165.0,+29.182,9.0,51.0,1:31.406,,,2025,3,Japanese Grand Prix,2025-04-06,suzuka,ferrari,1
1406,6,8,8,4,7,53,Finished,hadjar,6,HAD,https://en.wikipedia.org/wiki/Isack_Hadjar,Isack,Hadjar,2004-09-28,French,rb,https://en.wikipedia.org/wiki/Racing_Bulls,RB F1 Team,Italian,4964117.0,+37.134,7.0,52.0,1:31.317,,,2025,3,Japanese Grand Prix,2025-04-06,suzuka,rb,1
1407,23,9,9,2,9,53,Finished,albon,23,ALB,http://en.wikipedia.org/wiki/Alexander_Albon,Alexander,Albon,1996-03-23,Thai,williams,https://en.wikipedia.org/wiki/Williams_Racing,Williams,British,4967350.0,+40.367,6.0,52.0,1:31.125,,,2025,3,Japanese Grand Prix,2025-04-06,suzuka,williams,1
1408,87,10,10,1,10,53,Finished,bearman,87,BEA,http://en.wikipedia.org/wiki/Oliver_Bearman,Oliver,Bearman,2005-05-08,British,haas,https://en.wikipedia.org/wiki/Haas_F1_Team,Haas F1 Team,American,4981512.0,+54.529,15.0,49.0,1:32.006,,,2025,3,Japanese Grand Prix,2025-04-06,suzuka,haas,1
1409,14,11,11,0,12,53,Finished,alonso,14,ALO,http://en.wikipedia.org/wiki/Fernando_Alonso,Fernando,Alonso,1981-07-29,Spanish,aston_martin,https://en.wikipedia.org/wiki/Aston_Martin_in_Formula_One,Aston Martin,British,4984316.0,+57.333,11.0,51.0,1:31.770,,,2025,3,Japanese Grand Prix,2025-04-06,suzuka,aston_martin,1
1410,22,12,12,0,14,53,Finished,tsunoda,22,TSU,http://en.wikipedia.org/wiki/Yuki_Tsunoda,Yuki,Tsunoda,2000-05-11,Japanese,red_bull,https://en.wikipedia.org/wiki/Red_Bull_Racing,Red Bull,Austrian,4985384.0,+58.401,13.0,51.0,1:31.871,,,2025,3,Japanese Grand Prix,2025-04-06,suzuka,red_bull,1
1411,10,13,13,0,11,53,Finished,gasly,10,GAS,http://en.wikipedia.org/wiki/Pierre_Gasly,Pierre,Gasly,1996-02-07,French,alpine,https://en.wikipedia.org/wiki/Alpine_F1_Team,Alpine F1 Team,French,4989105.0,+1:02.122,12.0,52.0,1:31.820,,,2025,3,Japanese Grand Prix,2025-04-06,suzuka,alpine,1
1412,55,14,14,0,15,53,Finished,sainz,55,SAI,http://en.wikipedia.org/wiki/Carlos_Sainz_Jr.,Carlos,Sainz,1994-09-01,Spanish,williams,https://en.wikipedia.org/wiki/Williams_Racing,Williams,British,5001112.0,+1:14.129,4.0,36.0,1:31.106,,,2025,3,Japanese Grand Prix,2025-04-06,suzuka,williams,1
1413,7,15,15,0,19,53,Finished,doohan,7,DOO,http://en.wikipedia.org/wiki/Jack_Doohan,Jack,Doohan,2003-01-20,Australian,alpine,https://en.wikipedia.org/wiki/Alpine_F1_Team,Alpine F1 Team,French,5008297.0,+1:21.314,20.0,47.0,1:32.685,,,2025,3,Japanese Grand Prix,2025-04-06,suzuka,alpine,1
1414,27,16,16,0,16,53,Finished,hulkenberg,27,HUL,http://en.wikipedia.org/wiki/Nico_H%C3%BClkenberg,Nico,Hülkenberg,1987-08-19,German,sauber,https://en.wikipedia.org/wiki/Sauber_Motorsport,Sauber,Swiss,5008940.0,+1:21.957,19.0,31.0,1:32.572,,,2025,3,Japanese Grand Prix,2025-04-06,suzuka,audi,1
1415,30,17,17,0,13,53,Finished,lawson,30,LAW,http://en.wikipedia.org/wiki/Liam_Lawson,Liam,Lawson,2002-02-11,New Zealander,rb,https://en.wikipedia.org/wiki/Racing_Bulls,RB F1 Team,Italian,5009717.0,+1:22.734,17.0,39.0,1:32.043,,,2025,3,Japanese Grand Prix,2025-04-06,suzuka,rb,1
1416,31,18,18,0,18,53,Finished,ocon,31,OCO,http://en.wikipedia.org/wiki/Esteban_Ocon,Esteban,Ocon,1996-09-17,French,haas,https://en.wikipedia.org/wiki/Haas_F1_Team,Haas F1 Team,American,5010421.0,+1:23.438,14.0,48.0,1:31.967,,,2025,3,Japanese Grand Prix,2025-04-06,suzuka,haas,1
1417,5,19,19,0,17,53,Finished,bortoleto,5,BOR,https://en.wikipedia.org/wiki/Gabriel_Bortoleto,Gabriel,Bortoleto,2004-10-14,Brazilian,sauber,https://en.wikipedia.org/wiki/Sauber_Motorsport,Sauber,Swiss,5010880.0,+1:23.897,16.0,45.0,1:32.034,,,2025,3,Japanese Grand Prix,2025-04-06,suzuka,audi,1
1418,18,20,20,0,20,52,Lapped,stroll,18,STR,http://en.wikipedia.org/wiki/Lance_Stroll,Lance,Stroll,1998-10-29,Canadian,aston_martin,https://en.wikipedia.org/wiki/Aston_Martin_in_Formula_One,Aston Martin,British,4939912.0,+12.929,18.0,52.0,1:32.052,,,2025,3,Japanese Grand Prix,2025-04-06,suzuka,aston_martin,1
1419,81,1,1,25,1,57,Finished,piastri,81,PIA,http://en.wikipedia.org/wiki/Oscar_Piastri,Oscar,Piastri,2001-04-06,Australian,mclaren,https://en.wikipedia.org/wiki/McLaren,McLaren,British,5739435.0,1:35:39.435,1.0,36.0,1:35.140,,,2025,4,Bahrain Grand Prix,2025-04-13,bahrain,mclaren,1
1420,63,2,2,18,3,57,Finished,russell,63,RUS,http://en.wikipedia.org/wiki/George_Russell_(racing_driver),George,Russell,1998-02-15,British,mercedes,https://en.wikipedia.org/wiki/Mercedes-Benz_in_Formula_One,Mercedes,German,5754934.0,+15.499,2.0,36.0,1:35.518,,,2025,4,Bahrain Grand Prix,2025-04-13,bahrain,mercedes,1
1421,4,3,3,15,6,57,Finished,norris,1,NOR,http://en.wikipedia.org/wiki/Lando_Norris,Lando,Norris,1999-11-13,British,mclaren,https://en.wikipedia.org/wiki/McLaren,McLaren,British,5755708.0,+16.273,3.0,38.0,1:35.728,,,2025,4,Bahrain Grand Prix,2025-04-13,bahrain,mclaren,1
1422,16,4,4,12,2,57,Finished,leclerc,16,LEC,http://en.wikipedia.org/wiki/Charles_Leclerc,Charles,Leclerc,1997-10-16,Monegasque,ferrari,https://en.wikipedia.org/wiki/Scuderia_Ferrari,Ferrari,Italian,5759114.0,+19.679,4.0,36.0,1:36.132,,,2025,4,Bahrain Grand Prix,2025-04-13,bahrain,ferrari,1
1423,44,5,5,10,9,57,Finished,hamilton,44,HAM,http://en.wikipedia.org/wiki/Lewis_Hamilton,Lewis,Hamilton,1985-01-07,British,ferrari,https://en.wikipedia.org/wiki/Scuderia_Ferrari,Ferrari,Italian,5767428.0,+27.993,6.0,37.0,1:36.235,,,2025,4,Bahrain Grand Prix,2025-04-13,bahrain,ferrari,1
1424,1,6,6,8,7,57,Finished,max_verstappen,3,VER,http://en.wikipedia.org/wiki/Max_Verstappen,Max,Verstappen,1997-09-30,Dutch,red_bull,https://en.wikipedia.org/wiki/Red_Bull_Racing,Red Bull,Austrian,5773830.0,+34.395,5.0,29.0,1:36.167,,,2025,4,Bahrain Grand Prix,2025-04-13,bahrain,red_bull,1
1425,10,7,7,6,4,57,Finished,gasly,10,GAS,http://en.wikipedia.org/wiki/Pierre_Gasly,Pierre,Gasly,1996-02-07,French,alpine,https://en.wikipedia.org/wiki/Alpine_F1_Team,Alpine F1 Team,French,5775437.0,+36.002,7.0,39.0,1:36.531,,,2025,4,Bahrain Grand Prix,2025-04-13,bahrain,alpine,1
1426,31,8,8,4,14,57,Finished,ocon,31,OCO,http://en.wikipedia.org/wiki/Esteban_Ocon,Esteban,Ocon,1996-09-17,French,haas,https://en.wikipedia.org/wiki/Haas_F1_Team,Haas F1 Team,American,5783679.0,+44.244,12.0,30.0,1:37.098,,,2025,4,Bahrain Grand Prix,2025-04-13,bahrain,haas,1
1427,22,9,9,2,10,57,Finished,tsunoda,22,TSU,http://en.wikipedia.org/wiki/Yuki_Tsunoda,Yuki,Tsunoda,2000-05-11,Japanese,red_bull,https://en.wikipedia.org/wiki/Red_Bull_Racing,Red Bull,Austrian,5784496.0,+45.061,14.0,45.0,1:37.225,,,2025,4,Bahrain Grand Prix,2025-04-13,bahrain,red_bull,1
1428,87,10,10,1,20,57,Finished,bearman,87,BEA,http://en.wikipedia.org/wiki/Oliver_Bearman,Oliver,Bearman,2005-05-08,British,haas,https://en.wikipedia.org/wiki/Haas_F1_Team,Haas F1 Team,American,5787029.0,+47.594,15.0,40.0,1:37.303,,,2025,4,Bahrain Grand Prix,2025-04-13,bahrain,haas,1
1429,12,11,11,0,5,57,Finished,antonelli,12,ANT,https://en.wikipedia.org/wiki/Andrea_Kimi_Antonelli,Andrea Kimi,Antonelli,2006-08-25,Italian,mercedes,https://en.wikipedia.org/wiki/Mercedes-Benz_in_Formula_One,Mercedes,German,5787451.0,+48.016,9.0,29.0,1:36.690,,,2025,4,Bahrain Grand Prix,2025-04-13,bahrain,mercedes,1
1430,23,12,12,0,15,57,Finished,albon,23,ALB,http://en.wikipedia.org/wiki/Alexander_Albon,Alexander,Albon,1996-03-23,Thai,williams,https://en.wikipedia.org/wiki/Williams_Racing,Williams,British,5788274.0,+48.839,13.0,47.0,1:37.141,,,2025,4,Bahrain Grand Prix,2025-04-13,bahrain,williams,1
1431,6,13,13,0,12,57,Finished,hadjar,6,HAD,https://en.wikipedia.org/wiki/Isack_Hadjar,Isack,Hadjar,2004-09-28,French,rb,https://en.wikipedia.org/wiki/Racing_Bulls,RB F1 Team,Italian,5795749.0,+56.314,10.0,30.0,1:36.952,,,2025,4,Bahrain Grand Prix,2025-04-13,bahrain,rb,1
1432,7,14,14,0,11,57,Finished,doohan,7,DOO,http://en.wikipedia.org/wiki/Jack_Doohan,Jack,Doohan,2003-01-20,Australian,alpine,https://en.wikipedia.org/wiki/Alpine_F1_Team,Alpine F1 Team,French,5797241.0,+57.806,8.0,31.0,1:36.682,,,2025,4,Bahrain Grand Prix,2025-04-13,bahrain,alpine,1
1433,14,15,15,0,13,57,Finished,alonso,14,ALO,http://en.wikipedia.org/wiki/Fernando_Alonso,Fernando,Alonso,1981-07-29,Spanish,aston_martin,https://en.wikipedia.org/wiki/Aston_Martin_in_Formula_One,Aston Martin,British,5799775.0,+1:00.340,17.0,38.0,1:37.906,,,2025,4,Bahrain Grand Prix,2025-04-13,bahrain,aston_martin,1
1434,30,16,16,0,17,57,Finished,lawson,30,LAW,http://en.wikipedia.org/wiki/Liam_Lawson,Liam,Lawson,2002-02-11,New Zealander,rb,https://en.wikipedia.org/wiki/Racing_Bulls,RB F1 Team,Italian,5803870.0,+1:04.435,16.0,44.0,1:37.380,,,2025,4,Bahrain Grand Prix,2025-04-13,bahrain,rb,1
1435,18,17,17,0,19,57,Finished,stroll,18,STR,http://en.wikipedia.org/wiki/Lance_Stroll,Lance,Stroll,1998-10-29,Canadian,aston_martin,https://en.wikipedia.org/wiki/Aston_Martin_in_Formula_One,Aston Martin,British,5804924.0,+1:05.489,19.0,38.0,1:38.064,,,2025,4,Bahrain Grand Prix,2025-04-13,bahrain,aston_martin,1
1436,5,18,18,0,18,57,Finished,bortoleto,5,BOR,https://en.wikipedia.org/wiki/Gabriel_Bortoleto,Gabriel,Bortoleto,2004-10-14,Brazilian,sauber,https://en.wikipedia.org/wiki/Sauber_Motorsport,Sauber,Swiss,5806307.0,+1:06.872,18.0,38.0,1:38.006,,,2025,4,Bahrain Grand Prix,2025-04-13,bahrain,audi,1
1437,55,19,R,0,8,45,Retired,sainz,55,SAI,http://en.wikipedia.org/wiki/Carlos_Sainz_Jr.,Carlos,Sainz,1994-09-01,Spanish,williams,https://en.wikipedia.org/wiki/Williams_Racing,Williams,British,,,11.0,16.0,1:36.954,,,2025,4,Bahrain Grand Prix,2025-04-13,bahrain,williams,0
1438,27,20,D,0,16,0,Disqualified,hulkenberg,27,HUL,http://en.wikipedia.org/wiki/Nico_H%C3%BClkenberg,Nico,Hülkenberg,1987-08-19,German,sauber,https://en.wikipedia.org/wiki/Sauber_Motorsport,Sauber,Swiss,,,,,,,,2025,4,Bahrain Grand Prix,2025-04-13,bahrain,audi,0
1439,81,1,1,25,2,50,Finished,piastri,81,PIA,http://en.wikipedia.org/wiki/Oscar_Piastri,Oscar,Piastri,2001-04-06,Australian,mclaren,https://en.wikipedia.org/wiki/McLaren,McLaren,British,4866758.0,1:21:06.758,3.0,50.0,1:32.228,,,2025,5,Saudi Arabian Grand Prix,2025-04-20,jeddah,mclaren,1
1440,1,2,2,18,1,50,Finished,max_verstappen,3,VER,http://en.wikipedia.org/wiki/Max_Verstappen,Max,Verstappen,1997-09-30,Dutch,red_bull,https://en.wikipedia.org/wiki/Red_Bull_Racing,Red Bull,Austrian,4869601.0,+2.843,4.0,49.0,1:32.280,,,2025,5,Saudi Arabian Grand Prix,2025-04-20,jeddah,red_bull,1
1441,16,3,3,15,4,50,Finished,leclerc,16,LEC,http://en.wikipedia.org/wiki/Charles_Leclerc,Charles,Leclerc,1997-10-16,Monegasque,ferrari,https://en.wikipedia.org/wiki/Scuderia_Ferrari,Ferrari,Italian,4874862.0,+8.104,2.0,49.0,1:32.192,,,2025,5,Saudi Arabian Grand Prix,2025-04-20,jeddah,ferrari,1
1442,4,4,4,12,10,50,Finished,norris,1,NOR,http://en.wikipedia.org/wiki/Lando_Norris,Lando,Norris,1999-11-13,British,mclaren,https://en.wikipedia.org/wiki/McLaren,McLaren,British,4875954.0,+9.196,1.0,41.0,1:31.778,,,2025,5,Saudi Arabian Grand Prix,2025-04-20,jeddah,mclaren,1
1443,63,5,5,10,3,50,Finished,russell,63,RUS,http://en.wikipedia.org/wiki/George_Russell_(racing_driver),George,Russell,1998-02-15,British,mercedes,https://en.wikipedia.org/wiki/Mercedes-Benz_in_Formula_One,Mercedes,German,4893994.0,+27.236,9.0,32.0,1:32.893,,,2025,5,Saudi Arabian Grand Prix,2025-04-20,jeddah,mercedes,1
1444,12,6,6,8,5,50,Finished,antonelli,12,ANT,https://en.wikipedia.org/wiki/Andrea_Kimi_Antonelli,Andrea Kimi,Antonelli,2006-08-25,Italian,mercedes,https://en.wikipedia.org/wiki/Mercedes-Benz_in_Formula_One,Mercedes,German,4901446.0,+34.688,5.0,50.0,1:32.396,,,2025,5,Saudi Arabian Grand Prix,2025-04-20,jeddah,mercedes,1
1445,44,7,7,6,7,50,Finished,hamilton,44,HAM,http://en.wikipedia.org/wiki/Lewis_Hamilton,Lewis,Hamilton,1985-01-07,British,ferrari,https://en.wikipedia.org/wiki/Scuderia_Ferrari,Ferrari,Italian,4905831.0,+39.073,7.0,43.0,1:32.600,,,2025,5,Saudi Arabian Grand Prix,2025-04-20,jeddah,ferrari,1
1446,55,8,8,4,6,50,Finished,sainz,55,SAI,http://en.wikipedia.org/wiki/Carlos_Sainz_Jr.,Carlos,Sainz,1994-09-01,Spanish,williams,https://en.wikipedia.org/wiki/Williams_Racing,Williams,British,4931388.0,+1:04.630,6.0,50.0,1:32.466,,,2025,5,Saudi Arabian Grand Prix,2025-04-20,jeddah,williams,1
1447,23,9,9,2,11,50,Finished,albon,23,ALB,http://en.wikipedia.org/wiki/Alexander_Albon,Alexander,Albon,1996-03-23,Thai,williams,https://en.wikipedia.org/wiki/Williams_Racing,Williams,British,4933273.0,+1:06.515,16.0,47.0,1:33.477,,,2025,5,Saudi Arabian Grand Prix,2025-04-20,jeddah,williams,1
1448,6,10,10,1,14,50,Finished,hadjar,6,HAD,https://en.wikipedia.org/wiki/Isack_Hadjar,Isack,Hadjar,2004-09-28,French,rb,https://en.wikipedia.org/wiki/Racing_Bulls,RB F1 Team,Italian,4933849.0,+1:07.091,14.0,39.0,1:33.257,,,2025,5,Saudi Arabian Grand Prix,2025-04-20,jeddah,rb,1
1449,14,11,11,0,13,50,Finished,alonso,14,ALO,http://en.wikipedia.org/wiki/Fernando_Alonso,Fernando,Alonso,1981-07-29,Spanish,aston_martin,https://en.wikipedia.org/wiki/Aston_Martin_in_Formula_One,Aston Martin,British,4942675.0,+1:15.917,11.0,49.0,1:33.009,,,2025,5,Saudi Arabian Grand Prix,2025-04-20,jeddah,aston_martin,1
1450,30,12,12,0,12,50,Finished,lawson,30,LAW,http://en.wikipedia.org/wiki/Liam_Lawson,Liam,Lawson,2002-02-11,New Zealander,rb,https://en.wikipedia.org/wiki/Racing_Bulls,RB F1 Team,Italian,4945209.0,+1:18.451,10.0,43.0,1:32.998,,,2025,5,Saudi Arabian Grand Prix,2025-04-20,jeddah,rb,1
1451,87,13,13,0,15,50,Finished,bearman,87,BEA,http://en.wikipedia.org/wiki/Oliver_Bearman,Oliver,Bearman,2005-05-08,British,haas,https://en.wikipedia.org/wiki/Haas_F1_Team,Haas F1 Team,American,4945952.0,+1:19.194,13.0,50.0,1:33.238,,,2025,5,Saudi Arabian Grand Prix,2025-04-20,jeddah,haas,1
1452,31,14,14,0,19,50,Finished,ocon,31,OCO,http://en.wikipedia.org/wiki/Esteban_Ocon,Esteban,Ocon,1996-09-17,French,haas,https://en.wikipedia.org/wiki/Haas_F1_Team,Haas F1 Team,American,4966481.0,+1:39.723,17.0,47.0,1:34.309,,,2025,5,Saudi Arabian Grand Prix,2025-04-20,jeddah,haas,1
1453,27,15,15,0,18,49,Lapped,hulkenberg,27,HUL,http://en.wikipedia.org/wiki/Nico_H%C3%BClkenberg,Nico,Hülkenberg,1987-08-19,German,sauber,https://en.wikipedia.org/wiki/Sauber_Motorsport,Sauber,Swiss,4871367.0,+4.609,15.0,39.0,1:33.446,,,2025,5,Saudi Arabian Grand Prix,2025-04-20,jeddah,audi,1
1454,18,16,16,0,16,49,Lapped,stroll,18,STR,http://en.wikipedia.org/wiki/Lance_Stroll,Lance,Stroll,1998-10-29,Canadian,aston_martin,https://en.wikipedia.org/wiki/Aston_Martin_in_Formula_One,Aston Martin,British,4872285.0,+5.527,8.0,44.0,1:32.745,,,2025,5,Saudi Arabian Grand Prix,2025-04-20,jeddah,aston_martin,1
1455,7,17,17,0,17,49,Lapped,doohan,7,DOO,http://en.wikipedia.org/wiki/Jack_Doohan,Jack,Doohan,2003-01-20,Australian,alpine,https://en.wikipedia.org/wiki/Alpine_F1_Team,Alpine F1 Team,French,4886022.0,+19.264,12.0,48.0,1:33.150,,,2025,5,Saudi Arabian Grand Prix,2025-04-20,jeddah,alpine,1
1456,5,18,18,0,20,49,Lapped,bortoleto,5,BOR,https://en.wikipedia.org/wiki/Gabriel_Bortoleto,Gabriel,Bortoleto,2004-10-14,Brazilian,sauber,https://en.wikipedia.org/wiki/Sauber_Motorsport,Sauber,Swiss,4886064.0,+19.306,18.0,39.0,1:34.447,,,2025,5,Saudi Arabian Grand Prix,2025-04-20,jeddah,audi,1
1457,22,19,R,0,8,1,Retired,tsunoda,22,TSU,http://en.wikipedia.org/wiki/Yuki_Tsunoda,Yuki,Tsunoda,2000-05-11,Japanese,red_bull,https://en.wikipedia.org/wiki/Red_Bull_Racing,Red Bull,Austrian,,,,,,,,2025,5,Saudi Arabian Grand Prix,2025-04-20,jeddah,red_bull,0
1458,10,20,R,0,9,0,Retired,gasly,10,GAS,http://en.wikipedia.org/wiki/Pierre_Gasly,Pierre,Gasly,1996-02-07,French,alpine,https://en.wikipedia.org/wiki/Alpine_F1_Team,Alpine F1 Team,French,,,,,,,,2025,5,Saudi Arabian Grand Prix,2025-04-20,jeddah,alpine,0
1459,81,1,1,25,4,57,Finished,piastri,81,PIA,http://en.wikipedia.org/wiki/Oscar_Piastri,Oscar,Piastri,2001-04-06,Australian,mclaren,https://en.wikipedia.org/wiki/McLaren,McLaren,British,5331587.0,1:28:51.587,2.0,35.0,1:29.822,,,2025,6,Miami Grand Prix,2025-05-04,miami,mclaren,1
1460,4,2,2,18,2,57,Finished,norris,1,NOR,http://en.wikipedia.org/wiki/Lando_Norris,Lando,Norris,1999-11-13,British,mclaren,https://en.wikipedia.org/wiki/McLaren,McLaren,British,5336217.0,+4.630,1.0,36.0,1:29.746,,,2025,6,Miami Grand Prix,2025-05-04,miami,mclaren,1
1461,63,3,3,15,5,57,Finished,russell,63,RUS,http://en.wikipedia.org/wiki/George_Russell_(racing_driver),George,Russell,1998-02-15,British,mercedes,https://en.wikipedia.org/wiki/Mercedes-Benz_in_Formula_One,Mercedes,German,5369231.0,+37.644,3.0,31.0,1:30.318,,,2025,6,Miami Grand Prix,2025-05-04,miami,mercedes,1
1462,1,4,4,12,1,57,Finished,max_verstappen,3,VER,http://en.wikipedia.org/wiki/Max_Verstappen,Max,Verstappen,1997-09-30,Dutch,red_bull,https://en.wikipedia.org/wiki/Red_Bull_Racing,Red Bull,Austrian,5371543.0,+39.956,5.0,41.0,1:30.466,,,2025,6,Miami Grand Prix,2025-05-04,miami,red_bull,1
1463,23,5,5,10,7,57,Finished,albon,23,ALB,http://en.wikipedia.org/wiki/Alexander_Albon,Alexander,Albon,1996-03-23,Thai,williams,https://en.wikipedia.org/wiki/Williams_Racing,Williams,British,5379654.0,+48.067,6.0,55.0,1:30.482,,,2025,6,Miami Grand Prix,2025-05-04,miami,williams,1
1464,12,6,6,8,3,57,Finished,antonelli,12,ANT,https://en.wikipedia.org/wiki/Andrea_Kimi_Antonelli,Andrea Kimi,Antonelli,2006-08-25,Italian,mercedes,https://en.wikipedia.org/wiki/Mercedes-Benz_in_Formula_One,Mercedes,German,5387089.0,+55.502,9.0,27.0,1:30.795,,,2025,6,Miami Grand Prix,2025-05-04,miami,mercedes,1
1465,16,7,7,6,8,57,Finished,leclerc,16,LEC,http://en.wikipedia.org/wiki/Charles_Leclerc,Charles,Leclerc,1997-10-16,Monegasque,ferrari,https://en.wikipedia.org/wiki/Scuderia_Ferrari,Ferrari,Italian,5388623.0,+57.036,4.0,35.0,1:30.461,,,2025,6,Miami Grand Prix,2025-05-04,miami,ferrari,1
1466,44,8,8,4,12,57,Finished,hamilton,44,HAM,http://en.wikipedia.org/wiki/Lewis_Hamilton,Lewis,Hamilton,1985-01-07,British,ferrari,https://en.wikipedia.org/wiki/Scuderia_Ferrari,Ferrari,Italian,5391773.0,+1:00.186,7.0,35.0,1:30.562,,,2025,6,Miami Grand Prix,2025-05-04,miami,ferrari,1
1467,55,9,9,2,6,57,Finished,sainz,55,SAI,http://en.wikipedia.org/wiki/Carlos_Sainz_Jr.,Carlos,Sainz,1994-09-01,Spanish,williams,https://en.wikipedia.org/wiki/Williams_Racing,Williams,British,5392164.0,+1:00.577,8.0,35.0,1:30.703,,,2025,6,Miami Grand Prix,2025-05-04,miami,williams,1
1468,22,10,10,1,10,57,Finished,tsunoda,22,TSU,http://en.wikipedia.org/wiki/Yuki_Tsunoda,Yuki,Tsunoda,2000-05-11,Japanese,red_bull,https://en.wikipedia.org/wiki/Red_Bull_Racing,Red Bull,Austrian,5406021.0,+1:14.434,10.0,55.0,1:30.964,,,2025,6,Miami Grand Prix,2025-05-04,miami,red_bull,1
1469,6,11,11,0,11,57,Finished,hadjar,6,HAD,https://en.wikipedia.org/wiki/Isack_Hadjar,Isack,Hadjar,2004-09-28,French,rb,https://en.wikipedia.org/wiki/Racing_Bulls,RB F1 Team,Italian,5406189.0,+1:14.602,11.0,51.0,1:30.971,,,2025,6,Miami Grand Prix,2025-05-04,miami,rb,1
1470,31,12,12,0,9,57,Finished,ocon,31,OCO,http://en.wikipedia.org/wiki/Esteban_Ocon,Esteban,Ocon,1996-09-17,French,haas,https://en.wikipedia.org/wiki/Haas_F1_Team,Haas F1 Team,American,5413593.0,+1:22.006,13.0,30.0,1:31.122,,,2025,6,Miami Grand Prix,2025-05-04,miami,haas,1
1471,10,13,13,0,20,57,Finished,gasly,10,GAS,http://en.wikipedia.org/wiki/Pierre_Gasly,Pierre,Gasly,1996-02-07,French,alpine,https://en.wikipedia.org/wiki/Alpine_F1_Team,Alpine F1 Team,French,5422032.0,+1:30.445,14.0,35.0,1:31.159,,,2025,6,Miami Grand Prix,2025-05-04,miami,alpine,1
1472,27,14,14,0,16,56,Lapped,hulkenberg,27,HUL,http://en.wikipedia.org/wiki/Nico_H%C3%BClkenberg,Nico,Hülkenberg,1987-08-19,German,sauber,https://en.wikipedia.org/wiki/Sauber_Motorsport,Sauber,Swiss,5332742.0,+1.155,12.0,43.0,1:31.015,,,2025,6,Miami Grand Prix,2025-05-04,miami,audi,1
1473,14,15,15,0,17,56,Lapped,alonso,14,ALO,http://en.wikipedia.org/wiki/Fernando_Alonso,Fernando,Alonso,1981-07-29,Spanish,aston_martin,https://en.wikipedia.org/wiki/Aston_Martin_in_Formula_One,Aston Martin,British,5352566.0,+20.979,15.0,38.0,1:31.287,,,2025,6,Miami Grand Prix,2025-05-04,miami,aston_martin,1
1474,18,16,16,0,18,56,Lapped,stroll,18,STR,http://en.wikipedia.org/wiki/Lance_Stroll,Lance,Stroll,1998-10-29,Canadian,aston_martin,https://en.wikipedia.org/wiki/Aston_Martin_in_Formula_One,Aston Martin,British,5356749.0,+25.162,16.0,50.0,1:31.769,,,2025,6,Miami Grand Prix,2025-05-04,miami,aston_martin,1
1475,30,17,R,0,15,36,Retired,lawson,30,LAW,http://en.wikipedia.org/wiki/Liam_Lawson,Liam,Lawson,2002-02-11,New Zealander,rb,https://en.wikipedia.org/wiki/Racing_Bulls,RB F1 Team,Italian,,,17.0,30.0,1:31.770,,,2025,6,Miami Grand Prix,2025-05-04,miami,rb,0
1476,5,18,R,0,13,30,Retired,bortoleto,5,BOR,https://en.wikipedia.org/wiki/Gabriel_Bortoleto,Gabriel,Bortoleto,2004-10-14,Brazilian,sauber,https://en.wikipedia.org/wiki/Sauber_Motorsport,Sauber,Swiss,,,18.0,21.0,1:32.328,,,2025,6,Miami Grand Prix,2025-05-04,miami,audi,0
1477,87,19,R,0,19,27,Retired,bearman,87,BEA,http://en.wikipedia.org/wiki/Oliver_Bearman,Oliver,Bearman,2005-05-08,British,haas,https://en.wikipedia.org/wiki/Haas_F1_Team,Haas F1 Team,American,,,19.0,24.0,1:32.680,,,2025,6,Miami Grand Prix,2025-05-04,miami,haas,0
1478,7,20,R,0,14,0,Retired,doohan,7,DOO,http://en.wikipedia.org/wiki/Jack_Doohan,Jack,Doohan,2003-01-20,Australian,alpine,https://en.wikipedia.org/wiki/Alpine_F1_Team,Alpine F1 Team,French,,,,,,,,2025,6,Miami Grand Prix,2025-05-04,miami,alpine,0
1479,1,1,1,25,2,63,Finished,max_verstappen,3,VER,http://en.wikipedia.org/wiki/Max_Verstappen,Max,Verstappen,1997-09-30,Dutch,red_bull,https://en.wikipedia.org/wiki/Red_Bull_Racing,Red Bull,Austrian,5493199.0,1:31:33.199,1.0,58.0,1:17.988,,,2025,7,Emilia Romagna Grand Prix,2025-05-18,imola,red_bull,1
1480,4,2,2,18,4,63,Finished,norris,1,NOR,http://en.wikipedia.org/wiki/Lando_Norris,Lando,Norris,1999-11-13,British,mclaren,https://en.wikipedia.org/wiki/McLaren,McLaren,British,5499308.0,+6.109,4.0,63.0,1:18.311,,,2025,7,Emilia Romagna Grand Prix,2025-05-18,imola,mclaren,1
1481,81,3,3,15,1,63,Finished,piastri,81,PIA,http://en.wikipedia.org/wiki/Oscar_Piastri,Oscar,Piastri,2001-04-06,Australian,mclaren,https://en.wikipedia.org/wiki/McLaren,McLaren,British,5506155.0,+12.956,5.0,56.0,1:18.894,,,2025,7,Emilia Romagna Grand Prix,2025-05-18,imola,mclaren,1
1482,44,4,4,12,12,63,Finished,hamilton,44,HAM,http://en.wikipedia.org/wiki/Lewis_Hamilton,Lewis,Hamilton,1985-01-07,British,ferrari,https://en.wikipedia.org/wiki/Scuderia_Ferrari,Ferrari,Italian,5507555.0,+14.356,2.0,61.0,1:18.265,,,2025,7,Emilia Romagna Grand Prix,2025-05-18,imola,ferrari,1
1483,23,5,5,10,7,63,Finished,albon,23,ALB,http://en.wikipedia.org/wiki/Alexander_Albon,Alexander,Albon,1996-03-23,Thai,williams,https://en.wikipedia.org/wiki/Williams_Racing,Williams,British,5511144.0,+17.945,3.0,63.0,1:18.289,,,2025,7,Emilia Romagna Grand Prix,2025-05-18,imola,williams,1
1484,16,6,6,8,11,63,Finished,leclerc,16,LEC,http://en.wikipedia.org/wiki/Charles_Leclerc,Charles,Leclerc,1997-10-16,Monegasque,ferrari,https://en.wikipedia.org/wiki/Scuderia_Ferrari,Ferrari,Italian,5513973.0,+20.774,6.0,56.0,1:19.048,,,2025,7,Emilia Romagna Grand Prix,2025-05-18,imola,ferrari,1
1485,63,7,7,6,3,63,Finished,russell,63,RUS,http://en.wikipedia.org/wiki/George_Russell_(racing_driver),George,Russell,1998-02-15,British,mercedes,https://en.wikipedia.org/wiki/Mercedes-Benz_in_Formula_One,Mercedes,German,5515233.0,+22.034,9.0,55.0,1:19.733,,,2025,7,Emilia Romagna Grand Prix,2025-05-18,imola,mercedes,1
1486,55,8,8,4,6,63,Finished,sainz,55,SAI,http://en.wikipedia.org/wiki/Carlos_Sainz_Jr.,Carlos,Sainz,1994-09-01,Spanish,williams,https://en.wikipedia.org/wiki/Williams_Racing,Williams,British,5516097.0,+22.898,10.0,58.0,1:19.836,,,2025,7,Emilia Romagna Grand Prix,2025-05-18,imola,williams,1
1487,6,9,9,2,9,63,Finished,hadjar,6,HAD,https://en.wikipedia.org/wiki/Isack_Hadjar,Isack,Hadjar,2004-09-28,French,rb,https://en.wikipedia.org/wiki/Racing_Bulls,RB F1 Team,Italian,5516785.0,+23.586,7.0,60.0,1:19.473,,,2025,7,Emilia Romagna Grand Prix,2025-05-18,imola,rb,1
1488,22,10,10,1,20,63,Finished,tsunoda,22,TSU,http://en.wikipedia.org/wiki/Yuki_Tsunoda,Yuki,Tsunoda,2000-05-11,Japanese,red_bull,https://en.wikipedia.org/wiki/Red_Bull_Racing,Red Bull,Austrian,5519645.0,+26.446,12.0,60.0,1:20.039,,,2025,7,Emilia Romagna Grand Prix,2025-05-18,imola,red_bull,1
1489,14,11,11,0,5,63,Finished,alonso,14,ALO,http://en.wikipedia.org/wiki/Fernando_Alonso,Fernando,Alonso,1981-07-29,Spanish,aston_martin,https://en.wikipedia.org/wiki/Aston_Martin_in_Formula_One,Aston Martin,British,5520449.0,+27.250,11.0,61.0,1:19.894,,,2025,7,Emilia Romagna Grand Prix,2025-05-18,imola,aston_martin,1
1490,27,12,12,0,17,63,Finished,hulkenberg,27,HUL,http://en.wikipedia.org/wiki/Nico_H%C3%BClkenberg,Nico,Hülkenberg,1987-08-19,German,sauber,https://en.wikipedia.org/wiki/Sauber_Motorsport,Sauber,Swiss,5523495.0,+30.296,15.0,62.0,1:20.401,,,2025,7,Emilia Romagna Grand Prix,2025-05-18,imola,audi,1
1491,10,13,13,0,10,63,Finished,gasly,10,GAS,http://en.wikipedia.org/wiki/Pierre_Gasly,Pierre,Gasly,1996-02-07,French,alpine,https://en.wikipedia.org/wiki/Alpine_F1_Team,Alpine F1 Team,French,5524623.0,+31.424,14.0,58.0,1:20.398,,,2025,7,Emilia Romagna Grand Prix,2025-05-18,imola,alpine,1
1492,30,14,14,0,15,63,Finished,lawson,30,LAW,http://en.wikipedia.org/wiki/Liam_Lawson,Liam,Lawson,2002-02-11,New Zealander,rb,https://en.wikipedia.org/wiki/Racing_Bulls,RB F1 Team,Italian,5525710.0,+32.511,16.0,60.0,1:20.473,,,2025,7,Emilia Romagna Grand Prix,2025-05-18,imola,rb,1
1493,18,15,15,0,8,63,Finished,stroll,18,STR,http://en.wikipedia.org/wiki/Lance_Stroll,Lance,Stroll,1998-10-29,Canadian,aston_martin,https://en.wikipedia.org/wiki/Aston_Martin_in_Formula_One,Aston Martin,British,5526192.0,+32.993,17.0,58.0,1:20.501,,,2025,7,Emilia Romagna Grand Prix,2025-05-18,imola,aston_martin,1
1494,43,16,16,0,16,63,Finished,colapinto,43,COL,http://en.wikipedia.org/wiki/Franco_Colapinto,Franco,Colapinto,2003-05-27,Argentine,alpine,https://en.wikipedia.org/wiki/Alpine_F1_Team,Alpine F1 Team,French,5526610.0,+33.411,13.0,57.0,1:20.345,,,2025,7,Emilia Romagna Grand Prix,2025-05-18,imola,alpine,1
1495,87,17,17,0,19,63,Finished,bearman,87,BEA,http://en.wikipedia.org/wiki/Oliver_Bearman,Oliver,Bearman,2005-05-08,British,haas,https://en.wikipedia.org/wiki/Haas_F1_Team,Haas F1 Team,American,5527007.0,+33.808,8.0,52.0,1:19.521,,,2025,7,Emilia Romagna Grand Prix,2025-05-18,imola,haas,1
1496,5,18,18,0,14,63,Finished,bortoleto,5,BOR,https://en.wikipedia.org/wiki/Gabriel_Bortoleto,Gabriel,Bortoleto,2004-10-14,Brazilian,sauber,https://en.wikipedia.org/wiki/Sauber_Motorsport,Sauber,Swiss,5531771.0,+38.572,19.0,57.0,1:20.630,,,2025,7,Emilia Romagna Grand Prix,2025-05-18,imola,audi,1
1497,12,19,R,0,13,44,Retired,antonelli,12,ANT,https://en.wikipedia.org/wiki/Andrea_Kimi_Antonelli,Andrea Kimi,Antonelli,2006-08-25,Italian,mercedes,https://en.wikipedia.org/wiki/Mercedes-Benz_in_Formula_One,Mercedes,German,,,18.0,33.0,1:20.620,,,2025,7,Emilia Romagna Grand Prix,2025-05-18,imola,mercedes,0
1498,31,20,R,0,18,27,Retired,ocon,31,OCO,http://en.wikipedia.org/wiki/Esteban_Ocon,Esteban,Ocon,1996-09-17,French,haas,https://en.wikipedia.org/wiki/Haas_F1_Team,Haas F1 Team,American,,,20.0,3.0,1:21.413,,,2025,7,Emilia Romagna Grand Prix,2025-05-18,imola,haas,0
1499,4,1,1,25,1,78,Finished,norris,1,NOR,http://en.wikipedia.org/wiki/Lando_Norris,Lando,Norris,1999-11-13,British,mclaren,https://en.wikipedia.org/wiki/McLaren,McLaren,British,6033843.0,1:40:33.843,1.0,78.0,1:13.221,,,2025,8,Monaco Grand Prix,2025-05-25,monaco,mclaren,1
1500,16,2,2,18,2,78,Finished,leclerc,16,LEC,http://en.wikipedia.org/wiki/Charles_Leclerc,Charles,Leclerc,1997-10-16,Monegasque,ferrari,https://en.wikipedia.org/wiki/Scuderia_Ferrari,Ferrari,Italian,6036974.0,+3.131,6.0,36.0,1:14.055,,,2025,8,Monaco Grand Prix,2025-05-25,monaco,ferrari,1
1501,81,3,3,15,3,78,Finished,piastri,81,PIA,http://en.wikipedia.org/wiki/Oscar_Piastri,Oscar,Piastri,2001-04-06,Australian,mclaren,https://en.wikipedia.org/wiki/McLaren,McLaren,British,6037501.0,+3.658,4.0,60.0,1:13.745,,,2025,8,Monaco Grand Prix,2025-05-25,monaco,mclaren,1
1502,1,4,4,12,4,78,Finished,max_verstappen,3,VER,http://en.wikipedia.org/wiki/Max_Verstappen,Max,Verstappen,1997-09-30,Dutch,red_bull,https://en.wikipedia.org/wiki/Red_Bull_Racing,Red Bull,Austrian,6054415.0,+20.572,8.0,45.0,1:14.230,,,2025,8,Monaco Grand Prix,2025-05-25,monaco,red_bull,1
1503,44,5,5,10,7,78,Finished,hamilton,44,HAM,http://en.wikipedia.org/wiki/Lewis_Hamilton,Lewis,Hamilton,1985-01-07,British,ferrari,https://en.wikipedia.org/wiki/Scuderia_Ferrari,Ferrari,Italian,6085230.0,+51.387,7.0,73.0,1:14.090,,,2025,8,Monaco Grand Prix,2025-05-25,monaco,ferrari,1
1504,6,6,6,8,5,77,Lapped,hadjar,6,HAD,https://en.wikipedia.org/wiki/Isack_Hadjar,Isack,Hadjar,2004-09-28,French,rb,https://en.wikipedia.org/wiki/Racing_Bulls,RB F1 Team,Italian,6098925.0,+1:05.082,19.0,16.0,1:15.981,,,2025,8,Monaco Grand Prix,2025-05-25,monaco,rb,1
1505,31,7,7,6,8,77,Lapped,ocon,31,OCO,http://en.wikipedia.org/wiki/Esteban_Ocon,Esteban,Ocon,1996-09-17,French,haas,https://en.wikipedia.org/wiki/Haas_F1_Team,Haas F1 Team,American,6099872.0,+1:06.029,14.0,34.0,1:15.157,,,2025,8,Monaco Grand Prix,2025-05-25,monaco,haas,1
1506,30,8,8,4,9,77,Lapped,lawson,30,LAW,http://en.wikipedia.org/wiki/Liam_Lawson,Liam,Lawson,2002-02-11,New Zealander,rb,https://en.wikipedia.org/wiki/Racing_Bulls,RB F1 Team,Italian,6100589.0,+1:06.746,17.0,54.0,1:15.321,,,2025,8,Monaco Grand Prix,2025-05-25,monaco,rb,1
1507,23,9,9,2,10,76,Lapped,albon,23,ALB,http://en.wikipedia.org/wiki/Alexander_Albon,Alexander,Albon,1996-03-23,Thai,williams,https://en.wikipedia.org/wiki/Williams_Racing,Williams,British,6045712.0,+11.869,9.0,74.0,1:14.597,,,2025,8,Monaco Grand Prix,2025-05-25,monaco,williams,1
1508,55,10,10,1,11,76,Lapped,sainz,55,SAI,http://en.wikipedia.org/wiki/Carlos_Sainz_Jr.,Carlos,Sainz,1994-09-01,Spanish,williams,https://en.wikipedia.org/wiki/Williams_Racing,Williams,British,6049075.0,+15.232,5.0,68.0,1:13.988,,,2025,8,Monaco Grand Prix,2025-05-25,monaco,williams,1
1509,63,11,11,0,14,76,Lapped,russell,63,RUS,http://en.wikipedia.org/wiki/George_Russell_(racing_driver),George,Russell,1998-02-15,British,mercedes,https://en.wikipedia.org/wiki/Mercedes-Benz_in_Formula_One,Mercedes,German,6067687.0,+33.844,2.0,74.0,1:13.405,,,2025,8,Monaco Grand Prix,2025-05-25,monaco,mercedes,1
1510,87,12,12,0,20,76,Lapped,bearman,87,BEA,http://en.wikipedia.org/wiki/Oliver_Bearman,Oliver,Bearman,2005-05-08,British,haas,https://en.wikipedia.org/wiki/Haas_F1_Team,Haas F1 Team,American,6088536.0,+54.693,10.0,6.0,1:14.855,,,2025,8,Monaco Grand Prix,2025-05-25,monaco,haas,1
1511,43,13,13,0,18,76,Lapped,colapinto,43,COL,http://en.wikipedia.org/wiki/Franco_Colapinto,Franco,Colapinto,2003-05-27,Argentine,alpine,https://en.wikipedia.org/wiki/Alpine_F1_Team,Alpine F1 Team,French,6090957.0,+57.114,16.0,30.0,1:15.298,,,2025,8,Monaco Grand Prix,2025-05-25,monaco,alpine,1
1512,5,14,14,0,16,76,Lapped,bortoleto,5,BOR,https://en.wikipedia.org/wiki/Gabriel_Bortoleto,Gabriel,Bortoleto,2004-10-14,Brazilian,sauber,https://en.wikipedia.org/wiki/Sauber_Motorsport,Sauber,Swiss,6102267.0,+1:08.424,12.0,37.0,1:14.884,,,2025,8,Monaco Grand Prix,2025-05-25,monaco,audi,1
1513,18,15,15,0,19,76,Lapped,stroll,18,STR,http://en.wikipedia.org/wiki/Lance_Stroll,Lance,Stroll,1998-10-29,Canadian,aston_martin,https://en.wikipedia.org/wiki/Aston_Martin_in_Formula_One,Aston Martin,British,6104238.0,+1:10.395,11.0,67.0,1:14.877,,,2025,8,Monaco Grand Prix,2025-05-25,monaco,aston_martin,1
1514,27,16,16,0,13,76,Lapped,hulkenberg,27,HUL,http://en.wikipedia.org/wiki/Nico_H%C3%BClkenberg,Nico,Hülkenberg,1987-08-19,German,sauber,https://en.wikipedia.org/wiki/Sauber_Motorsport,Sauber,Swiss,6105387.0,+1:11.544,15.0,47.0,1:15.223,,,2025,8,Monaco Grand Prix,2025-05-25,monaco,audi,1
1515,22,17,17,0,12,76,Lapped,tsunoda,22,TSU,http://en.wikipedia.org/wiki/Yuki_Tsunoda,Yuki,Tsunoda,2000-05-11,Japanese,red_bull,https://en.wikipedia.org/wiki/Red_Bull_Racing,Red Bull,Austrian,6105692.0,+1:11.849,13.0,75.0,1:14.913,,,2025,8,Monaco Grand Prix,2025-05-25,monaco,red_bull,1
1516,12,18,18,0,15,75,Lapped,antonelli,12,ANT,https://en.wikipedia.org/wiki/Andrea_Kimi_Antonelli,Andrea Kimi,Antonelli,2006-08-25,Italian,mercedes,https://en.wikipedia.org/wiki/Mercedes-Benz_in_Formula_One,Mercedes,German,6042252.0,+8.409,3.0,74.0,1:13.518,,,2025,8,Monaco Grand Prix,2025-05-25,monaco,mercedes,1
1517,14,19,R,0,6,36,Retired,alonso,14,ALO,http://en.wikipedia.org/wiki/Fernando_Alonso,Fernando,Alonso,1981-07-29,Spanish,aston_martin,https://en.wikipedia.org/wiki/Aston_Martin_in_Formula_One,Aston Martin,British,,,18.0,15.0,1:15.593,,,2025,8,Monaco Grand Prix,2025-05-25,monaco,aston_martin,0
1518,10,20,R,0,17,7,Retired,gasly,10,GAS,http://en.wikipedia.org/wiki/Pierre_Gasly,Pierre,Gasly,1996-02-07,French,alpine,https://en.wikipedia.org/wiki/Alpine_F1_Team,Alpine F1 Team,French,,,20.0,6.0,1:18.054,,,2025,8,Monaco Grand Prix,2025-05-25,monaco,alpine,0
1519,81,1,1,25,1,66,Finished,piastri,81,PIA,http://en.wikipedia.org/wiki/Oscar_Piastri,Oscar,Piastri,2001-04-06,Australian,mclaren,https://en.wikipedia.org/wiki/McLaren,McLaren,British,5577375.0,1:32:57.375,1.0,61.0,1:15.743,,,2025,9,Spanish Grand Prix,2025-06-01,catalunya,mclaren,1
1520,4,2,2,18,2,66,Finished,norris,1,NOR,http://en.wikipedia.org/wiki/Lando_Norris,Lando,Norris,1999-11-13,British,mclaren,https://en.wikipedia.org/wiki/McLaren,McLaren,British,5579846.0,+2.471,2.0,61.0,1:16.187,,,2025,9,Spanish Grand Prix,2025-06-01,catalunya,mclaren,1
1521,16,3,3,15,7,66,Finished,leclerc,16,LEC,http://en.wikipedia.org/wiki/Charles_Leclerc,Charles,Leclerc,1997-10-16,Monegasque,ferrari,https://en.wikipedia.org/wiki/Scuderia_Ferrari,Ferrari,Italian,5587830.0,+10.455,5.0,62.0,1:17.259,,,2025,9,Spanish Grand Prix,2025-06-01,catalunya,ferrari,1
1522,63,4,4,12,4,66,Finished,russell,63,RUS,http://en.wikipedia.org/wiki/George_Russell_(racing_driver),George,Russell,1998-02-15,British,mercedes,https://en.wikipedia.org/wiki/Mercedes-Benz_in_Formula_One,Mercedes,German,5588734.0,+11.359,4.0,62.0,1:17.244,,,2025,9,Spanish Grand Prix,2025-06-01,catalunya,mercedes,1
1523,27,5,5,10,15,66,Finished,hulkenberg,27,HUL,http://en.wikipedia.org/wiki/Nico_H%C3%BClkenberg,Nico,Hülkenberg,1987-08-19,German,sauber,https://en.wikipedia.org/wiki/Sauber_Motorsport,Sauber,Swiss,5591023.0,+13.648,6.0,63.0,1:17.575,,,2025,9,Spanish Grand Prix,2025-06-01,catalunya,audi,1
1524,44,6,6,8,5,66,Finished,hamilton,44,HAM,http://en.wikipedia.org/wiki/Lewis_Hamilton,Lewis,Hamilton,1985-01-07,British,ferrari,https://en.wikipedia.org/wiki/Scuderia_Ferrari,Ferrari,Italian,5592883.0,+15.508,7.0,62.0,1:17.706,,,2025,9,Spanish Grand Prix,2025-06-01,catalunya,ferrari,1
1525,6,7,7,6,9,66,Finished,hadjar,6,HAD,https://en.wikipedia.org/wiki/Isack_Hadjar,Isack,Hadjar,2004-09-28,French,rb,https://en.wikipedia.org/wiki/Racing_Bulls,RB F1 Team,Italian,5593397.0,+16.022,8.0,63.0,1:17.770,,,2025,9,Spanish Grand Prix,2025-06-01,catalunya,rb,1
1526,10,8,8,4,8,66,Finished,gasly,10,GAS,http://en.wikipedia.org/wiki/Pierre_Gasly,Pierre,Gasly,1996-02-07,French,alpine,https://en.wikipedia.org/wiki/Alpine_F1_Team,Alpine F1 Team,French,5595257.0,+17.882,9.0,63.0,1:17.896,,,2025,9,Spanish Grand Prix,2025-06-01,catalunya,alpine,1
1527,14,9,9,2,10,66,Finished,alonso,14,ALO,http://en.wikipedia.org/wiki/Fernando_Alonso,Fernando,Alonso,1981-07-29,Spanish,aston_martin,https://en.wikipedia.org/wiki/Aston_Martin_in_Formula_One,Aston Martin,British,5598939.0,+21.564,11.0,66.0,1:18.128,,,2025,9,Spanish Grand Prix,2025-06-01,catalunya,aston_martin,1
1528,1,10,10,1,3,66,Finished,max_verstappen,3,VER,http://en.wikipedia.org/wiki/Max_Verstappen,Max,Verstappen,1997-09-30,Dutch,red_bull,https://en.wikipedia.org/wiki/Red_Bull_Racing,Red Bull,Austrian,5599201.0,+21.826,3.0,62.0,1:17.019,,,2025,9,Spanish Grand Prix,2025-06-01,catalunya,red_bull,1
1529,30,11,11,0,13,66,Finished,lawson,30,LAW,http://en.wikipedia.org/wiki/Liam_Lawson,Liam,Lawson,2002-02-11,New Zealander,rb,https://en.wikipedia.org/wiki/Racing_Bulls,RB F1 Team,Italian,5602907.0,+25.532,18.0,62.0,1:19.424,,,2025,9,Spanish Grand Prix,2025-06-01,catalunya,rb,1
1530,5,12,12,0,12,66,Finished,bortoleto,5,BOR,https://en.wikipedia.org/wiki/Gabriel_Bortoleto,Gabriel,Bortoleto,2004-10-14,Brazilian,sauber,https://en.wikipedia.org/wiki/Sauber_Motorsport,Sauber,Swiss,5603371.0,+25.996,13.0,51.0,1:18.297,,,2025,9,Spanish Grand Prix,2025-06-01,catalunya,audi,1
1531,22,13,13,0,19,66,Finished,tsunoda,22,TSU,http://en.wikipedia.org/wiki/Yuki_Tsunoda,Yuki,Tsunoda,2000-05-11,Japanese,red_bull,https://en.wikipedia.org/wiki/Red_Bull_Racing,Red Bull,Austrian,5606197.0,+28.822,10.0,46.0,1:17.998,,,2025,9,Spanish Grand Prix,2025-06-01,catalunya,red_bull,1
1532,55,14,14,0,17,66,Finished,sainz,55,SAI,http://en.wikipedia.org/wiki/Carlos_Sainz_Jr.,Carlos,Sainz,1994-09-01,Spanish,williams,https://en.wikipedia.org/wiki/Williams_Racing,Williams,British,5606684.0,+29.309,17.0,65.0,1:19.317,,,2025,9,Spanish Grand Prix,2025-06-01,catalunya,williams,1
1533,43,15,15,0,18,66,Finished,colapinto,43,COL,http://en.wikipedia.org/wiki/Franco_Colapinto,Franco,Colapinto,2003-05-27,Argentine,alpine,https://en.wikipedia.org/wiki/Alpine_F1_Team,Alpine F1 Team,French,5608756.0,+31.381,14.0,41.0,1:18.353,,,2025,9,Spanish Grand Prix,2025-06-01,catalunya,alpine,1
1534,31,16,16,0,16,66,Finished,ocon,31,OCO,http://en.wikipedia.org/wiki/Esteban_Ocon,Esteban,Ocon,1996-09-17,French,haas,https://en.wikipedia.org/wiki/Haas_F1_Team,Haas F1 Team,American,5609572.0,+32.197,15.0,46.0,1:18.624,,,2025,9,Spanish Grand Prix,2025-06-01,catalunya,haas,1
1535,87,17,17,0,14,66,Finished,bearman,87,BEA,http://en.wikipedia.org/wiki/Oliver_Bearman,Oliver,Bearman,2005-05-08,British,haas,https://en.wikipedia.org/wiki/Haas_F1_Team,Haas F1 Team,American,5614440.0,+37.065,16.0,63.0,1:18.907,,,2025,9,Spanish Grand Prix,2025-06-01,catalunya,haas,1
1536,12,18,R,0,6,53,Retired,antonelli,12,ANT,https://en.wikipedia.org/wiki/Andrea_Kimi_Antonelli,Andrea Kimi,Antonelli,2006-08-25,Italian,mercedes,https://en.wikipedia.org/wiki/Mercedes-Benz_in_Formula_One,Mercedes,German,,,12.0,52.0,1:18.255,,,2025,9,Spanish Grand Prix,2025-06-01,catalunya,mercedes,0
1537,23,19,R,0,11,27,Retired,albon,23,ALB,http://en.wikipedia.org/wiki/Alexander_Albon,Alexander,Albon,1996-03-23,Thai,williams,https://en.wikipedia.org/wiki/Williams_Racing,Williams,British,,,19.0,9.0,1:20.508,,,2025,9,Spanish Grand Prix,2025-06-01,catalunya,williams,0
1538,63,1,1,25,1,70,Finished,russell,63,RUS,http://en.wikipedia.org/wiki/George_Russell_(racing_driver),George,Russell,1998-02-15,British,mercedes,https://en.wikipedia.org/wiki/Mercedes-Benz_in_Formula_One,Mercedes,German,5512688.0,1:31:52.688,1.0,63.0,1:14.119,,,2025,10,Canadian Grand Prix,2025-06-15,villeneuve,mercedes,1
1539,1,2,2,18,2,70,Finished,max_verstappen,3,VER,http://en.wikipedia.org/wiki/Max_Verstappen,Max,Verstappen,1997-09-30,Dutch,red_bull,https://en.wikipedia.org/wiki/Red_Bull_Racing,Red Bull,Austrian,5512916.0,+0.228,5.0,62.0,1:14.287,,,2025,10,Canadian Grand Prix,2025-06-15,villeneuve,red_bull,1
1540,12,3,3,15,4,70,Finished,antonelli,12,ANT,https://en.wikipedia.org/wiki/Andrea_Kimi_Antonelli,Andrea Kimi,Antonelli,2006-08-25,Italian,mercedes,https://en.wikipedia.org/wiki/Mercedes-Benz_in_Formula_One,Mercedes,German,5513702.0,+1.014,7.0,60.0,1:14.455,,,2025,10,Canadian Grand Prix,2025-06-15,villeneuve,mercedes,1
1541,81,4,4,12,3,70,Finished,piastri,81,PIA,http://en.wikipedia.org/wiki/Oscar_Piastri,Oscar,Piastri,2001-04-06,Australian,mclaren,https://en.wikipedia.org/wiki/McLaren,McLaren,British,5514797.0,+2.109,3.0,64.0,1:14.255,,,2025,10,Canadian Grand Prix,2025-06-15,villeneuve,mclaren,1
1542,16,5,5,10,8,70,Finished,leclerc,16,LEC,http://en.wikipedia.org/wiki/Charles_Leclerc,Charles,Leclerc,1997-10-16,Monegasque,ferrari,https://en.wikipedia.org/wiki/Scuderia_Ferrari,Ferrari,Italian,5516130.0,+3.442,4.0,57.0,1:14.261,,,2025,10,Canadian Grand Prix,2025-06-15,villeneuve,ferrari,1
1543,44,6,6,8,5,70,Finished,hamilton,44,HAM,http://en.wikipedia.org/wiki/Lewis_Hamilton,Lewis,Hamilton,1985-01-07,British,ferrari,https://en.wikipedia.org/wiki/Scuderia_Ferrari,Ferrari,Italian,5523401.0,+10.713,9.0,64.0,1:14.805,,,2025,10,Canadian Grand Prix,2025-06-15,villeneuve,ferrari,1
1544,14,7,7,6,6,70,Finished,alonso,14,ALO,http://en.wikipedia.org/wiki/Fernando_Alonso,Fernando,Alonso,1981-07-29,Spanish,aston_martin,https://en.wikipedia.org/wiki/Aston_Martin_in_Formula_One,Aston Martin,British,5523660.0,+10.972,12.0,58.0,1:15.024,,,2025,10,Canadian Grand Prix,2025-06-15,villeneuve,aston_martin,1
1545,27,8,8,4,11,70,Finished,hulkenberg,27,HUL,http://en.wikipedia.org/wiki/Nico_H%C3%BClkenberg,Nico,Hülkenberg,1987-08-19,German,sauber,https://en.wikipedia.org/wiki/Sauber_Motorsport,Sauber,Swiss,5528052.0,+15.364,14.0,65.0,1:15.372,,,2025,10,Canadian Grand Prix,2025-06-15,villeneuve,audi,1
1546,31,9,9,2,14,69,Lapped,ocon,31,OCO,http://en.wikipedia.org/wiki/Esteban_Ocon,Esteban,Ocon,1996-09-17,French,haas,https://en.wikipedia.org/wiki/Haas_F1_Team,Haas F1 Team,American,5514161.0,+1.473,8.0,61.0,1:14.593,,,2025,10,Canadian Grand Prix,2025-06-15,villeneuve,haas,1
1547,55,10,10,1,16,69,Lapped,sainz,55,SAI,http://en.wikipedia.org/wiki/Carlos_Sainz_Jr.,Carlos,Sainz,1994-09-01,Spanish,williams,https://en.wikipedia.org/wiki/Williams_Racing,Williams,British,5514574.0,+1.886,6.0,59.0,1:14.389,,,2025,10,Canadian Grand Prix,2025-06-15,villeneuve,williams,1
1548,87,11,11,0,13,69,Lapped,bearman,87,BEA,http://en.wikipedia.org/wiki/Oliver_Bearman,Oliver,Bearman,2005-05-08,British,haas,https://en.wikipedia.org/wiki/Haas_F1_Team,Haas F1 Team,American,5516405.0,+3.717,15.0,62.0,1:15.397,,,2025,10,Canadian Grand Prix,2025-06-15,villeneuve,haas,1
1549,22,12,12,0,18,69,Lapped,tsunoda,22,TSU,http://en.wikipedia.org/wiki/Yuki_Tsunoda,Yuki,Tsunoda,2000-05-11,Japanese,red_bull,https://en.wikipedia.org/wiki/Red_Bull_Racing,Red Bull,Austrian,5518144.0,+5.456,13.0,59.0,1:15.358,,,2025,10,Canadian Grand Prix,2025-06-15,villeneuve,red_bull,1
1550,43,13,13,0,10,69,Lapped,colapinto,43,COL,http://en.wikipedia.org/wiki/Franco_Colapinto,Franco,Colapinto,2003-05-27,Argentine,alpine,https://en.wikipedia.org/wiki/Alpine_F1_Team,Alpine F1 Team,French,5519706.0,+7.018,17.0,53.0,1:16.076,,,2025,10,Canadian Grand Prix,2025-06-15,villeneuve,alpine,1
1551,5,14,14,0,15,69,Lapped,bortoleto,5,BOR,https://en.wikipedia.org/wiki/Gabriel_Bortoleto,Gabriel,Bortoleto,2004-10-14,Brazilian,sauber,https://en.wikipedia.org/wiki/Sauber_Motorsport,Sauber,Swiss,5520567.0,+7.879,16.0,56.0,1:15.414,,,2025,10,Canadian Grand Prix,2025-06-15,villeneuve,audi,1
1552,10,15,15,0,20,69,Lapped,gasly,10,GAS,http://en.wikipedia.org/wiki/Pierre_Gasly,Pierre,Gasly,1996-02-07,French,alpine,https://en.wikipedia.org/wiki/Alpine_F1_Team,Alpine F1 Team,French,5520638.0,+7.950,11.0,63.0,1:14.993,,,2025,10,Canadian Grand Prix,2025-06-15,villeneuve,alpine,1
1553,6,16,16,0,12,69,Lapped,hadjar,6,HAD,https://en.wikipedia.org/wiki/Isack_Hadjar,Isack,Hadjar,2004-09-28,French,rb,https://en.wikipedia.org/wiki/Racing_Bulls,RB F1 Team,Italian,5521425.0,+8.737,19.0,51.0,1:16.292,,,2025,10,Canadian Grand Prix,2025-06-15,villeneuve,rb,1
1554,18,17,17,0,17,69,Lapped,stroll,18,STR,http://en.wikipedia.org/wiki/Lance_Stroll,Lance,Stroll,1998-10-29,Canadian,aston_martin,https://en.wikipedia.org/wiki/Aston_Martin_in_Formula_One,Aston Martin,British,5521751.0,+9.063,10.0,57.0,1:14.902,,,2025,10,Canadian Grand Prix,2025-06-15,villeneuve,aston_martin,1
1555,4,18,18,0,7,66,Retired,norris,1,NOR,http://en.wikipedia.org/wiki/Lando_Norris,Lando,Norris,1999-11-13,British,mclaren,https://en.wikipedia.org/wiki/McLaren,McLaren,British,5042470.0,,2.0,65.0,1:14.229,,,2025,10,Canadian Grand Prix,2025-06-15,villeneuve,mclaren,0
1556,30,19,R,0,19,53,Retired,lawson,30,LAW,http://en.wikipedia.org/wiki/Liam_Lawson,Liam,Lawson,2002-02-11,New Zealander,rb,https://en.wikipedia.org/wiki/Racing_Bulls,RB F1 Team,Italian,,,20.0,52.0,1:16.320,,,2025,10,Canadian Grand Prix,2025-06-15,villeneuve,rb,0
1557,23,20,R,0,9,46,Retired,albon,23,ALB,http://en.wikipedia.org/wiki/Alexander_Albon,Alexander,Albon,1996-03-23,Thai,williams,https://en.wikipedia.org/wiki/Williams_Racing,Williams,British,,,18.0,31.0,1:16.197,,,2025,10,Canadian Grand Prix,2025-06-15,villeneuve,williams,0
1558,4,1,1,25,1,70,Finished,norris,1,NOR,http://en.wikipedia.org/wiki/Lando_Norris,Lando,Norris,1999-11-13,British,mclaren,https://en.wikipedia.org/wiki/McLaren,McLaren,British,5027693.0,1:23:47.693,2.0,61.0,1:08.272,,,2025,11,Austrian Grand Prix,2025-06-29,red_bull_ring,mclaren,1
1559,81,2,2,18,3,70,Finished,piastri,81,PIA,http://en.wikipedia.org/wiki/Oscar_Piastri,Oscar,Piastri,2001-04-06,Australian,mclaren,https://en.wikipedia.org/wiki/McLaren,McLaren,British,5030388.0,+2.695,1.0,59.0,1:07.924,,,2025,11,Austrian Grand Prix,2025-06-29,red_bull_ring,mclaren,1
1560,16,3,3,15,2,70,Finished,leclerc,16,LEC,http://en.wikipedia.org/wiki/Charles_Leclerc,Charles,Leclerc,1997-10-16,Monegasque,ferrari,https://en.wikipedia.org/wiki/Scuderia_Ferrari,Ferrari,Italian,5047513.0,+19.820,4.0,56.0,1:08.765,,,2025,11,Austrian Grand Prix,2025-06-29,red_bull_ring,ferrari,1
1561,44,4,4,12,4,70,Finished,hamilton,44,HAM,http://en.wikipedia.org/wiki/Lewis_Hamilton,Lewis,Hamilton,1985-01-07,British,ferrari,https://en.wikipedia.org/wiki/Scuderia_Ferrari,Ferrari,Italian,5056713.0,+29.020,3.0,53.0,1:08.628,,,2025,11,Austrian Grand Prix,2025-06-29,red_bull_ring,ferrari,1
1562,63,5,5,10,5,70,Finished,russell,63,RUS,http://en.wikipedia.org/wiki/George_Russell_(racing_driver),George,Russell,1998-02-15,British,mercedes,https://en.wikipedia.org/wiki/Mercedes-Benz_in_Formula_One,Mercedes,German,5090089.0,+1:02.396,7.0,47.0,1:09.372,,,2025,11,Austrian Grand Prix,2025-06-29,red_bull_ring,mercedes,1
1563,30,6,6,8,6,70,Finished,lawson,30,LAW,http://en.wikipedia.org/wiki/Liam_Lawson,Liam,Lawson,2002-02-11,New Zealander,rb,https://en.wikipedia.org/wiki/Racing_Bulls,RB F1 Team,Italian,5095447.0,+1:07.754,14.0,58.0,1:09.977,,,2025,11,Austrian Grand Prix,2025-06-29,red_bull_ring,rb,1
1564,14,7,7,6,11,69,Lapped,alonso,14,ALO,http://en.wikipedia.org/wiki/Fernando_Alonso,Fernando,Alonso,1981-07-29,Spanish,aston_martin,https://en.wikipedia.org/wiki/Aston_Martin_in_Formula_One,Aston Martin,British,5029130.0,+1.437,12.0,39.0,1:09.935,,,2025,11,Austrian Grand Prix,2025-06-29,red_bull_ring,aston_martin,1
1565,5,8,8,4,8,69,Lapped,bortoleto,5,BOR,https://en.wikipedia.org/wiki/Gabriel_Bortoleto,Gabriel,Bortoleto,2004-10-14,Brazilian,sauber,https://en.wikipedia.org/wiki/Sauber_Motorsport,Sauber,Swiss,5029645.0,+1.952,6.0,60.0,1:09.247,,,2025,11,Austrian Grand Prix,2025-06-29,red_bull_ring,audi,1
1566,27,9,9,2,20,69,Lapped,hulkenberg,27,HUL,http://en.wikipedia.org/wiki/Nico_H%C3%BClkenberg,Nico,Hülkenberg,1987-08-19,German,sauber,https://en.wikipedia.org/wiki/Sauber_Motorsport,Sauber,Swiss,5035413.0,+7.720,8.0,57.0,1:09.459,,,2025,11,Austrian Grand Prix,2025-06-29,red_bull_ring,audi,1
1567,31,10,10,1,17,69,Lapped,ocon,31,OCO,http://en.wikipedia.org/wiki/Esteban_Ocon,Esteban,Ocon,1996-09-17,French,haas,https://en.wikipedia.org/wiki/Haas_F1_Team,Haas F1 Team,American,5037679.0,+9.986,9.0,55.0,1:09.550,,,2025,11,Austrian Grand Prix,2025-06-29,red_bull_ring,haas,1
1568,87,11,11,0,15,69,Lapped,bearman,87,BEA,http://en.wikipedia.org/wiki/Oliver_Bearman,Oliver,Bearman,2005-05-08,British,haas,https://en.wikipedia.org/wiki/Haas_F1_Team,Haas F1 Team,American,5052547.0,+24.854,13.0,42.0,1:09.960,,,2025,11,Austrian Grand Prix,2025-06-29,red_bull_ring,haas,1
1569,6,12,12,0,13,69,Lapped,hadjar,6,HAD,https://en.wikipedia.org/wiki/Isack_Hadjar,Isack,Hadjar,2004-09-28,French,rb,https://en.wikipedia.org/wiki/Racing_Bulls,RB F1 Team,Italian,5055650.0,+27.957,16.0,40.0,1:10.204,,,2025,11,Austrian Grand Prix,2025-06-29,red_bull_ring,rb,1
1570,10,13,13,0,10,69,Lapped,gasly,10,GAS,http://en.wikipedia.org/wiki/Pierre_Gasly,Pierre,Gasly,1996-02-07,French,alpine,https://en.wikipedia.org/wiki/Alpine_F1_Team,Alpine F1 Team,French,5060748.0,+33.055,15.0,46.0,1:10.151,,,2025,11,Austrian Grand Prix,2025-06-29,red_bull_ring,alpine,1
1571,18,14,14,0,16,69,Lapped,stroll,18,STR,http://en.wikipedia.org/wiki/Lance_Stroll,Lance,Stroll,1998-10-29,Canadian,aston_martin,https://en.wikipedia.org/wiki/Aston_Martin_in_Formula_One,Aston Martin,British,5062155.0,+34.462,5.0,55.0,1:09.214,,,2025,11,Austrian Grand Prix,2025-06-29,red_bull_ring,aston_martin,1
1572,43,15,15,0,14,69,Lapped,colapinto,43,COL,http://en.wikipedia.org/wiki/Franco_Colapinto,Franco,Colapinto,2003-05-27,Argentine,alpine,https://en.wikipedia.org/wiki/Alpine_F1_Team,Alpine F1 Team,French,5070385.0,+42.692,10.0,44.0,1:09.621,,,2025,11,Austrian Grand Prix,2025-06-29,red_bull_ring,alpine,1
1573,22,16,16,0,18,68,Lapped,tsunoda,22,TSU,http://en.wikipedia.org/wiki/Yuki_Tsunoda,Yuki,Tsunoda,2000-05-11,Japanese,red_bull,https://en.wikipedia.org/wiki/Red_Bull_Racing,Red Bull,Austrian,5030672.0,+2.979,11.0,62.0,1:09.802,,,2025,11,Austrian Grand Prix,2025-06-29,red_bull_ring,red_bull,1
1574,23,17,R,0,12,15,Retired,albon,23,ALB,http://en.wikipedia.org/wiki/Alexander_Albon,Alexander,Albon,1996-03-23,Thai,williams,https://en.wikipedia.org/wiki/Williams_Racing,Williams,British,,,17.0,9.0,1:10.641,,,2025,11,Austrian Grand Prix,2025-06-29,red_bull_ring,williams,0
1575,1,18,R,0,7,0,Retired,max_verstappen,3,VER,http://en.wikipedia.org/wiki/Max_Verstappen,Max,Verstappen,1997-09-30,Dutch,red_bull,https://en.wikipedia.org/wiki/Red_Bull_Racing,Red Bull,Austrian,,,,,,,,2025,11,Austrian Grand Prix,2025-06-29,red_bull_ring,red_bull,0
1576,12,19,R,0,9,0,Retired,antonelli,12,ANT,https://en.wikipedia.org/wiki/Andrea_Kimi_Antonelli,Andrea Kimi,Antonelli,2006-08-25,Italian,mercedes,https://en.wikipedia.org/wiki/Mercedes-Benz_in_Formula_One,Mercedes,German,,,,,,,,2025,11,Austrian Grand Prix,2025-06-29,red_bull_ring,mercedes,0
1577,55,20,W,0,19,0,Did not start,sainz,55,SAI,http://en.wikipedia.org/wiki/Carlos_Sainz_Jr.,Carlos,Sainz,1994-09-01,Spanish,williams,https://en.wikipedia.org/wiki/Williams_Racing,Williams,British,,,,,,,,2025,11,Austrian Grand Prix,2025-06-29,red_bull_ring,williams,0
1578,4,1,1,25,3,52,Finished,norris,1,NOR,http://en.wikipedia.org/wiki/Lando_Norris,Lando,Norris,1999-11-13,British,mclaren,https://en.wikipedia.org/wiki/McLaren,McLaren,British,5835735.0,1:37:15.735,2.0,48.0,1:29.734,,,2025,12,British Grand Prix,2025-07-06,silverstone,mclaren,1
1579,81,2,2,18,2,52,Finished,piastri,81,PIA,http://en.wikipedia.org/wiki/Oscar_Piastri,Oscar,Piastri,2001-04-06,Australian,mclaren,https://en.wikipedia.org/wiki/McLaren,McLaren,British,5842547.0,+6.812,1.0,51.0,1:29.337,,,2025,12,British Grand Prix,2025-07-06,silverstone,mclaren,1
1580,27,3,3,15,19,52,Finished,hulkenberg,27,HUL,http://en.wikipedia.org/wiki/Nico_H%C3%BClkenberg,Nico,Hülkenberg,1987-08-19,German,sauber,https://en.wikipedia.org/wiki/Sauber_Motorsport,Sauber,Swiss,5870477.0,+34.742,14.0,51.0,1:30.933,,,2025,12,British Grand Prix,2025-07-06,silverstone,audi,1
1581,44,4,4,12,5,52,Finished,hamilton,44,HAM,http://en.wikipedia.org/wiki/Lewis_Hamilton,Lewis,Hamilton,1985-01-07,British,ferrari,https://en.wikipedia.org/wiki/Scuderia_Ferrari,Ferrari,Italian,5875547.0,+39.812,3.0,49.0,1:30.016,,,2025,12,British Grand Prix,2025-07-06,silverstone,ferrari,1
1582,1,5,5,10,1,52,Finished,max_verstappen,3,VER,http://en.wikipedia.org/wiki/Max_Verstappen,Max,Verstappen,1997-09-30,Dutch,red_bull,https://en.wikipedia.org/wiki/Red_Bull_Racing,Red Bull,Austrian,5892516.0,+56.781,5.0,49.0,1:30.179,,,2025,12,British Grand Prix,2025-07-06,silverstone,red_bull,1
1583,10,6,6,8,8,52,Finished,gasly,10,GAS,http://en.wikipedia.org/wiki/Pierre_Gasly,Pierre,Gasly,1996-02-07,French,alpine,https://en.wikipedia.org/wiki/Alpine_F1_Team,Alpine F1 Team,French,5895592.0,+59.857,8.0,48.0,1:30.751,,,2025,12,British Grand Prix,2025-07-06,silverstone,alpine,1
1584,18,7,7,6,17,52,Finished,stroll,18,STR,http://en.wikipedia.org/wiki/Lance_Stroll,Lance,Stroll,1998-10-29,Canadian,aston_martin,https://en.wikipedia.org/wiki/Aston_Martin_in_Formula_One,Aston Martin,British,5896338.0,+1:00.603,15.0,50.0,1:32.088,,,2025,12,British Grand Prix,2025-07-06,silverstone,aston_martin,1
1585,23,8,8,4,13,52,Finished,albon,23,ALB,http://en.wikipedia.org/wiki/Alexander_Albon,Alexander,Albon,1996-03-23,Thai,williams,https://en.wikipedia.org/wiki/Williams_Racing,Williams,British,5899870.0,+1:04.135,4.0,50.0,1:30.047,,,2025,12,British Grand Prix,2025-07-06,silverstone,williams,1
1586,14,9,9,2,7,52,Finished,alonso,14,ALO,http://en.wikipedia.org/wiki/Fernando_Alonso,Fernando,Alonso,1981-07-29,Spanish,aston_martin,https://en.wikipedia.org/wiki/Aston_Martin_in_Formula_One,Aston Martin,British,5901593.0,+1:05.858,6.0,49.0,1:30.353,,,2025,12,British Grand Prix,2025-07-06,silverstone,aston_martin,1
1587,63,10,10,1,4,52,Finished,russell,63,RUS,http://en.wikipedia.org/wiki/George_Russell_(racing_driver),George,Russell,1998-02-15,British,mercedes,https://en.wikipedia.org/wiki/Mercedes-Benz_in_Formula_One,Mercedes,German,5906409.0,+1:10.674,11.0,51.0,1:30.869,,,2025,12,British Grand Prix,2025-07-06,silverstone,mercedes,1
1588,87,11,11,0,18,52,Finished,bearman,87,BEA,http://en.wikipedia.org/wiki/Oliver_Bearman,Oliver,Bearman,2005-05-08,British,haas,https://en.wikipedia.org/wiki/Haas_F1_Team,Haas F1 Team,American,5907830.0,+1:12.095,13.0,50.0,1:30.921,,,2025,12,British Grand Prix,2025-07-06,silverstone,haas,1
1589,55,12,12,0,9,52,Finished,sainz,55,SAI,http://en.wikipedia.org/wiki/Carlos_Sainz_Jr.,Carlos,Sainz,1994-09-01,Spanish,williams,https://en.wikipedia.org/wiki/Williams_Racing,Williams,British,5912327.0,+1:16.592,7.0,52.0,1:30.645,,,2025,12,British Grand Prix,2025-07-06,silverstone,williams,1
1590,31,13,13,0,14,52,Finished,ocon,31,OCO,http://en.wikipedia.org/wiki/Esteban_Ocon,Esteban,Ocon,1996-09-17,French,haas,https://en.wikipedia.org/wiki/Haas_F1_Team,Haas F1 Team,American,5913036.0,+1:17.301,9.0,52.0,1:30.818,,,2025,12,British Grand Prix,2025-07-06,silverstone,haas,1
1591,16,14,14,0,6,52,Finished,leclerc,16,LEC,http://en.wikipedia.org/wiki/Charles_Leclerc,Charles,Leclerc,1997-10-16,Monegasque,ferrari,https://en.wikipedia.org/wiki/Scuderia_Ferrari,Ferrari,Italian,5920212.0,+1:24.477,10.0,50.0,1:30.819,,,2025,12,British Grand Prix,2025-07-06,silverstone,ferrari,1
1592,22,15,15,0,11,51,Lapped,tsunoda,22,TSU,http://en.wikipedia.org/wiki/Yuki_Tsunoda,Yuki,Tsunoda,2000-05-11,Japanese,red_bull,https://en.wikipedia.org/wiki/Red_Bull_Racing,Red Bull,Austrian,5867985.0,+32.250,12.0,49.0,1:30.873,,,2025,12,British Grand Prix,2025-07-06,silverstone,red_bull,1
1593,12,16,R,0,10,23,Retired,antonelli,12,ANT,https://en.wikipedia.org/wiki/Andrea_Kimi_Antonelli,Andrea Kimi,Antonelli,2006-08-25,Italian,mercedes,https://en.wikipedia.org/wiki/Mercedes-Benz_in_Formula_One,Mercedes,German,,,17.0,8.0,1:45.576,,,2025,12,British Grand Prix,2025-07-06,silverstone,mercedes,0
1594,6,17,R,0,12,17,Retired,hadjar,6,HAD,https://en.wikipedia.org/wiki/Isack_Hadjar,Isack,Hadjar,2004-09-28,French,rb,https://en.wikipedia.org/wiki/Racing_Bulls,RB F1 Team,Italian,,,16.0,9.0,1:41.705,,,2025,12,British Grand Prix,2025-07-06,silverstone,rb,0
1595,5,18,R,0,16,3,Retired,bortoleto,5,BOR,https://en.wikipedia.org/wiki/Gabriel_Bortoleto,Gabriel,Bortoleto,2004-10-14,Brazilian,sauber,https://en.wikipedia.org/wiki/Sauber_Motorsport,Sauber,Swiss,,,18.0,3.0,2:16.121,,,2025,12,British Grand Prix,2025-07-06,silverstone,audi,0
1596,30,19,R,0,15,0,Retired,lawson,30,LAW,http://en.wikipedia.org/wiki/Liam_Lawson,Liam,Lawson,2002-02-11,New Zealander,rb,https://en.wikipedia.org/wiki/Racing_Bulls,RB F1 Team,Italian,,,,,,,,2025,12,British Grand Prix,2025-07-06,silverstone,rb,0
1597,43,20,W,0,20,0,Did not start,colapinto,43,COL,http://en.wikipedia.org/wiki/Franco_Colapinto,Franco,Colapinto,2003-05-27,Argentine,alpine,https://en.wikipedia.org/wiki/Alpine_F1_Team,Alpine F1 Team,French,,,,,,,,2025,12,British Grand Prix,2025-07-06,silverstone,alpine,0
1598,81,1,1,25,2,44,Finished,piastri,81,PIA,http://en.wikipedia.org/wiki/Oscar_Piastri,Oscar,Piastri,2001-04-06,Australian,mclaren,https://en.wikipedia.org/wiki/McLaren,McLaren,British,5122601.0,1:25:22.601,4.0,43.0,1:45.706,,,2025,13,Belgian Grand Prix,2025-07-27,spa,mclaren,1
1599,4,2,2,18,1,44,Finished,norris,1,NOR,http://en.wikipedia.org/wiki/Lando_Norris,Lando,Norris,1999-11-13,British,mclaren,https://en.wikipedia.org/wiki/McLaren,McLaren,British,5126016.0,+3.415,3.0,42.0,1:45.257,,,2025,13,Belgian Grand Prix,2025-07-27,spa,mclaren,1
1600,16,3,3,15,3,44,Finished,leclerc,16,LEC,http://en.wikipedia.org/wiki/Charles_Leclerc,Charles,Leclerc,1997-10-16,Monegasque,ferrari,https://en.wikipedia.org/wiki/Scuderia_Ferrari,Ferrari,Italian,5142786.0,+20.185,9.0,40.0,1:46.174,,,2025,13,Belgian Grand Prix,2025-07-27,spa,ferrari,1
1601,1,4,4,12,4,44,Finished,max_verstappen,3,VER,http://en.wikipedia.org/wiki/Max_Verstappen,Max,Verstappen,1997-09-30,Dutch,red_bull,https://en.wikipedia.org/wiki/Red_Bull_Racing,Red Bull,Austrian,5144332.0,+21.731,7.0,40.0,1:46.096,,,2025,13,Belgian Grand Prix,2025-07-27,spa,red_bull,1
1602,63,5,5,10,6,44,Finished,russell,63,RUS,http://en.wikipedia.org/wiki/George_Russell_(racing_driver),George,Russell,1998-02-15,British,mercedes,https://en.wikipedia.org/wiki/Mercedes-Benz_in_Formula_One,Mercedes,German,5157464.0,+34.863,11.0,43.0,1:46.566,,,2025,13,Belgian Grand Prix,2025-07-27,spa,mercedes,1
1603,23,6,6,8,5,44,Finished,albon,23,ALB,http://en.wikipedia.org/wiki/Alexander_Albon,Alexander,Albon,1996-03-23,Thai,williams,https://en.wikipedia.org/wiki/Williams_Racing,Williams,British,5162527.0,+39.926,15.0,38.0,1:46.813,,,2025,13,Belgian Grand Prix,2025-07-27,spa,williams,1
1604,44,7,7,6,18,44,Finished,hamilton,44,HAM,http://en.wikipedia.org/wiki/Lewis_Hamilton,Lewis,Hamilton,1985-01-07,British,ferrari,https://en.wikipedia.org/wiki/Scuderia_Ferrari,Ferrari,Italian,5163280.0,+40.679,10.0,43.0,1:46.534,,,2025,13,Belgian Grand Prix,2025-07-27,spa,ferrari,1
1605,30,8,8,4,9,44,Finished,lawson,30,LAW,http://en.wikipedia.org/wiki/Liam_Lawson,Liam,Lawson,2002-02-11,New Zealander,rb,https://en.wikipedia.org/wiki/Racing_Bulls,RB F1 Team,Italian,5174634.0,+52.033,12.0,38.0,1:46.649,,,2025,13,Belgian Grand Prix,2025-07-27,spa,rb,1
1606,5,9,9,2,10,44,Finished,bortoleto,5,BOR,https://en.wikipedia.org/wiki/Gabriel_Bortoleto,Gabriel,Bortoleto,2004-10-14,Brazilian,sauber,https://en.wikipedia.org/wiki/Sauber_Motorsport,Sauber,Swiss,5179035.0,+56.434,16.0,41.0,1:46.966,,,2025,13,Belgian Grand Prix,2025-07-27,spa,audi,1
1607,10,10,10,1,13,44,Finished,gasly,10,GAS,http://en.wikipedia.org/wiki/Pierre_Gasly,Pierre,Gasly,1996-02-07,French,alpine,https://en.wikipedia.org/wiki/Alpine_F1_Team,Alpine F1 Team,French,5195315.0,+1:12.714,17.0,42.0,1:47.177,,,2025,13,Belgian Grand Prix,2025-07-27,spa,alpine,1
1608,87,11,11,0,12,44,Finished,bearman,87,BEA,http://en.wikipedia.org/wiki/Oliver_Bearman,Oliver,Bearman,2005-05-08,British,haas,https://en.wikipedia.org/wiki/Haas_F1_Team,Haas F1 Team,American,5195746.0,+1:13.145,13.0,43.0,1:46.709,,,2025,13,Belgian Grand Prix,2025-07-27,spa,haas,1
1609,27,12,12,0,14,44,Finished,hulkenberg,27,HUL,http://en.wikipedia.org/wiki/Nico_H%C3%BClkenberg,Nico,Hülkenberg,1987-08-19,German,sauber,https://en.wikipedia.org/wiki/Sauber_Motorsport,Sauber,Swiss,5196229.0,+1:13.628,2.0,39.0,1:45.068,,,2025,13,Belgian Grand Prix,2025-07-27,spa,audi,1
1610,22,13,13,0,7,44,Finished,tsunoda,22,TSU,http://en.wikipedia.org/wiki/Yuki_Tsunoda,Yuki,Tsunoda,2000-05-11,Japanese,red_bull,https://en.wikipedia.org/wiki/Red_Bull_Racing,Red Bull,Austrian,5197996.0,+1:15.395,19.0,42.0,1:47.241,,,2025,13,Belgian Grand Prix,2025-07-27,spa,red_bull,1
1611,18,14,14,0,16,44,Finished,stroll,18,STR,http://en.wikipedia.org/wiki/Lance_Stroll,Lance,Stroll,1998-10-29,Canadian,aston_martin,https://en.wikipedia.org/wiki/Aston_Martin_in_Formula_One,Aston Martin,British,5202432.0,+1:19.831,18.0,38.0,1:47.212,,,2025,13,Belgian Grand Prix,2025-07-27,spa,aston_martin,1
1612,31,15,15,0,11,44,Finished,ocon,31,OCO,http://en.wikipedia.org/wiki/Esteban_Ocon,Esteban,Ocon,1996-09-17,French,haas,https://en.wikipedia.org/wiki/Haas_F1_Team,Haas F1 Team,American,5208664.0,+1:26.063,14.0,44.0,1:46.744,,,2025,13,Belgian Grand Prix,2025-07-27,spa,haas,1
1613,12,16,16,0,19,44,Finished,antonelli,12,ANT,https://en.wikipedia.org/wiki/Andrea_Kimi_Antonelli,Andrea Kimi,Antonelli,2006-08-25,Italian,mercedes,https://en.wikipedia.org/wiki/Mercedes-Benz_in_Formula_One,Mercedes,German,5209322.0,+1:26.721,1.0,32.0,1:44.861,,,2025,13,Belgian Grand Prix,2025-07-27,spa,mercedes,1
1614,14,17,17,0,20,44,Finished,alonso,14,ALO,http://en.wikipedia.org/wiki/Fernando_Alonso,Fernando,Alonso,1981-07-29,Spanish,aston_martin,https://en.wikipedia.org/wiki/Aston_Martin_in_Formula_One,Aston Martin,British,5210525.0,+1:27.924,5.0,32.0,1:45.849,,,2025,13,Belgian Grand Prix,2025-07-27,spa,aston_martin,1
1615,55,18,18,0,17,44,Finished,sainz,55,SAI,http://en.wikipedia.org/wiki/Carlos_Sainz_Jr.,Carlos,Sainz,1994-09-01,Spanish,williams,https://en.wikipedia.org/wiki/Williams_Racing,Williams,British,5214625.0,+1:32.024,6.0,30.0,1:46.073,,,2025,13,Belgian Grand Prix,2025-07-27,spa,williams,1
1616,43,19,19,0,15,44,Finished,colapinto,43,COL,http://en.wikipedia.org/wiki/Franco_Colapinto,Franco,Colapinto,2003-05-27,Argentine,alpine,https://en.wikipedia.org/wiki/Alpine_F1_Team,Alpine F1 Team,French,5217851.0,+1:35.250,8.0,30.0,1:46.104,,,2025,13,Belgian Grand Prix,2025-07-27,spa,alpine,1
1617,6,20,20,0,8,43,Lapped,hadjar,6,HAD,https://en.wikipedia.org/wiki/Isack_Hadjar,Isack,Hadjar,2004-09-28,French,rb,https://en.wikipedia.org/wiki/Racing_Bulls,RB F1 Team,Italian,5135543.0,+12.942,20.0,43.0,1:47.667,,,2025,13,Belgian Grand Prix,2025-07-27,spa,rb,1
1618,4,1,1,25,3,70,Finished,norris,1,NOR,http://en.wikipedia.org/wiki/Lando_Norris,Lando,Norris,1999-11-13,British,mclaren,https://en.wikipedia.org/wiki/McLaren,McLaren,British,5721231.0,1:35:21.231,5.0,57.0,1:19.918,,,2025,14,Hungarian Grand Prix,2025-08-03,hungaroring,mclaren,1
1619,81,2,2,18,2,70,Finished,piastri,81,PIA,http://en.wikipedia.org/wiki/Oscar_Piastri,Oscar,Piastri,2001-04-06,Australian,mclaren,https://en.wikipedia.org/wiki/McLaren,McLaren,British,5721929.0,+0.698,2.0,56.0,1:19.412,,,2025,14,Hungarian Grand Prix,2025-08-03,hungaroring,mclaren,1
1620,63,3,3,15,4,70,Finished,russell,63,RUS,http://en.wikipedia.org/wiki/George_Russell_(racing_driver),George,Russell,1998-02-15,British,mercedes,https://en.wikipedia.org/wiki/Mercedes-Benz_in_Formula_One,Mercedes,German,5743147.0,+21.916,1.0,45.0,1:19.409,,,2025,14,Hungarian Grand Prix,2025-08-03,hungaroring,mercedes,1
1621,16,4,4,12,1,70,Finished,leclerc,16,LEC,http://en.wikipedia.org/wiki/Charles_Leclerc,Charles,Leclerc,1997-10-16,Monegasque,ferrari,https://en.wikipedia.org/wiki/Scuderia_Ferrari,Ferrari,Italian,5763791.0,+42.560,9.0,47.0,1:20.440,,,2025,14,Hungarian Grand Prix,2025-08-03,hungaroring,ferrari,1
1622,14,5,5,10,5,70,Finished,alonso,14,ALO,http://en.wikipedia.org/wiki/Fernando_Alonso,Fernando,Alonso,1981-07-29,Spanish,aston_martin,https://en.wikipedia.org/wiki/Aston_Martin_in_Formula_One,Aston Martin,British,5780271.0,+59.040,8.0,54.0,1:20.113,,,2025,14,Hungarian Grand Prix,2025-08-03,hungaroring,aston_martin,1
1623,5,6,6,8,7,70,Finished,bortoleto,5,BOR,https://en.wikipedia.org/wiki/Gabriel_Bortoleto,Gabriel,Bortoleto,2004-10-14,Brazilian,sauber,https://en.wikipedia.org/wiki/Sauber_Motorsport,Sauber,Swiss,5787400.0,+1:06.169,11.0,48.0,1:20.705,,,2025,14,Hungarian Grand Prix,2025-08-03,hungaroring,audi,1
1624,18,7,7,6,6,70,Finished,stroll,18,STR,http://en.wikipedia.org/wiki/Lance_Stroll,Lance,Stroll,1998-10-29,Canadian,aston_martin,https://en.wikipedia.org/wiki/Aston_Martin_in_Formula_One,Aston Martin,British,5789405.0,+1:08.174,12.0,55.0,1:20.708,,,2025,14,Hungarian Grand Prix,2025-08-03,hungaroring,aston_martin,1
1625,30,8,8,4,9,70,Finished,lawson,30,LAW,http://en.wikipedia.org/wiki/Liam_Lawson,Liam,Lawson,2002-02-11,New Zealander,rb,https://en.wikipedia.org/wiki/Racing_Bulls,RB F1 Team,Italian,5790682.0,+1:09.451,10.0,56.0,1:20.457,,,2025,14,Hungarian Grand Prix,2025-08-03,hungaroring,rb,1
1626,1,9,9,2,8,70,Finished,max_verstappen,3,VER,http://en.wikipedia.org/wiki/Max_Verstappen,Max,Verstappen,1997-09-30,Dutch,red_bull,https://en.wikipedia.org/wiki/Red_Bull_Racing,Red Bull,Austrian,5793876.0,+1:12.645,3.0,50.0,1:19.576,,,2025,14,Hungarian Grand Prix,2025-08-03,hungaroring,red_bull,1
1627,12,10,10,1,15,69,Lapped,antonelli,12,ANT,https://en.wikipedia.org/wiki/Andrea_Kimi_Antonelli,Andrea Kimi,Antonelli,2006-08-25,Italian,mercedes,https://en.wikipedia.org/wiki/Mercedes-Benz_in_Formula_One,Mercedes,German,5728880.0,+7.649,13.0,54.0,1:20.745,,,2025,14,Hungarian Grand Prix,2025-08-03,hungaroring,mercedes,1
1628,6,11,11,0,10,69,Lapped,hadjar,6,HAD,https://en.wikipedia.org/wiki/Isack_Hadjar,Isack,Hadjar,2004-09-28,French,rb,https://en.wikipedia.org/wiki/Racing_Bulls,RB F1 Team,Italian,5729731.0,+8.500,15.0,48.0,1:20.802,,,2025,14,Hungarian Grand Prix,2025-08-03,hungaroring,rb,1
1629,44,12,12,0,12,69,Lapped,hamilton,44,HAM,http://en.wikipedia.org/wiki/Lewis_Hamilton,Lewis,Hamilton,1985-01-07,British,ferrari,https://en.wikipedia.org/wiki/Scuderia_Ferrari,Ferrari,Italian,5731092.0,+9.861,7.0,55.0,1:20.022,,,2025,14,Hungarian Grand Prix,2025-08-03,hungaroring,ferrari,1
1630,27,13,13,0,18,69,Lapped,hulkenberg,27,HUL,http://en.wikipedia.org/wiki/Nico_H%C3%BClkenberg,Nico,Hülkenberg,1987-08-19,German,sauber,https://en.wikipedia.org/wiki/Sauber_Motorsport,Sauber,Swiss,5752499.0,+31.268,6.0,67.0,1:20.013,,,2025,14,Hungarian Grand Prix,2025-08-03,hungaroring,audi,1
1631,55,14,14,0,13,69,Lapped,sainz,55,SAI,http://en.wikipedia.org/wiki/Carlos_Sainz_Jr.,Carlos,Sainz,1994-09-01,Spanish,williams,https://en.wikipedia.org/wiki/Williams_Racing,Williams,British,5754557.0,+33.326,4.0,53.0,1:19.790,,,2025,14,Hungarian Grand Prix,2025-08-03,hungaroring,williams,1
1632,23,15,15,0,19,69,Lapped,albon,23,ALB,http://en.wikipedia.org/wiki/Alexander_Albon,Alexander,Albon,1996-03-23,Thai,williams,https://en.wikipedia.org/wiki/Williams_Racing,Williams,British,5759342.0,+38.111,14.0,49.0,1:20.779,,,2025,14,Hungarian Grand Prix,2025-08-03,hungaroring,williams,1
1633,31,16,16,0,17,69,Lapped,ocon,31,OCO,http://en.wikipedia.org/wiki/Esteban_Ocon,Esteban,Ocon,1996-09-17,French,haas,https://en.wikipedia.org/wiki/Haas_F1_Team,Haas F1 Team,American,5766489.0,+45.258,19.0,17.0,1:21.916,,,2025,14,Hungarian Grand Prix,2025-08-03,hungaroring,haas,1
1634,22,17,17,0,20,69,Lapped,tsunoda,22,TSU,http://en.wikipedia.org/wiki/Yuki_Tsunoda,Yuki,Tsunoda,2000-05-11,Japanese,red_bull,https://en.wikipedia.org/wiki/Red_Bull_Racing,Red Bull,Austrian,5768174.0,+46.943,17.0,46.0,1:21.180,,,2025,14,Hungarian Grand Prix,2025-08-03,hungaroring,red_bull,1
1635,43,18,18,0,14,69,Lapped,colapinto,43,COL,http://en.wikipedia.org/wiki/Franco_Colapinto,Franco,Colapinto,2003-05-27,Argentine,alpine,https://en.wikipedia.org/wiki/Alpine_F1_Team,Alpine F1 Team,French,5768601.0,+47.370,16.0,37.0,1:20.827,,,2025,14,Hungarian Grand Prix,2025-08-03,hungaroring,alpine,1
1636,10,19,19,0,16,69,Lapped,gasly,10,GAS,http://en.wikipedia.org/wiki/Pierre_Gasly,Pierre,Gasly,1996-02-07,French,alpine,https://en.wikipedia.org/wiki/Alpine_F1_Team,Alpine F1 Team,French,5777575.0,+56.344,18.0,46.0,1:21.433,,,2025,14,Hungarian Grand Prix,2025-08-03,hungaroring,alpine,1
1637,87,20,R,0,11,48,Retired,bearman,87,BEA,http://en.wikipedia.org/wiki/Oliver_Bearman,Oliver,Bearman,2005-05-08,British,haas,https://en.wikipedia.org/wiki/Haas_F1_Team,Haas F1 Team,American,,,20.0,37.0,1:21.989,,,2025,14,Hungarian Grand Prix,2025-08-03,hungaroring,haas,0
1638,81,1,1,25,1,72,Finished,piastri,81,PIA,http://en.wikipedia.org/wiki/Oscar_Piastri,Oscar,Piastri,2001-04-06,Australian,mclaren,https://en.wikipedia.org/wiki/McLaren,McLaren,British,5909849.0,1:38:29.849,1.0,60.0,1:12.271,,,2025,15,Dutch Grand Prix,2025-08-31,zandvoort,mclaren,1
1639,1,2,2,18,3,72,Finished,max_verstappen,3,VER,http://en.wikipedia.org/wiki/Max_Verstappen,Max,Verstappen,1997-09-30,Dutch,red_bull,https://en.wikipedia.org/wiki/Red_Bull_Racing,Red Bull,Austrian,5911120.0,+1.271,3.0,70.0,1:12.921,,,2025,15,Dutch Grand Prix,2025-08-31,zandvoort,red_bull,1
1640,6,3,3,15,4,72,Finished,hadjar,6,HAD,https://en.wikipedia.org/wiki/Isack_Hadjar,Isack,Hadjar,2004-09-28,French,rb,https://en.wikipedia.org/wiki/Racing_Bulls,RB F1 Team,Italian,5913082.0,+3.233,5.0,70.0,1:13.327,,,2025,15,Dutch Grand Prix,2025-08-31,zandvoort,rb,1
1641,63,4,4,12,5,72,Finished,russell,63,RUS,http://en.wikipedia.org/wiki/George_Russell_(racing_driver),George,Russell,1998-02-15,British,mercedes,https://en.wikipedia.org/wiki/Mercedes-Benz_in_Formula_One,Mercedes,German,5915503.0,+5.654,9.0,70.0,1:13.728,,,2025,15,Dutch Grand Prix,2025-08-31,zandvoort,mercedes,1
1642,23,5,5,10,15,72,Finished,albon,23,ALB,http://en.wikipedia.org/wiki/Alexander_Albon,Alexander,Albon,1996-03-23,Thai,williams,https://en.wikipedia.org/wiki/Williams_Racing,Williams,British,5916176.0,+6.327,7.0,70.0,1:13.687,,,2025,15,Dutch Grand Prix,2025-08-31,zandvoort,williams,1
1643,87,6,6,8,20,72,Finished,bearman,87,BEA,http://en.wikipedia.org/wiki/Oliver_Bearman,Oliver,Bearman,2005-05-08,British,haas,https://en.wikipedia.org/wiki/Haas_F1_Team,Haas F1 Team,American,5918893.0,+9.044,13.0,70.0,1:13.950,,,2025,15,Dutch Grand Prix,2025-08-31,zandvoort,haas,1
1644,18,7,7,6,19,72,Finished,stroll,18,STR,http://en.wikipedia.org/wiki/Lance_Stroll,Lance,Stroll,1998-10-29,Canadian,aston_martin,https://en.wikipedia.org/wiki/Aston_Martin_in_Formula_One,Aston Martin,British,5919346.0,+9.497,11.0,70.0,1:13.822,,,2025,15,Dutch Grand Prix,2025-08-31,zandvoort,aston_martin,1
1645,14,8,8,4,10,72,Finished,alonso,14,ALO,http://en.wikipedia.org/wiki/Fernando_Alonso,Fernando,Alonso,1981-07-29,Spanish,aston_martin,https://en.wikipedia.org/wiki/Aston_Martin_in_Formula_One,Aston Martin,British,5921558.0,+11.709,8.0,42.0,1:13.719,,,2025,15,Dutch Grand Prix,2025-08-31,zandvoort,aston_martin,1
1646,22,9,9,2,12,72,Finished,tsunoda,22,TSU,http://en.wikipedia.org/wiki/Yuki_Tsunoda,Yuki,Tsunoda,2000-05-11,Japanese,red_bull,https://en.wikipedia.org/wiki/Red_Bull_Racing,Red Bull,Austrian,5923446.0,+13.597,16.0,71.0,1:14.354,,,2025,15,Dutch Grand Prix,2025-08-31,zandvoort,red_bull,1
1647,31,10,10,1,18,72,Finished,ocon,31,OCO,http://en.wikipedia.org/wiki/Esteban_Ocon,Esteban,Ocon,1996-09-17,French,haas,https://en.wikipedia.org/wiki/Haas_F1_Team,Haas F1 Team,American,5923912.0,+14.063,14.0,71.0,1:13.986,,,2025,15,Dutch Grand Prix,2025-08-31,zandvoort,haas,1
1648,43,11,11,0,16,72,Finished,colapinto,43,COL,http://en.wikipedia.org/wiki/Franco_Colapinto,Franco,Colapinto,2003-05-27,Argentine,alpine,https://en.wikipedia.org/wiki/Alpine_F1_Team,Alpine F1 Team,French,5924360.0,+14.511,4.0,72.0,1:13.049,,,2025,15,Dutch Grand Prix,2025-08-31,zandvoort,alpine,1
1649,30,12,12,0,8,72,Finished,lawson,30,LAW,http://en.wikipedia.org/wiki/Liam_Lawson,Liam,Lawson,2002-02-11,New Zealander,rb,https://en.wikipedia.org/wiki/Racing_Bulls,RB F1 Team,Italian,5926912.0,+17.063,12.0,60.0,1:13.879,,,2025,15,Dutch Grand Prix,2025-08-31,zandvoort,rb,1
1650,55,13,13,0,9,72,Finished,sainz,55,SAI,http://en.wikipedia.org/wiki/Carlos_Sainz_Jr.,Carlos,Sainz,1994-09-01,Spanish,williams,https://en.wikipedia.org/wiki/Williams_Racing,Williams,British,5927225.0,+17.376,10.0,58.0,1:13.808,,,2025,15,Dutch Grand Prix,2025-08-31,zandvoort,williams,1
1651,27,14,14,0,17,72,Finished,hulkenberg,27,HUL,http://en.wikipedia.org/wiki/Nico_H%C3%BClkenberg,Nico,Hülkenberg,1987-08-19,German,sauber,https://en.wikipedia.org/wiki/Sauber_Motorsport,Sauber,Swiss,5929574.0,+19.725,18.0,61.0,1:14.912,,,2025,15,Dutch Grand Prix,2025-08-31,zandvoort,audi,1
1652,5,15,15,0,13,72,Finished,bortoleto,5,BOR,https://en.wikipedia.org/wiki/Gabriel_Bortoleto,Gabriel,Bortoleto,2004-10-14,Brazilian,sauber,https://en.wikipedia.org/wiki/Sauber_Motorsport,Sauber,Swiss,5931414.0,+21.565,15.0,63.0,1:14.307,,,2025,15,Dutch Grand Prix,2025-08-31,zandvoort,audi,1
1653,12,16,16,0,11,72,Finished,antonelli,12,ANT,https://en.wikipedia.org/wiki/Andrea_Kimi_Antonelli,Andrea Kimi,Antonelli,2006-08-25,Italian,mercedes,https://en.wikipedia.org/wiki/Mercedes-Benz_in_Formula_One,Mercedes,German,5931878.0,+22.029,6.0,70.0,1:13.480,,,2025,15,Dutch Grand Prix,2025-08-31,zandvoort,mercedes,1
1654,10,17,17,0,14,72,Finished,gasly,10,GAS,http://en.wikipedia.org/wiki/Pierre_Gasly,Pierre,Gasly,1996-02-07,French,alpine,https://en.wikipedia.org/wiki/Alpine_F1_Team,Alpine F1 Team,French,5933478.0,+23.629,19.0,59.0,1:15.248,,,2025,15,Dutch Grand Prix,2025-08-31,zandvoort,alpine,1
1655,4,18,18,0,2,64,Retired,norris,1,NOR,http://en.wikipedia.org/wiki/Lando_Norris,Lando,Norris,1999-11-13,British,mclaren,https://en.wikipedia.org/wiki/McLaren,McLaren,British,5168487.0,,2.0,59.0,1:12.379,,,2025,15,Dutch Grand Prix,2025-08-31,zandvoort,mclaren,0
1656,16,19,R,0,6,52,Retired,leclerc,16,LEC,http://en.wikipedia.org/wiki/Charles_Leclerc,Charles,Leclerc,1997-10-16,Monegasque,ferrari,https://en.wikipedia.org/wiki/Scuderia_Ferrari,Ferrari,Italian,,,17.0,33.0,1:14.557,,,2025,15,Dutch Grand Prix,2025-08-31,zandvoort,ferrari,0
1657,44,20,R,0,7,22,Retired,hamilton,44,HAM,http://en.wikipedia.org/wiki/Lewis_Hamilton,Lewis,Hamilton,1985-01-07,British,ferrari,https://en.wikipedia.org/wiki/Scuderia_Ferrari,Ferrari,Italian,,,20.0,6.0,1:15.684,,,2025,15,Dutch Grand Prix,2025-08-31,zandvoort,ferrari,0
1658,1,1,1,25,1,53,Finished,max_verstappen,3,VER,http://en.wikipedia.org/wiki/Max_Verstappen,Max,Verstappen,1997-09-30,Dutch,red_bull,https://en.wikipedia.org/wiki/Red_Bull_Racing,Red Bull,Austrian,4404325.0,1:13:24.325,2.0,52.0,1:21.003,,,2025,16,Italian Grand Prix,2025-09-07,monza,red_bull,1
1659,4,2,2,18,2,53,Finished,norris,1,NOR,http://en.wikipedia.org/wiki/Lando_Norris,Lando,Norris,1999-11-13,British,mclaren,https://en.wikipedia.org/wiki/McLaren,McLaren,British,4423532.0,+19.207,1.0,53.0,1:20.901,,,2025,16,Italian Grand Prix,2025-09-07,monza,mclaren,1
1660,81,3,3,15,3,53,Finished,piastri,81,PIA,http://en.wikipedia.org/wiki/Oscar_Piastri,Oscar,Piastri,2001-04-06,Australian,mclaren,https://en.wikipedia.org/wiki/McLaren,McLaren,British,4425676.0,+21.351,3.0,47.0,1:21.245,,,2025,16,Italian Grand Prix,2025-09-07,monza,mclaren,1
1661,16,4,4,12,4,53,Finished,leclerc,16,LEC,http://en.wikipedia.org/wiki/Charles_Leclerc,Charles,Leclerc,1997-10-16,Monegasque,ferrari,https://en.wikipedia.org/wiki/Scuderia_Ferrari,Ferrari,Italian,4429949.0,+25.624,4.0,53.0,1:21.294,,,2025,16,Italian Grand Prix,2025-09-07,monza,ferrari,1
1662,63,5,5,10,5,53,Finished,russell,63,RUS,http://en.wikipedia.org/wiki/George_Russell_(racing_driver),George,Russell,1998-02-15,British,mercedes,https://en.wikipedia.org/wiki/Mercedes-Benz_in_Formula_One,Mercedes,German,4437206.0,+32.881,8.0,45.0,1:21.800,,,2025,16,Italian Grand Prix,2025-09-07,monza,mercedes,1
1663,44,6,6,8,10,53,Finished,hamilton,44,HAM,http://en.wikipedia.org/wiki/Lewis_Hamilton,Lewis,Hamilton,1985-01-07,British,ferrari,https://en.wikipedia.org/wiki/Scuderia_Ferrari,Ferrari,Italian,4441774.0,+37.449,6.0,50.0,1:21.546,,,2025,16,Italian Grand Prix,2025-09-07,monza,ferrari,1
1664,23,7,7,6,14,53,Finished,albon,23,ALB,http://en.wikipedia.org/wiki/Alexander_Albon,Alexander,Albon,1996-03-23,Thai,williams,https://en.wikipedia.org/wiki/Williams_Racing,Williams,British,4454862.0,+50.537,5.0,53.0,1:21.368,,,2025,16,Italian Grand Prix,2025-09-07,monza,williams,1
1665,5,8,8,4,7,53,Finished,bortoleto,5,BOR,https://en.wikipedia.org/wiki/Gabriel_Bortoleto,Gabriel,Bortoleto,2004-10-14,Brazilian,sauber,https://en.wikipedia.org/wiki/Sauber_Motorsport,Sauber,Swiss,4462809.0,+58.484,12.0,51.0,1:22.139,,,2025,16,Italian Grand Prix,2025-09-07,monza,audi,1
1666,12,9,9,2,6,53,Finished,antonelli,12,ANT,https://en.wikipedia.org/wiki/Andrea_Kimi_Antonelli,Andrea Kimi,Antonelli,2006-08-25,Italian,mercedes,https://en.wikipedia.org/wiki/Mercedes-Benz_in_Formula_One,Mercedes,German,4464087.0,+59.762,10.0,53.0,1:21.968,,,2025,16,Italian Grand Prix,2025-09-07,monza,mercedes,1
1667,6,10,10,1,19,53,Finished,hadjar,6,HAD,https://en.wikipedia.org/wiki/Isack_Hadjar,Isack,Hadjar,2004-09-28,French,rb,https://en.wikipedia.org/wiki/Racing_Bulls,RB F1 Team,Italian,4468216.0,+1:03.891,11.0,46.0,1:22.133,,,2025,16,Italian Grand Prix,2025-09-07,monza,rb,1
1668,55,11,11,0,13,53,Finished,sainz,55,SAI,http://en.wikipedia.org/wiki/Carlos_Sainz_Jr.,Carlos,Sainz,1994-09-01,Spanish,williams,https://en.wikipedia.org/wiki/Williams_Racing,Williams,British,4468794.0,+1:04.469,7.0,47.0,1:21.740,,,2025,16,Italian Grand Prix,2025-09-07,monza,williams,1
1669,87,12,12,0,11,53,Finished,bearman,87,BEA,http://en.wikipedia.org/wiki/Oliver_Bearman,Oliver,Bearman,2005-05-08,British,haas,https://en.wikipedia.org/wiki/Haas_F1_Team,Haas F1 Team,American,4483613.0,+1:19.288,9.0,53.0,1:21.820,,,2025,16,Italian Grand Prix,2025-09-07,monza,haas,1
1670,22,13,13,0,9,53,Finished,tsunoda,22,TSU,http://en.wikipedia.org/wiki/Yuki_Tsunoda,Yuki,Tsunoda,2000-05-11,Japanese,red_bull,https://en.wikipedia.org/wiki/Red_Bull_Racing,Red Bull,Austrian,4485026.0,+1:20.701,16.0,52.0,1:22.712,,,2025,16,Italian Grand Prix,2025-09-07,monza,red_bull,1
1671,30,14,14,0,18,53,Finished,lawson,30,LAW,http://en.wikipedia.org/wiki/Liam_Lawson,Liam,Lawson,2002-02-11,New Zealander,rb,https://en.wikipedia.org/wiki/Racing_Bulls,RB F1 Team,Italian,4486676.0,+1:22.351,17.0,49.0,1:22.777,,,2025,16,Italian Grand Prix,2025-09-07,monza,rb,1
1672,31,15,15,0,15,52,Lapped,ocon,31,OCO,http://en.wikipedia.org/wiki/Esteban_Ocon,Esteban,Ocon,1996-09-17,French,haas,https://en.wikipedia.org/wiki/Haas_F1_Team,Haas F1 Team,American,4406460.0,+2.135,18.0,48.0,1:22.892,,,2025,16,Italian Grand Prix,2025-09-07,monza,haas,1
1673,10,16,16,0,20,52,Lapped,gasly,10,GAS,http://en.wikipedia.org/wiki/Pierre_Gasly,Pierre,Gasly,1996-02-07,French,alpine,https://en.wikipedia.org/wiki/Alpine_F1_Team,Alpine F1 Team,French,4410162.0,+5.837,14.0,52.0,1:22.185,,,2025,16,Italian Grand Prix,2025-09-07,monza,alpine,1
1674,43,17,17,0,17,52,Lapped,colapinto,43,COL,http://en.wikipedia.org/wiki/Franco_Colapinto,Franco,Colapinto,2003-05-27,Argentine,alpine,https://en.wikipedia.org/wiki/Alpine_F1_Team,Alpine F1 Team,French,4411773.0,+7.448,15.0,48.0,1:22.239,,,2025,16,Italian Grand Prix,2025-09-07,monza,alpine,1
1675,18,18,18,0,16,52,Lapped,stroll,18,STR,http://en.wikipedia.org/wiki/Lance_Stroll,Lance,Stroll,1998-10-29,Canadian,aston_martin,https://en.wikipedia.org/wiki/Aston_Martin_in_Formula_One,Aston Martin,British,4413626.0,+9.301,13.0,51.0,1:22.164,,,2025,16,Italian Grand Prix,2025-09-07,monza,aston_martin,1
1676,14,19,R,0,8,24,Retired,alonso,14,ALO,http://en.wikipedia.org/wiki/Fernando_Alonso,Fernando,Alonso,1981-07-29,Spanish,aston_martin,https://en.wikipedia.org/wiki/Aston_Martin_in_Formula_One,Aston Martin,British,,,19.0,23.0,1:23.757,,,2025,16,Italian Grand Prix,2025-09-07,monza,aston_martin,0
1677,27,20,W,0,12,0,Did not start,hulkenberg,27,HUL,http://en.wikipedia.org/wiki/Nico_H%C3%BClkenberg,Nico,Hülkenberg,1987-08-19,German,sauber,https://en.wikipedia.org/wiki/Sauber_Motorsport,Sauber,Swiss,,,,,,,,2025,16,Italian Grand Prix,2025-09-07,monza,audi,0
1678,1,1,1,25,1,51,Finished,max_verstappen,3,VER,http://en.wikipedia.org/wiki/Max_Verstappen,Max,Verstappen,1997-09-30,Dutch,red_bull,https://en.wikipedia.org/wiki/Red_Bull_Racing,Red Bull,Austrian,5606408.0,1:33:26.408,1.0,50.0,1:43.388,,,2025,17,Azerbaijan Grand Prix,2025-09-21,baku,red_bull,1
1679,63,2,2,18,5,51,Finished,russell,63,RUS,http://en.wikipedia.org/wiki/George_Russell_(racing_driver),George,Russell,1998-02-15,British,mercedes,https://en.wikipedia.org/wiki/Mercedes-Benz_in_Formula_One,Mercedes,German,5621017.0,+14.609,2.0,42.0,1:43.754,,,2025,17,Azerbaijan Grand Prix,2025-09-21,baku,mercedes,1
1680,55,3,3,15,2,51,Finished,sainz,55,SAI,http://en.wikipedia.org/wiki/Carlos_Sainz_Jr.,Carlos,Sainz,1994-09-01,Spanish,williams,https://en.wikipedia.org/wiki/Williams_Racing,Williams,British,5625607.0,+19.199,4.0,47.0,1:43.972,,,2025,17,Azerbaijan Grand Prix,2025-09-21,baku,williams,1
1681,12,4,4,12,4,51,Finished,antonelli,12,ANT,https://en.wikipedia.org/wiki/Andrea_Kimi_Antonelli,Andrea Kimi,Antonelli,2006-08-25,Italian,mercedes,https://en.wikipedia.org/wiki/Mercedes-Benz_in_Formula_One,Mercedes,German,5628168.0,+21.760,6.0,47.0,1:44.091,,,2025,17,Azerbaijan Grand Prix,2025-09-21,baku,mercedes,1
1682,30,5,5,10,3,51,Finished,lawson,30,LAW,http://en.wikipedia.org/wiki/Liam_Lawson,Liam,Lawson,2002-02-11,New Zealander,rb,https://en.wikipedia.org/wiki/Racing_Bulls,RB F1 Team,Italian,5639698.0,+33.290,13.0,49.0,1:44.531,,,2025,17,Azerbaijan Grand Prix,2025-09-21,baku,rb,1
1683,22,6,6,8,6,51,Finished,tsunoda,22,TSU,http://en.wikipedia.org/wiki/Yuki_Tsunoda,Yuki,Tsunoda,2000-05-11,Japanese,red_bull,https://en.wikipedia.org/wiki/Red_Bull_Racing,Red Bull,Austrian,5640216.0,+33.808,12.0,41.0,1:44.434,,,2025,17,Azerbaijan Grand Prix,2025-09-21,baku,red_bull,1
1684,4,7,7,6,7,51,Finished,norris,1,NOR,http://en.wikipedia.org/wiki/Lando_Norris,Lando,Norris,1999-11-13,British,mclaren,https://en.wikipedia.org/wiki/McLaren,McLaren,British,5640635.0,+34.227,8.0,42.0,1:44.155,,,2025,17,Azerbaijan Grand Prix,2025-09-21,baku,mclaren,1
1685,44,8,8,4,12,51,Finished,hamilton,44,HAM,http://en.wikipedia.org/wiki/Lewis_Hamilton,Lewis,Hamilton,1985-01-07,British,ferrari,https://en.wikipedia.org/wiki/Scuderia_Ferrari,Ferrari,Italian,5642718.0,+36.310,5.0,40.0,1:43.977,,,2025,17,Azerbaijan Grand Prix,2025-09-21,baku,ferrari,1
1686,16,9,9,2,10,51,Finished,leclerc,16,LEC,http://en.wikipedia.org/wiki/Charles_Leclerc,Charles,Leclerc,1997-10-16,Monegasque,ferrari,https://en.wikipedia.org/wiki/Scuderia_Ferrari,Ferrari,Italian,5643182.0,+36.774,9.0,50.0,1:44.274,,,2025,17,Azerbaijan Grand Prix,2025-09-21,baku,ferrari,1
1687,6,10,10,1,8,51,Finished,hadjar,6,HAD,https://en.wikipedia.org/wiki/Isack_Hadjar,Isack,Hadjar,2004-09-28,French,rb,https://en.wikipedia.org/wiki/Racing_Bulls,RB F1 Team,Italian,5645390.0,+38.982,3.0,50.0,1:43.884,,,2025,17,Azerbaijan Grand Prix,2025-09-21,baku,rb,1
1688,5,11,11,0,13,51,Finished,bortoleto,5,BOR,https://en.wikipedia.org/wiki/Gabriel_Bortoleto,Gabriel,Bortoleto,2004-10-14,Brazilian,sauber,https://en.wikipedia.org/wiki/Sauber_Motorsport,Sauber,Swiss,5674014.0,+1:07.606,14.0,45.0,1:44.930,,,2025,17,Azerbaijan Grand Prix,2025-09-21,baku,audi,1
1689,87,12,12,0,15,51,Finished,bearman,87,BEA,http://en.wikipedia.org/wiki/Oliver_Bearman,Oliver,Bearman,2005-05-08,British,haas,https://en.wikipedia.org/wiki/Haas_F1_Team,Haas F1 Team,American,5674670.0,+1:08.262,10.0,31.0,1:44.288,,,2025,17,Azerbaijan Grand Prix,2025-09-21,baku,haas,1
1690,23,13,13,0,19,51,Finished,albon,23,ALB,http://en.wikipedia.org/wiki/Alexander_Albon,Alexander,Albon,1996-03-23,Thai,williams,https://en.wikipedia.org/wiki/Williams_Racing,Williams,British,5679278.0,+1:12.870,7.0,51.0,1:44.152,,,2025,17,Azerbaijan Grand Prix,2025-09-21,baku,williams,1
1691,31,14,14,0,20,51,Finished,ocon,31,OCO,http://en.wikipedia.org/wiki/Esteban_Ocon,Esteban,Ocon,1996-09-17,French,haas,https://en.wikipedia.org/wiki/Haas_F1_Team,Haas F1 Team,American,5683988.0,+1:17.580,17.0,50.0,1:45.388,,,2025,17,Azerbaijan Grand Prix,2025-09-21,baku,haas,1
1692,14,15,15,0,11,51,Finished,alonso,14,ALO,http://en.wikipedia.org/wiki/Fernando_Alonso,Fernando,Alonso,1981-07-29,Spanish,aston_martin,https://en.wikipedia.org/wiki/Aston_Martin_in_Formula_One,Aston Martin,British,5685115.0,+1:18.707,15.0,50.0,1:45.002,,,2025,17,Azerbaijan Grand Prix,2025-09-21,baku,aston_martin,1
1693,27,16,16,0,17,51,Finished,hulkenberg,27,HUL,http://en.wikipedia.org/wiki/Nico_H%C3%BClkenberg,Nico,Hülkenberg,1987-08-19,German,sauber,https://en.wikipedia.org/wiki/Sauber_Motorsport,Sauber,Swiss,5686645.0,+1:20.237,11.0,47.0,1:44.370,,,2025,17,Azerbaijan Grand Prix,2025-09-21,baku,audi,1
1694,18,17,17,0,14,51,Finished,stroll,18,STR,http://en.wikipedia.org/wiki/Lance_Stroll,Lance,Stroll,1998-10-29,Canadian,aston_martin,https://en.wikipedia.org/wiki/Aston_Martin_in_Formula_One,Aston Martin,British,5702800.0,+1:36.392,16.0,50.0,1:45.083,,,2025,17,Azerbaijan Grand Prix,2025-09-21,baku,aston_martin,1
1695,10,18,18,0,18,50,Lapped,gasly,10,GAS,http://en.wikipedia.org/wiki/Pierre_Gasly,Pierre,Gasly,1996-02-07,French,alpine,https://en.wikipedia.org/wiki/Alpine_F1_Team,Alpine F1 Team,French,5610273.0,+3.865,18.0,37.0,1:45.492,,,2025,17,Azerbaijan Grand Prix,2025-09-21,baku,alpine,1
1696,43,19,19,0,16,50,Lapped,colapinto,43,COL,http://en.wikipedia.org/wiki/Franco_Colapinto,Franco,Colapinto,2003-05-27,Argentine,alpine,https://en.wikipedia.org/wiki/Alpine_F1_Team,Alpine F1 Team,French,5612733.0,+6.325,19.0,40.0,1:46.055,,,2025,17,Azerbaijan Grand Prix,2025-09-21,baku,alpine,1
1697,81,20,R,0,9,0,Retired,piastri,81,PIA,http://en.wikipedia.org/wiki/Oscar_Piastri,Oscar,Piastri,2001-04-06,Australian,mclaren,https://en.wikipedia.org/wiki/McLaren,McLaren,British,,,,,,,,2025,17,Azerbaijan Grand Prix,2025-09-21,baku,mclaren,0
1698,63,1,1,25,1,62,Finished,russell,63,RUS,http://en.wikipedia.org/wiki/George_Russell_(racing_driver),George,Russell,1998-02-15,British,mercedes,https://en.wikipedia.org/wiki/Mercedes-Benz_in_Formula_One,Mercedes,German,6022367.0,1:40:22.367,11.0,27.0,1:35.676,,,2025,18,Singapore Grand Prix,2025-10-05,marina_bay,mercedes,1
1699,1,2,2,18,2,62,Finished,max_verstappen,3,VER,http://en.wikipedia.org/wiki/Max_Verstappen,Max,Verstappen,1997-09-30,Dutch,red_bull,https://en.wikipedia.org/wiki/Red_Bull_Racing,Red Bull,Austrian,6027797.0,+5.430,10.0,30.0,1:35.649,,,2025,18,Singapore Grand Prix,2025-10-05,marina_bay,red_bull,1
1700,4,3,3,15,5,62,Finished,norris,1,NOR,http://en.wikipedia.org/wiki/Lando_Norris,Lando,Norris,1999-11-13,British,mclaren,https://en.wikipedia.org/wiki/McLaren,McLaren,British,6028433.0,+6.066,7.0,36.0,1:35.555,,,2025,18,Singapore Grand Prix,2025-10-05,marina_bay,mclaren,1
1701,81,4,4,12,3,62,Finished,piastri,81,PIA,http://en.wikipedia.org/wiki/Oscar_Piastri,Oscar,Piastri,2001-04-06,Australian,mclaren,https://en.wikipedia.org/wiki/McLaren,McLaren,British,6030513.0,+8.146,6.0,31.0,1:35.408,,,2025,18,Singapore Grand Prix,2025-10-05,marina_bay,mclaren,1
1702,12,5,5,10,4,62,Finished,antonelli,12,ANT,https://en.wikipedia.org/wiki/Andrea_Kimi_Antonelli,Andrea Kimi,Antonelli,2006-08-25,Italian,mercedes,https://en.wikipedia.org/wiki/Mercedes-Benz_in_Formula_One,Mercedes,German,6056048.0,+33.681,4.0,27.0,1:35.303,,,2025,18,Singapore Grand Prix,2025-10-05,marina_bay,mercedes,1
1703,16,6,6,8,7,62,Finished,leclerc,16,LEC,http://en.wikipedia.org/wiki/Charles_Leclerc,Charles,Leclerc,1997-10-16,Monegasque,ferrari,https://en.wikipedia.org/wiki/Scuderia_Ferrari,Ferrari,Italian,6068363.0,+45.996,14.0,41.0,1:35.983,,,2025,18,Singapore Grand Prix,2025-10-05,marina_bay,ferrari,1
1704,14,7,7,6,10,62,Finished,alonso,14,ALO,http://en.wikipedia.org/wiki/Fernando_Alonso,Fernando,Alonso,1981-07-29,Spanish,aston_martin,https://en.wikipedia.org/wiki/Aston_Martin_in_Formula_One,Aston Martin,British,6103034.0,+1:20.667,13.0,52.0,1:35.862,,,2025,18,Singapore Grand Prix,2025-10-05,marina_bay,aston_martin,1
1705,44,8,8,4,6,62,Finished,hamilton,44,HAM,http://en.wikipedia.org/wiki/Lewis_Hamilton,Lewis,Hamilton,1985-01-07,British,ferrari,https://en.wikipedia.org/wiki/Scuderia_Ferrari,Ferrari,Italian,6107618.0,+1:25.251,1.0,48.0,1:33.808,,,2025,18,Singapore Grand Prix,2025-10-05,marina_bay,ferrari,1
1706,87,9,9,2,9,62,Finished,bearman,87,BEA,http://en.wikipedia.org/wiki/Oliver_Bearman,Oliver,Bearman,2005-05-08,British,haas,https://en.wikipedia.org/wiki/Haas_F1_Team,Haas F1 Team,American,6115894.0,+1:33.527,15.0,56.0,1:36.201,,,2025,18,Singapore Grand Prix,2025-10-05,marina_bay,haas,1
1707,55,10,10,1,18,61,Lapped,sainz,55,SAI,http://en.wikipedia.org/wiki/Carlos_Sainz_Jr.,Carlos,Sainz,1994-09-01,Spanish,williams,https://en.wikipedia.org/wiki/Williams_Racing,Williams,British,6033121.0,+10.754,3.0,61.0,1:34.963,,,2025,18,Singapore Grand Prix,2025-10-05,marina_bay,williams,1
1708,6,11,11,0,8,61,Lapped,hadjar,6,HAD,https://en.wikipedia.org/wiki/Isack_Hadjar,Isack,Hadjar,2004-09-28,French,rb,https://en.wikipedia.org/wiki/Racing_Bulls,RB F1 Team,Italian,6039702.0,+17.335,18.0,54.0,1:36.938,,,2025,18,Singapore Grand Prix,2025-10-05,marina_bay,rb,1
1709,22,12,12,0,13,61,Lapped,tsunoda,22,TSU,http://en.wikipedia.org/wiki/Yuki_Tsunoda,Yuki,Tsunoda,2000-05-11,Japanese,red_bull,https://en.wikipedia.org/wiki/Red_Bull_Racing,Red Bull,Austrian,6041636.0,+19.269,17.0,45.0,1:36.831,,,2025,18,Singapore Grand Prix,2025-10-05,marina_bay,red_bull,1
1710,18,13,13,0,15,61,Lapped,stroll,18,STR,http://en.wikipedia.org/wiki/Lance_Stroll,Lance,Stroll,1998-10-29,Canadian,aston_martin,https://en.wikipedia.org/wiki/Aston_Martin_in_Formula_One,Aston Martin,British,6046857.0,+24.490,12.0,60.0,1:35.851,,,2025,18,Singapore Grand Prix,2025-10-05,marina_bay,aston_martin,1
1711,23,14,14,0,20,61,Lapped,albon,23,ALB,http://en.wikipedia.org/wiki/Alexander_Albon,Alexander,Albon,1996-03-23,Thai,williams,https://en.wikipedia.org/wiki/Williams_Racing,Williams,British,6047687.0,+25.320,9.0,60.0,1:35.648,,,2025,18,Singapore Grand Prix,2025-10-05,marina_bay,williams,1
1712,30,15,15,0,12,61,Lapped,lawson,30,LAW,http://en.wikipedia.org/wiki/Liam_Lawson,Liam,Lawson,2002-02-11,New Zealander,rb,https://en.wikipedia.org/wiki/Racing_Bulls,RB F1 Team,Italian,6049512.0,+27.145,8.0,61.0,1:35.641,,,2025,18,Singapore Grand Prix,2025-10-05,marina_bay,rb,1
1713,43,16,16,0,16,61,Lapped,colapinto,43,COL,http://en.wikipedia.org/wiki/Franco_Colapinto,Franco,Colapinto,2003-05-27,Argentine,alpine,https://en.wikipedia.org/wiki/Alpine_F1_Team,Alpine F1 Team,French,6065257.0,+42.890,20.0,17.0,1:37.182,,,2025,18,Singapore Grand Prix,2025-10-05,marina_bay,alpine,1
1714,5,17,17,0,14,61,Lapped,bortoleto,5,BOR,https://en.wikipedia.org/wiki/Gabriel_Bortoleto,Gabriel,Bortoleto,2004-10-14,Brazilian,sauber,https://en.wikipedia.org/wiki/Sauber_Motorsport,Sauber,Swiss,6069120.0,+46.753,19.0,16.0,1:37.126,,,2025,18,Singapore Grand Prix,2025-10-05,marina_bay,audi,1
1715,31,18,18,0,17,61,Lapped,ocon,31,OCO,http://en.wikipedia.org/wiki/Esteban_Ocon,Esteban,Ocon,1996-09-17,French,haas,https://en.wikipedia.org/wiki/Haas_F1_Team,Haas F1 Team,American,6069500.0,+47.133,16.0,32.0,1:36.646,,,2025,18,Singapore Grand Prix,2025-10-05,marina_bay,haas,1
1716,10,19,19,0,19,61,Lapped,gasly,10,GAS,http://en.wikipedia.org/wiki/Pierre_Gasly,Pierre,Gasly,1996-02-07,French,alpine,https://en.wikipedia.org/wiki/Alpine_F1_Team,Alpine F1 Team,French,6069828.0,+47.461,2.0,53.0,1:34.573,,,2025,18,Singapore Grand Prix,2025-10-05,marina_bay,alpine,1
1717,27,20,20,0,11,61,Lapped,hulkenberg,27,HUL,http://en.wikipedia.org/wiki/Nico_H%C3%BClkenberg,Nico,Hülkenberg,1987-08-19,German,sauber,https://en.wikipedia.org/wiki/Sauber_Motorsport,Sauber,Swiss,6071407.0,+49.040,5.0,47.0,1:35.404,,,2025,18,Singapore Grand Prix,2025-10-05,marina_bay,audi,1
1718,1,1,1,25,1,56,Finished,max_verstappen,3,VER,http://en.wikipedia.org/wiki/Max_Verstappen,Max,Verstappen,1997-09-30,Dutch,red_bull,https://en.wikipedia.org/wiki/Red_Bull_Racing,Red Bull,Austrian,5640161.0,1:34:00.161,3.0,35.0,1:37.991,,,2025,19,United States Grand Prix,2025-10-19,americas,red_bull,1
1719,4,2,2,18,2,56,Finished,norris,1,NOR,http://en.wikipedia.org/wiki/Lando_Norris,Lando,Norris,1999-11-13,British,mclaren,https://en.wikipedia.org/wiki/McLaren,McLaren,British,5648120.0,+7.959,2.0,35.0,1:37.620,,,2025,19,United States Grand Prix,2025-10-19,americas,mclaren,1
1720,16,3,3,15,3,56,Finished,leclerc,16,LEC,http://en.wikipedia.org/wiki/Charles_Leclerc,Charles,Leclerc,1997-10-16,Monegasque,ferrari,https://en.wikipedia.org/wiki/Scuderia_Ferrari,Ferrari,Italian,5655534.0,+15.373,5.0,47.0,1:38.231,,,2025,19,United States Grand Prix,2025-10-19,americas,ferrari,1
1721,44,4,4,12,5,56,Finished,hamilton,44,HAM,http://en.wikipedia.org/wiki/Lewis_Hamilton,Lewis,Hamilton,1985-01-07,British,ferrari,https://en.wikipedia.org/wiki/Scuderia_Ferrari,Ferrari,Italian,5668697.0,+28.536,8.0,55.0,1:38.361,,,2025,19,United States Grand Prix,2025-10-19,americas,ferrari,1
1722,81,5,5,10,6,56,Finished,piastri,81,PIA,http://en.wikipedia.org/wiki/Oscar_Piastri,Oscar,Piastri,2001-04-06,Australian,mclaren,https://en.wikipedia.org/wiki/McLaren,McLaren,British,5669839.0,+29.678,10.0,55.0,1:38.564,,,2025,19,United States Grand Prix,2025-10-19,americas,mclaren,1
1723,63,6,6,8,4,56,Finished,russell,63,RUS,http://en.wikipedia.org/wiki/George_Russell_(racing_driver),George,Russell,1998-02-15,British,mercedes,https://en.wikipedia.org/wiki/Mercedes-Benz_in_Formula_One,Mercedes,German,5673617.0,+33.456,4.0,35.0,1:38.224,,,2025,19,United States Grand Prix,2025-10-19,americas,mercedes,1
1724,22,7,7,6,13,56,Finished,tsunoda,22,TSU,http://en.wikipedia.org/wiki/Yuki_Tsunoda,Yuki,Tsunoda,2000-05-11,Japanese,red_bull,https://en.wikipedia.org/wiki/Red_Bull_Racing,Red Bull,Austrian,5692875.0,+52.714,13.0,54.0,1:38.803,,,2025,19,United States Grand Prix,2025-10-19,americas,red_bull,1
1725,27,8,8,4,11,56,Finished,hulkenberg,27,HUL,http://en.wikipedia.org/wiki/Nico_H%C3%BClkenberg,Nico,Hülkenberg,1987-08-19,German,sauber,https://en.wikipedia.org/wiki/Sauber_Motorsport,Sauber,Swiss,5697410.0,+57.249,9.0,54.0,1:38.372,,,2025,19,United States Grand Prix,2025-10-19,americas,audi,1
1726,87,9,9,2,8,56,Finished,bearman,87,BEA,http://en.wikipedia.org/wiki/Oliver_Bearman,Oliver,Bearman,2005-05-08,British,haas,https://en.wikipedia.org/wiki/Haas_F1_Team,Haas F1 Team,American,5704883.0,+1:04.722,16.0,32.0,1:39.119,,,2025,19,United States Grand Prix,2025-10-19,americas,haas,1
1727,14,10,10,1,10,56,Finished,alonso,14,ALO,http://en.wikipedia.org/wiki/Fernando_Alonso,Fernando,Alonso,1981-07-29,Spanish,aston_martin,https://en.wikipedia.org/wiki/Aston_Martin_in_Formula_One,Aston Martin,British,5710162.0,+1:10.001,12.0,54.0,1:38.789,,,2025,19,United States Grand Prix,2025-10-19,americas,aston_martin,1
1728,30,11,11,0,12,56,Finished,lawson,30,LAW,http://en.wikipedia.org/wiki/Liam_Lawson,Liam,Lawson,2002-02-11,New Zealander,rb,https://en.wikipedia.org/wiki/Racing_Bulls,RB F1 Team,Italian,5713370.0,+1:13.209,14.0,53.0,1:38.983,,,2025,19,United States Grand Prix,2025-10-19,americas,rb,1
1729,18,12,12,0,19,56,Finished,stroll,18,STR,http://en.wikipedia.org/wiki/Lance_Stroll,Lance,Stroll,1998-10-29,Canadian,aston_martin,https://en.wikipedia.org/wiki/Aston_Martin_in_Formula_One,Aston Martin,British,5714939.0,+1:14.778,15.0,54.0,1:39.071,,,2025,19,United States Grand Prix,2025-10-19,americas,aston_martin,1
1730,12,13,13,0,7,56,Finished,antonelli,12,ANT,https://en.wikipedia.org/wiki/Andrea_Kimi_Antonelli,Andrea Kimi,Antonelli,2006-08-25,Italian,mercedes,https://en.wikipedia.org/wiki/Mercedes-Benz_in_Formula_One,Mercedes,German,5715907.0,+1:15.746,1.0,33.0,1:37.577,,,2025,19,United States Grand Prix,2025-10-19,americas,mercedes,1
1731,23,14,14,0,18,56,Finished,albon,23,ALB,http://en.wikipedia.org/wiki/Alexander_Albon,Alexander,Albon,1996-03-23,Thai,williams,https://en.wikipedia.org/wiki/Williams_Racing,Williams,British,5720161.0,+1:20.000,7.0,38.0,1:38.328,,,2025,19,United States Grand Prix,2025-10-19,americas,williams,1
1732,31,15,15,0,17,56,Finished,ocon,31,OCO,http://en.wikipedia.org/wiki/Esteban_Ocon,Esteban,Ocon,1996-09-17,French,haas,https://en.wikipedia.org/wiki/Haas_F1_Team,Haas F1 Team,American,5723204.0,+1:23.043,18.0,31.0,1:39.263,,,2025,19,United States Grand Prix,2025-10-19,americas,haas,1
1733,6,16,16,0,20,56,Finished,hadjar,6,HAD,https://en.wikipedia.org/wiki/Isack_Hadjar,Isack,Hadjar,2004-09-28,French,rb,https://en.wikipedia.org/wiki/Racing_Bulls,RB F1 Team,Italian,5732968.0,+1:32.807,11.0,54.0,1:38.724,,,2025,19,United States Grand Prix,2025-10-19,americas,rb,1
1734,43,17,17,0,15,55,Lapped,colapinto,43,COL,http://en.wikipedia.org/wiki/Franco_Colapinto,Franco,Colapinto,2003-05-27,Argentine,alpine,https://en.wikipedia.org/wiki/Alpine_F1_Team,Alpine F1 Team,French,5642468.0,+2.307,17.0,54.0,1:39.173,,,2025,19,United States Grand Prix,2025-10-19,americas,alpine,1
1735,5,18,18,0,16,55,Lapped,bortoleto,5,BOR,https://en.wikipedia.org/wiki/Gabriel_Bortoleto,Gabriel,Bortoleto,2004-10-14,Brazilian,sauber,https://en.wikipedia.org/wiki/Sauber_Motorsport,Sauber,Swiss,5643718.0,+3.557,6.0,39.0,1:38.275,,,2025,19,United States Grand Prix,2025-10-19,americas,audi,1
1736,10,19,19,0,14,55,Lapped,gasly,10,GAS,http://en.wikipedia.org/wiki/Pierre_Gasly,Pierre,Gasly,1996-02-07,French,alpine,https://en.wikipedia.org/wiki/Alpine_F1_Team,Alpine F1 Team,French,5646316.0,+6.155,19.0,30.0,1:39.270,,,2025,19,United States Grand Prix,2025-10-19,americas,alpine,1
1737,55,20,R,0,9,5,Retired,sainz,55,SAI,http://en.wikipedia.org/wiki/Carlos_Sainz_Jr.,Carlos,Sainz,1994-09-01,Spanish,williams,https://en.wikipedia.org/wiki/Williams_Racing,Williams,British,,,20.0,3.0,1:40.327,,,2025,19,United States Grand Prix,2025-10-19,americas,williams,0
1738,4,1,1,25,1,71,Finished,norris,1,NOR,http://en.wikipedia.org/wiki/Lando_Norris,Lando,Norris,1999-11-13,British,mclaren,https://en.wikipedia.org/wiki/McLaren,McLaren,British,5878574.0,1:37:58.574,8.0,45.0,1:20.764,,,2025,20,Mexico City Grand Prix,2025-10-26,rodriguez,mclaren,1
1739,16,2,2,18,2,71,Finished,leclerc,16,LEC,http://en.wikipedia.org/wiki/Charles_Leclerc,Charles,Leclerc,1997-10-16,Monegasque,ferrari,https://en.wikipedia.org/wiki/Scuderia_Ferrari,Ferrari,Italian,5908898.0,+30.324,14.0,45.0,1:21.588,,,2025,20,Mexico City Grand Prix,2025-10-26,rodriguez,ferrari,1
1740,1,3,3,15,5,71,Finished,max_verstappen,3,VER,http://en.wikipedia.org/wiki/Max_Verstappen,Max,Verstappen,1997-09-30,Dutch,red_bull,https://en.wikipedia.org/wiki/Red_Bull_Racing,Red Bull,Austrian,5909623.0,+31.049,10.0,50.0,1:21.108,,,2025,20,Mexico City Grand Prix,2025-10-26,rodriguez,red_bull,1
1741,87,4,4,12,9,71,Finished,bearman,87,BEA,http://en.wikipedia.org/wiki/Oliver_Bearman,Oliver,Bearman,2005-05-08,British,haas,https://en.wikipedia.org/wiki/Haas_F1_Team,Haas F1 Team,American,5919529.0,+40.955,7.0,51.0,1:20.705,,,2025,20,Mexico City Grand Prix,2025-10-26,rodriguez,haas,1
1742,81,5,5,10,7,71,Finished,piastri,81,PIA,http://en.wikipedia.org/wiki/Oscar_Piastri,Oscar,Piastri,2001-04-06,Australian,mclaren,https://en.wikipedia.org/wiki/McLaren,McLaren,British,5920639.0,+42.065,3.0,53.0,1:20.422,,,2025,20,Mexico City Grand Prix,2025-10-26,rodriguez,mclaren,1
1743,12,6,6,8,6,71,Finished,antonelli,12,ANT,https://en.wikipedia.org/wiki/Andrea_Kimi_Antonelli,Andrea Kimi,Antonelli,2006-08-25,Italian,mercedes,https://en.wikipedia.org/wiki/Mercedes-Benz_in_Formula_One,Mercedes,German,5926411.0,+47.837,9.0,58.0,1:20.826,,,2025,20,Mexico City Grand Prix,2025-10-26,rodriguez,mercedes,1
1744,63,7,7,6,4,71,Finished,russell,63,RUS,http://en.wikipedia.org/wiki/George_Russell_(racing_driver),George,Russell,1998-02-15,British,mercedes,https://en.wikipedia.org/wiki/Mercedes-Benz_in_Formula_One,Mercedes,German,5928861.0,+50.287,1.0,50.0,1:20.052,,,2025,20,Mexico City Grand Prix,2025-10-26,rodriguez,mercedes,1
1745,44,8,8,4,3,71,Finished,hamilton,44,HAM,http://en.wikipedia.org/wiki/Lewis_Hamilton,Lewis,Hamilton,1985-01-07,British,ferrari,https://en.wikipedia.org/wiki/Scuderia_Ferrari,Ferrari,Italian,5935020.0,+56.446,6.0,50.0,1:20.601,,,2025,20,Mexico City Grand Prix,2025-10-26,rodriguez,ferrari,1
1746,31,9,9,2,11,71,Finished,ocon,31,OCO,http://en.wikipedia.org/wiki/Esteban_Ocon,Esteban,Ocon,1996-09-17,French,haas,https://en.wikipedia.org/wiki/Haas_F1_Team,Haas F1 Team,American,5954038.0,+1:15.464,17.0,65.0,1:21.869,,,2025,20,Mexico City Grand Prix,2025-10-26,rodriguez,haas,1
1747,5,10,10,1,16,71,Finished,bortoleto,5,BOR,https://en.wikipedia.org/wiki/Gabriel_Bortoleto,Gabriel,Bortoleto,2004-10-14,Brazilian,sauber,https://en.wikipedia.org/wiki/Sauber_Motorsport,Sauber,Swiss,5955437.0,+1:16.863,11.0,39.0,1:21.121,,,2025,20,Mexico City Grand Prix,2025-10-26,rodriguez,audi,1
1748,22,11,11,0,10,71,Finished,tsunoda,22,TSU,http://en.wikipedia.org/wiki/Yuki_Tsunoda,Yuki,Tsunoda,2000-05-11,Japanese,red_bull,https://en.wikipedia.org/wiki/Red_Bull_Racing,Red Bull,Austrian,5957622.0,+1:19.048,13.0,44.0,1:21.486,,,2025,20,Mexico City Grand Prix,2025-10-26,rodriguez,red_bull,1
1749,23,12,12,0,17,70,Lapped,albon,23,ALB,http://en.wikipedia.org/wiki/Alexander_Albon,Alexander,Albon,1996-03-23,Thai,williams,https://en.wikipedia.org/wiki/Williams_Racing,Williams,British,5881024.0,+2.450,4.0,45.0,1:20.480,,,2025,20,Mexico City Grand Prix,2025-10-26,rodriguez,williams,1
1750,6,13,13,0,8,70,Lapped,hadjar,6,HAD,https://en.wikipedia.org/wiki/Isack_Hadjar,Isack,Hadjar,2004-09-28,French,rb,https://en.wikipedia.org/wiki/Racing_Bulls,RB F1 Team,Italian,5885230.0,+6.656,16.0,44.0,1:21.714,,,2025,20,Mexico City Grand Prix,2025-10-26,rodriguez,rb,1
1751,18,14,14,0,19,70,Lapped,stroll,18,STR,http://en.wikipedia.org/wiki/Lance_Stroll,Lance,Stroll,1998-10-29,Canadian,aston_martin,https://en.wikipedia.org/wiki/Aston_Martin_in_Formula_One,Aston Martin,British,5885609.0,+7.035,5.0,45.0,1:20.593,,,2025,20,Mexico City Grand Prix,2025-10-26,rodriguez,aston_martin,1
1752,10,15,15,0,18,70,Lapped,gasly,10,GAS,http://en.wikipedia.org/wiki/Pierre_Gasly,Pierre,Gasly,1996-02-07,French,alpine,https://en.wikipedia.org/wiki/Alpine_F1_Team,Alpine F1 Team,French,5922654.0,+44.080,18.0,43.0,1:22.271,,,2025,20,Mexico City Grand Prix,2025-10-26,rodriguez,alpine,1
1753,43,16,16,0,20,70,Lapped,colapinto,43,COL,http://en.wikipedia.org/wiki/Franco_Colapinto,Franco,Colapinto,2003-05-27,Argentine,alpine,https://en.wikipedia.org/wiki/Alpine_F1_Team,Alpine F1 Team,French,5922950.0,+44.376,12.0,50.0,1:21.342,,,2025,20,Mexico City Grand Prix,2025-10-26,rodriguez,alpine,1
1754,55,17,17,0,12,67,Retired,sainz,55,SAI,http://en.wikipedia.org/wiki/Carlos_Sainz_Jr.,Carlos,Sainz,1994-09-01,Spanish,williams,https://en.wikipedia.org/wiki/Williams_Racing,Williams,British,5614132.0,,2.0,48.0,1:20.098,,,2025,20,Mexico City Grand Prix,2025-10-26,rodriguez,williams,0
1755,14,18,R,0,14,34,Retired,alonso,14,ALO,http://en.wikipedia.org/wiki/Fernando_Alonso,Fernando,Alonso,1981-07-29,Spanish,aston_martin,https://en.wikipedia.org/wiki/Aston_Martin_in_Formula_One,Aston Martin,British,,,15.0,22.0,1:21.708,,,2025,20,Mexico City Grand Prix,2025-10-26,rodriguez,aston_martin,0
1756,27,19,R,0,13,25,Retired,hulkenberg,27,HUL,http://en.wikipedia.org/wiki/Nico_H%C3%BClkenberg,Nico,Hülkenberg,1987-08-19,German,sauber,https://en.wikipedia.org/wiki/Sauber_Motorsport,Sauber,Swiss,,,19.0,14.0,1:23.091,,,2025,20,Mexico City Grand Prix,2025-10-26,rodriguez,audi,0
1757,30,20,R,0,15,5,Retired,lawson,30,LAW,http://en.wikipedia.org/wiki/Liam_Lawson,Liam,Lawson,2002-02-11,New Zealander,rb,https://en.wikipedia.org/wiki/Racing_Bulls,RB F1 Team,Italian,,,20.0,4.0,1:25.124,,,2025,20,Mexico City Grand Prix,2025-10-26,rodriguez,rb,0
1758,4,1,1,25,1,71,Finished,norris,1,NOR,http://en.wikipedia.org/wiki/Lando_Norris,Lando,Norris,1999-11-13,British,mclaren,https://en.wikipedia.org/wiki/McLaren,McLaren,British,5521596.0,1:32:01.596,6.0,66.0,1:13.040,,,2025,21,São Paulo Grand Prix,2025-11-09,interlagos,mclaren,1
1759,12,2,2,18,2,71,Finished,antonelli,12,ANT,https://en.wikipedia.org/wiki/Andrea_Kimi_Antonelli,Andrea Kimi,Antonelli,2006-08-25,Italian,mercedes,https://en.wikipedia.org/wiki/Mercedes-Benz_in_Formula_One,Mercedes,German,5531984.0,+10.388,9.0,52.0,1:13.123,,,2025,21,São Paulo Grand Prix,2025-11-09,interlagos,mercedes,1
1760,1,3,3,15,19,71,Finished,max_verstappen,3,VER,http://en.wikipedia.org/wiki/Max_Verstappen,Max,Verstappen,1997-09-30,Dutch,red_bull,https://en.wikipedia.org/wiki/Red_Bull_Racing,Red Bull,Austrian,5532346.0,+10.750,2.0,56.0,1:12.447,,,2025,21,São Paulo Grand Prix,2025-11-09,interlagos,red_bull,1
1761,63,4,4,12,6,71,Finished,russell,63,RUS,http://en.wikipedia.org/wiki/George_Russell_(racing_driver),George,Russell,1998-02-15,British,mercedes,https://en.wikipedia.org/wiki/Mercedes-Benz_in_Formula_One,Mercedes,German,5536863.0,+15.267,8.0,52.0,1:13.097,,,2025,21,São Paulo Grand Prix,2025-11-09,interlagos,mercedes,1
1762,81,5,5,10,4,71,Finished,piastri,81,PIA,http://en.wikipedia.org/wiki/Oscar_Piastri,Oscar,Piastri,2001-04-06,Australian,mclaren,https://en.wikipedia.org/wiki/McLaren,McLaren,British,5537345.0,+15.749,3.0,54.0,1:12.742,,,2025,21,São Paulo Grand Prix,2025-11-09,interlagos,mclaren,1
1763,87,6,6,8,8,71,Finished,bearman,87,BEA,http://en.wikipedia.org/wiki/Oliver_Bearman,Oliver,Bearman,2005-05-08,British,haas,https://en.wikipedia.org/wiki/Haas_F1_Team,Haas F1 Team,American,5551226.0,+29.630,13.0,48.0,1:13.483,,,2025,21,São Paulo Grand Prix,2025-11-09,interlagos,haas,1
1764,30,7,7,6,7,71,Finished,lawson,30,LAW,http://en.wikipedia.org/wiki/Liam_Lawson,Liam,Lawson,2002-02-11,New Zealander,rb,https://en.wikipedia.org/wiki/Racing_Bulls,RB F1 Team,Italian,5574238.0,+52.642,18.0,21.0,1:14.029,,,2025,21,São Paulo Grand Prix,2025-11-09,interlagos,rb,1
1765,6,8,8,4,5,71,Finished,hadjar,6,HAD,https://en.wikipedia.org/wiki/Isack_Hadjar,Isack,Hadjar,2004-09-28,French,rb,https://en.wikipedia.org/wiki/Racing_Bulls,RB F1 Team,Italian,5574469.0,+52.873,15.0,40.0,1:13.694,,,2025,21,São Paulo Grand Prix,2025-11-09,interlagos,rb,1
1766,27,9,9,2,10,71,Finished,hulkenberg,27,HUL,http://en.wikipedia.org/wiki/Nico_H%C3%BClkenberg,Nico,Hülkenberg,1987-08-19,German,sauber,https://en.wikipedia.org/wiki/Sauber_Motorsport,Sauber,Swiss,5574920.0,+53.324,11.0,39.0,1:13.474,,,2025,21,São Paulo Grand Prix,2025-11-09,interlagos,audi,1
1767,10,10,10,1,9,71,Finished,gasly,10,GAS,http://en.wikipedia.org/wiki/Pierre_Gasly,Pierre,Gasly,1996-02-07,French,alpine,https://en.wikipedia.org/wiki/Alpine_F1_Team,Alpine F1 Team,French,5575510.0,+53.914,16.0,42.0,1:13.736,,,2025,21,São Paulo Grand Prix,2025-11-09,interlagos,alpine,1
1768,23,11,11,0,12,71,Finished,albon,23,ALB,http://en.wikipedia.org/wiki/Alexander_Albon,Alexander,Albon,1996-03-23,Thai,williams,https://en.wikipedia.org/wiki/Williams_Racing,Williams,British,5575780.0,+54.184,1.0,59.0,1:12.400,,,2025,21,São Paulo Grand Prix,2025-11-09,interlagos,williams,1
1769,31,12,12,0,20,71,Finished,ocon,31,OCO,http://en.wikipedia.org/wiki/Esteban_Ocon,Esteban,Ocon,1996-09-17,French,haas,https://en.wikipedia.org/wiki/Haas_F1_Team,Haas F1 Team,American,5576292.0,+54.696,12.0,10.0,1:13.481,,,2025,21,São Paulo Grand Prix,2025-11-09,interlagos,haas,1
1770,55,13,13,0,15,71,Finished,sainz,55,SAI,http://en.wikipedia.org/wiki/Carlos_Sainz_Jr.,Carlos,Sainz,1994-09-01,Spanish,williams,https://en.wikipedia.org/wiki/Williams_Racing,Williams,British,5577016.0,+55.420,14.0,19.0,1:13.683,,,2025,21,São Paulo Grand Prix,2025-11-09,interlagos,williams,1
1771,14,14,14,0,11,71,Finished,alonso,14,ALO,http://en.wikipedia.org/wiki/Fernando_Alonso,Fernando,Alonso,1981-07-29,Spanish,aston_martin,https://en.wikipedia.org/wiki/Aston_Martin_in_Formula_One,Aston Martin,British,5577362.0,+55.766,10.0,48.0,1:13.312,,,2025,21,São Paulo Grand Prix,2025-11-09,interlagos,aston_martin,1
1772,43,15,15,0,16,71,Finished,colapinto,43,COL,http://en.wikipedia.org/wiki/Franco_Colapinto,Franco,Colapinto,2003-05-27,Argentine,alpine,https://en.wikipedia.org/wiki/Alpine_F1_Team,Alpine F1 Team,French,5579373.0,+57.777,5.0,45.0,1:12.816,,,2025,21,São Paulo Grand Prix,2025-11-09,interlagos,alpine,1
1773,18,16,16,0,14,71,Finished,stroll,18,STR,http://en.wikipedia.org/wiki/Lance_Stroll,Lance,Stroll,1998-10-29,Canadian,aston_martin,https://en.wikipedia.org/wiki/Aston_Martin_in_Formula_One,Aston Martin,British,5579843.0,+58.247,7.0,56.0,1:13.094,,,2025,21,São Paulo Grand Prix,2025-11-09,interlagos,aston_martin,1
1774,22,17,17,0,17,71,Finished,tsunoda,22,TSU,http://en.wikipedia.org/wiki/Yuki_Tsunoda,Yuki,Tsunoda,2000-05-11,Japanese,red_bull,https://en.wikipedia.org/wiki/Red_Bull_Racing,Red Bull,Austrian,5590772.0,+1:09.176,4.0,49.0,1:12.774,,,2025,21,São Paulo Grand Prix,2025-11-09,interlagos,red_bull,1
1775,44,18,R,0,13,37,Retired,hamilton,44,HAM,http://en.wikipedia.org/wiki/Lewis_Hamilton,Lewis,Hamilton,1985-01-07,British,ferrari,https://en.wikipedia.org/wiki/Scuderia_Ferrari,Ferrari,Italian,,,17.0,35.0,1:13.844,,,2025,21,São Paulo Grand Prix,2025-11-09,interlagos,ferrari,0
1776,16,19,R,0,3,5,Retired,leclerc,16,LEC,http://en.wikipedia.org/wiki/Charles_Leclerc,Charles,Leclerc,1997-10-16,Monegasque,ferrari,https://en.wikipedia.org/wiki/Scuderia_Ferrari,Ferrari,Italian,,,19.0,2.0,1:43.560,,,2025,21,São Paulo Grand Prix,2025-11-09,interlagos,ferrari,0
1777,5,20,R,0,18,0,Retired,bortoleto,5,BOR,https://en.wikipedia.org/wiki/Gabriel_Bortoleto,Gabriel,Bortoleto,2004-10-14,Brazilian,sauber,https://en.wikipedia.org/wiki/Sauber_Motorsport,Sauber,Swiss,,,,,,,,2025,21,São Paulo Grand Prix,2025-11-09,interlagos,audi,0
1778,1,1,1,25,2,50,Finished,max_verstappen,3,VER,http://en.wikipedia.org/wiki/Max_Verstappen,Max,Verstappen,1997-09-30,Dutch,red_bull,https://en.wikipedia.org/wiki/Red_Bull_Racing,Red Bull,Austrian,4868429.0,1:21:08.429,1.0,50.0,1:33.365,,,2025,22,Las Vegas Grand Prix,2025-11-23,vegas,red_bull,1
1779,63,2,2,18,4,50,Finished,russell,63,RUS,http://en.wikipedia.org/wiki/George_Russell_(racing_driver),George,Russell,1998-02-15,British,mercedes,https://en.wikipedia.org/wiki/Mercedes-Benz_in_Formula_One,Mercedes,German,4891975.0,+23.546,9.0,50.0,1:34.592,,,2025,22,Las Vegas Grand Prix,2025-11-23,vegas,mercedes,1
1780,12,3,3,15,17,50,Finished,antonelli,12,ANT,https://en.wikipedia.org/wiki/Andrea_Kimi_Antonelli,Andrea Kimi,Antonelli,2006-08-25,Italian,mercedes,https://en.wikipedia.org/wiki/Mercedes-Benz_in_Formula_One,Mercedes,German,4898917.0,+30.488,2.0,48.0,1:33.998,,,2025,22,Las Vegas Grand Prix,2025-11-23,vegas,mercedes,1
1781,16,4,4,12,9,50,Finished,leclerc,16,LEC,http://en.wikipedia.org/wiki/Charles_Leclerc,Charles,Leclerc,1997-10-16,Monegasque,ferrari,https://en.wikipedia.org/wiki/Scuderia_Ferrari,Ferrari,Italian,4899107.0,+30.678,3.0,43.0,1:34.304,,,2025,22,Las Vegas Grand Prix,2025-11-23,vegas,ferrari,1
1782,55,5,5,10,3,50,Finished,sainz,55,SAI,http://en.wikipedia.org/wiki/Carlos_Sainz_Jr.,Carlos,Sainz,1994-09-01,Spanish,williams,https://en.wikipedia.org/wiki/Williams_Racing,Williams,British,4903353.0,+34.924,4.0,42.0,1:34.496,,,2025,22,Las Vegas Grand Prix,2025-11-23,vegas,williams,1
1783,6,6,6,8,8,50,Finished,hadjar,6,HAD,https://en.wikipedia.org/wiki/Isack_Hadjar,Isack,Hadjar,2004-09-28,French,rb,https://en.wikipedia.org/wiki/Racing_Bulls,RB F1 Team,Italian,4913686.0,+45.257,10.0,50.0,1:34.620,,,2025,22,Las Vegas Grand Prix,2025-11-23,vegas,rb,1
1784,27,7,7,6,11,50,Finished,hulkenberg,27,HUL,http://en.wikipedia.org/wiki/Nico_H%C3%BClkenberg,Nico,Hülkenberg,1987-08-19,German,sauber,https://en.wikipedia.org/wiki/Sauber_Motorsport,Sauber,Swiss,4919563.0,+51.134,8.0,49.0,1:34.592,,,2025,22,Las Vegas Grand Prix,2025-11-23,vegas,audi,1
1785,44,8,8,4,19,50,Finished,hamilton,44,HAM,http://en.wikipedia.org/wiki/Lewis_Hamilton,Lewis,Hamilton,1985-01-07,British,ferrari,https://en.wikipedia.org/wiki/Scuderia_Ferrari,Ferrari,Italian,4927798.0,+59.369,6.0,49.0,1:34.553,,,2025,22,Las Vegas Grand Prix,2025-11-23,vegas,ferrari,1
1786,31,9,9,2,13,50,Finished,ocon,31,OCO,http://en.wikipedia.org/wiki/Esteban_Ocon,Esteban,Ocon,1996-09-17,French,haas,https://en.wikipedia.org/wiki/Haas_F1_Team,Haas F1 Team,American,4929064.0,+1:00.635,7.0,48.0,1:34.557,,,2025,22,Las Vegas Grand Prix,2025-11-23,vegas,haas,1
1787,87,10,10,1,14,50,Finished,bearman,87,BEA,http://en.wikipedia.org/wiki/Oliver_Bearman,Oliver,Bearman,2005-05-08,British,haas,https://en.wikipedia.org/wiki/Haas_F1_Team,Haas F1 Team,American,4938978.0,+1:10.549,5.0,50.0,1:34.519,,,2025,22,Las Vegas Grand Prix,2025-11-23,vegas,haas,1
1788,14,11,11,0,7,50,Finished,alonso,14,ALO,http://en.wikipedia.org/wiki/Fernando_Alonso,Fernando,Alonso,1981-07-29,Spanish,aston_martin,https://en.wikipedia.org/wiki/Aston_Martin_in_Formula_One,Aston Martin,British,4953737.0,+1:25.308,14.0,41.0,1:35.629,,,2025,22,Las Vegas Grand Prix,2025-11-23,vegas,aston_martin,1
1789,22,12,12,0,20,50,Finished,tsunoda,22,TSU,http://en.wikipedia.org/wiki/Yuki_Tsunoda,Yuki,Tsunoda,2000-05-11,Japanese,red_bull,https://en.wikipedia.org/wiki/Red_Bull_Racing,Red Bull,Austrian,4955403.0,+1:26.974,12.0,49.0,1:34.967,,,2025,22,Las Vegas Grand Prix,2025-11-23,vegas,red_bull,1
1790,10,13,13,0,10,50,Finished,gasly,10,GAS,http://en.wikipedia.org/wiki/Pierre_Gasly,Pierre,Gasly,1996-02-07,French,alpine,https://en.wikipedia.org/wiki/Alpine_F1_Team,Alpine F1 Team,French,4960131.0,+1:31.702,15.0,44.0,1:35.674,,,2025,22,Las Vegas Grand Prix,2025-11-23,vegas,alpine,1
1791,30,14,14,0,6,49,Lapped,lawson,30,LAW,http://en.wikipedia.org/wiki/Liam_Lawson,Liam,Lawson,2002-02-11,New Zealander,rb,https://en.wikipedia.org/wiki/Racing_Bulls,RB F1 Team,Italian,4871720.0,+3.291,11.0,47.0,1:34.837,,,2025,22,Las Vegas Grand Prix,2025-11-23,vegas,rb,1
1792,43,15,15,0,15,49,Lapped,colapinto,43,COL,http://en.wikipedia.org/wiki/Franco_Colapinto,Franco,Colapinto,2003-05-27,Argentine,alpine,https://en.wikipedia.org/wiki/Alpine_F1_Team,Alpine F1 Team,French,4878888.0,+10.459,16.0,38.0,1:35.780,,,2025,22,Las Vegas Grand Prix,2025-11-23,vegas,alpine,1
1793,23,16,R,0,16,35,Retired,albon,23,ALB,http://en.wikipedia.org/wiki/Alexander_Albon,Alexander,Albon,1996-03-23,Thai,williams,https://en.wikipedia.org/wiki/Williams_Racing,Williams,British,,,13.0,26.0,1:35.184,,,2025,22,Las Vegas Grand Prix,2025-11-23,vegas,williams,0
1794,5,17,R,0,18,2,Retired,bortoleto,5,BOR,https://en.wikipedia.org/wiki/Gabriel_Bortoleto,Gabriel,Bortoleto,2004-10-14,Brazilian,sauber,https://en.wikipedia.org/wiki/Sauber_Motorsport,Sauber,Swiss,,,,,,,,2025,22,Las Vegas Grand Prix,2025-11-23,vegas,audi,0
1795,18,18,R,0,12,0,Retired,stroll,18,STR,http://en.wikipedia.org/wiki/Lance_Stroll,Lance,Stroll,1998-10-29,Canadian,aston_martin,https://en.wikipedia.org/wiki/Aston_Martin_in_Formula_One,Aston Martin,British,,,,,,,,2025,22,Las Vegas Grand Prix,2025-11-23,vegas,aston_martin,0
1796,4,19,D,0,1,50,Disqualified,norris,1,NOR,http://en.wikipedia.org/wiki/Lando_Norris,Lando,Norris,1999-11-13,British,mclaren,https://en.wikipedia.org/wiki/McLaren,McLaren,British,,,,,,,,2025,22,Las Vegas Grand Prix,2025-11-23,vegas,mclaren,0
1797,81,20,D,0,5,50,Disqualified,piastri,81,PIA,http://en.wikipedia.org/wiki/Oscar_Piastri,Oscar,Piastri,2001-04-06,Australian,mclaren,https://en.wikipedia.org/wiki/McLaren,McLaren,British,,,,,,,,2025,22,Las Vegas Grand Prix,2025-11-23,vegas,mclaren,0
1798,1,1,1,25,3,57,Finished,max_verstappen,3,VER,http://en.wikipedia.org/wiki/Max_Verstappen,Max,Verstappen,1997-09-30,Dutch,red_bull,https://en.wikipedia.org/wiki/Red_Bull_Racing,Red Bull,Austrian,5078241.0,1:24:38.241,5.0,50.0,1:23.498,,,2025,23,Qatar Grand Prix,2025-11-30,losail,red_bull,1
1799,81,2,2,18,1,57,Finished,piastri,81,PIA,http://en.wikipedia.org/wiki/Oscar_Piastri,Oscar,Piastri,2001-04-06,Australian,mclaren,https://en.wikipedia.org/wiki/McLaren,McLaren,British,5086236.0,+7.995,1.0,44.0,1:22.996,,,2025,23,Qatar Grand Prix,2025-11-30,losail,mclaren,1
1800,55,3,3,15,7,57,Finished,sainz,55,SAI,http://en.wikipedia.org/wiki/Carlos_Sainz_Jr.,Carlos,Sainz,1994-09-01,Spanish,williams,https://en.wikipedia.org/wiki/Williams_Racing,Williams,British,5100906.0,+22.665,6.0,48.0,1:23.859,,,2025,23,Qatar Grand Prix,2025-11-30,losail,williams,1
1801,4,4,4,12,2,57,Finished,norris,1,NOR,http://en.wikipedia.org/wiki/Lando_Norris,Lando,Norris,1999-11-13,British,mclaren,https://en.wikipedia.org/wiki/McLaren,McLaren,British,5101556.0,+23.315,2.0,47.0,1:23.197,,,2025,23,Qatar Grand Prix,2025-11-30,losail,mclaren,1
1802,12,5,5,10,5,57,Finished,antonelli,12,ANT,https://en.wikipedia.org/wiki/Andrea_Kimi_Antonelli,Andrea Kimi,Antonelli,2006-08-25,Italian,mercedes,https://en.wikipedia.org/wiki/Mercedes-Benz_in_Formula_One,Mercedes,German,5106558.0,+28.317,8.0,55.0,1:23.955,,,2025,23,Qatar Grand Prix,2025-11-30,losail,mercedes,1
1803,63,6,6,8,4,57,Finished,russell,63,RUS,http://en.wikipedia.org/wiki/George_Russell_(racing_driver),George,Russell,1998-02-15,British,mercedes,https://en.wikipedia.org/wiki/Mercedes-Benz_in_Formula_One,Mercedes,German,5126840.0,+48.599,3.0,56.0,1:23.198,,,2025,23,Qatar Grand Prix,2025-11-30,losail,mercedes,1
1804,14,7,7,6,8,57,Finished,alonso,14,ALO,http://en.wikipedia.org/wiki/Fernando_Alonso,Fernando,Alonso,1981-07-29,Spanish,aston_martin,https://en.wikipedia.org/wiki/Aston_Martin_in_Formula_One,Aston Martin,British,5132286.0,+54.045,7.0,57.0,1:23.940,,,2025,23,Qatar Grand Prix,2025-11-30,losail,aston_martin,1
1805,16,8,8,4,10,57,Finished,leclerc,16,LEC,http://en.wikipedia.org/wiki/Charles_Leclerc,Charles,Leclerc,1997-10-16,Monegasque,ferrari,https://en.wikipedia.org/wiki/Scuderia_Ferrari,Ferrari,Italian,5135026.0,+56.785,13.0,56.0,1:24.432,,,2025,23,Qatar Grand Prix,2025-11-30,losail,ferrari,1
1806,30,9,9,2,12,57,Finished,lawson,30,LAW,http://en.wikipedia.org/wiki/Liam_Lawson,Liam,Lawson,2002-02-11,New Zealander,rb,https://en.wikipedia.org/wiki/Racing_Bulls,RB F1 Team,Italian,5138314.0,+1:00.073,9.0,54.0,1:23.971,,,2025,23,Qatar Grand Prix,2025-11-30,losail,rb,1
1807,22,10,10,1,15,57,Finished,tsunoda,22,TSU,http://en.wikipedia.org/wiki/Yuki_Tsunoda,Yuki,Tsunoda,2000-05-11,Japanese,red_bull,https://en.wikipedia.org/wiki/Red_Bull_Racing,Red Bull,Austrian,5140011.0,+1:01.770,10.0,57.0,1:24.139,,,2025,23,Qatar Grand Prix,2025-11-30,losail,red_bull,1
1808,23,11,11,0,14,57,Finished,albon,23,ALB,http://en.wikipedia.org/wiki/Alexander_Albon,Alexander,Albon,1996-03-23,Thai,williams,https://en.wikipedia.org/wiki/Williams_Racing,Williams,British,5145172.0,+1:06.931,11.0,57.0,1:24.261,,,2025,23,Qatar Grand Prix,2025-11-30,losail,williams,1
1809,44,12,12,0,17,57,Finished,hamilton,44,HAM,http://en.wikipedia.org/wiki/Lewis_Hamilton,Lewis,Hamilton,1985-01-07,British,ferrari,https://en.wikipedia.org/wiki/Scuderia_Ferrari,Ferrari,Italian,5155971.0,+1:17.730,14.0,52.0,1:24.848,,,2025,23,Qatar Grand Prix,2025-11-30,losail,ferrari,1
1810,5,13,13,0,19,57,Finished,bortoleto,5,BOR,https://en.wikipedia.org/wiki/Gabriel_Bortoleto,Gabriel,Bortoleto,2004-10-14,Brazilian,sauber,https://en.wikipedia.org/wiki/Sauber_Motorsport,Sauber,Swiss,5163053.0,+1:24.812,17.0,54.0,1:25.233,,,2025,23,Qatar Grand Prix,2025-11-30,losail,audi,1
1811,43,14,14,0,20,56,Lapped,colapinto,43,COL,http://en.wikipedia.org/wiki/Franco_Colapinto,Franco,Colapinto,2003-05-27,Argentine,alpine,https://en.wikipedia.org/wiki/Alpine_F1_Team,Alpine F1 Team,French,5081524.0,+3.283,19.0,52.0,1:25.644,,,2025,23,Qatar Grand Prix,2025-11-30,losail,alpine,1
1812,31,15,15,0,16,56,Lapped,ocon,31,OCO,http://en.wikipedia.org/wiki/Esteban_Ocon,Esteban,Ocon,1996-09-17,French,haas,https://en.wikipedia.org/wiki/Haas_F1_Team,Haas F1 Team,American,5082494.0,+4.253,16.0,36.0,1:25.056,,,2025,23,Qatar Grand Prix,2025-11-30,losail,haas,1
1813,10,16,16,0,9,56,Lapped,gasly,10,GAS,http://en.wikipedia.org/wiki/Pierre_Gasly,Pierre,Gasly,1996-02-07,French,alpine,https://en.wikipedia.org/wiki/Alpine_F1_Team,Alpine F1 Team,French,5083182.0,+4.941,18.0,54.0,1:25.376,,,2025,23,Qatar Grand Prix,2025-11-30,losail,alpine,1
1814,18,17,17,0,18,55,Retired,stroll,18,STR,http://en.wikipedia.org/wiki/Lance_Stroll,Lance,Stroll,1998-10-29,Canadian,aston_martin,https://en.wikipedia.org/wiki/Aston_Martin_in_Formula_One,Aston Martin,British,5015203.0,,4.0,51.0,1:23.484,,,2025,23,Qatar Grand Prix,2025-11-30,losail,aston_martin,0
1815,6,18,18,0,6,55,Retired,hadjar,6,HAD,https://en.wikipedia.org/wiki/Isack_Hadjar,Isack,Hadjar,2004-09-28,French,rb,https://en.wikipedia.org/wiki/Racing_Bulls,RB F1 Team,Italian,5032324.0,,12.0,52.0,1:24.317,,,2025,23,Qatar Grand Prix,2025-11-30,losail,rb,0
1816,87,19,R,0,13,41,Retired,bearman,87,BEA,http://en.wikipedia.org/wiki/Oliver_Bearman,Oliver,Bearman,2005-05-08,British,haas,https://en.wikipedia.org/wiki/Haas_F1_Team,Haas F1 Team,American,,,15.0,34.0,1:24.930,,,2025,23,Qatar Grand Prix,2025-11-30,losail,haas,0
1817,27,20,R,0,11,6,Retired,hulkenberg,27,HUL,http://en.wikipedia.org/wiki/Nico_H%C3%BClkenberg,Nico,Hülkenberg,1987-08-19,German,sauber,https://en.wikipedia.org/wiki/Sauber_Motorsport,Sauber,Swiss,,,20.0,5.0,1:28.139,,,2025,23,Qatar Grand Prix,2025-11-30,losail,audi,0
1818,1,1,1,25,1,58,Finished,max_verstappen,3,VER,http://en.wikipedia.org/wiki/Max_Verstappen,Max,Verstappen,1997-09-30,Dutch,red_bull,https://en.wikipedia.org/wiki/Red_Bull_Racing,Red Bull,Austrian,5167469.0,1:26:07.469,5.0,39.0,1:27.625,,,2025,24,Abu Dhabi Grand Prix,2025-12-07,yas_marina,red_bull,1
1819,81,2,2,18,3,58,Finished,piastri,81,PIA,http://en.wikipedia.org/wiki/Oscar_Piastri,Oscar,Piastri,2001-04-06,Australian,mclaren,https://en.wikipedia.org/wiki/McLaren,McLaren,British,5180063.0,+12.594,2.0,44.0,1:26.765,,,2025,24,Abu Dhabi Grand Prix,2025-12-07,yas_marina,mclaren,1
1820,4,3,3,15,2,58,Finished,norris,1,NOR,http://en.wikipedia.org/wiki/Lando_Norris,Lando,Norris,1999-11-13,British,mclaren,https://en.wikipedia.org/wiki/McLaren,McLaren,British,5184041.0,+16.572,3.0,48.0,1:26.818,,,2025,24,Abu Dhabi Grand Prix,2025-12-07,yas_marina,mclaren,1
1821,16,4,4,12,5,58,Finished,leclerc,16,LEC,http://en.wikipedia.org/wiki/Charles_Leclerc,Charles,Leclerc,1997-10-16,Monegasque,ferrari,https://en.wikipedia.org/wiki/Scuderia_Ferrari,Ferrari,Italian,5190748.0,+23.279,1.0,45.0,1:26.725,,,2025,24,Abu Dhabi Grand Prix,2025-12-07,yas_marina,ferrari,1
1822,63,5,5,10,4,58,Finished,russell,63,RUS,http://en.wikipedia.org/wiki/George_Russell_(racing_driver),George,Russell,1998-02-15,British,mercedes,https://en.wikipedia.org/wiki/Mercedes-Benz_in_Formula_One,Mercedes,German,5216032.0,+48.563,14.0,57.0,1:28.599,,,2025,24,Abu Dhabi Grand Prix,2025-12-07,yas_marina,mercedes,1
1823,14,6,6,8,6,58,Finished,alonso,14,ALO,http://en.wikipedia.org/wiki/Fernando_Alonso,Fernando,Alonso,1981-07-29,Spanish,aston_martin,https://en.wikipedia.org/wiki/Aston_Martin_in_Formula_One,Aston Martin,British,5235031.0,+1:07.562,11.0,54.0,1:28.279,,,2025,24,Abu Dhabi Grand Prix,2025-12-07,yas_marina,aston_martin,1
1824,31,7,7,6,8,58,Finished,ocon,31,OCO,http://en.wikipedia.org/wiki/Esteban_Ocon,Esteban,Ocon,1996-09-17,French,haas,https://en.wikipedia.org/wiki/Haas_F1_Team,Haas F1 Team,American,5237345.0,+1:09.876,15.0,56.0,1:28.655,,,2025,24,Abu Dhabi Grand Prix,2025-12-07,yas_marina,haas,1
1825,44,8,8,4,16,58,Finished,hamilton,44,HAM,http://en.wikipedia.org/wiki/Lewis_Hamilton,Lewis,Hamilton,1985-01-07,British,ferrari,https://en.wikipedia.org/wiki/Scuderia_Ferrari,Ferrari,Italian,5240139.0,+1:12.670,10.0,36.0,1:28.094,,,2025,24,Abu Dhabi Grand Prix,2025-12-07,yas_marina,ferrari,1
1826,27,9,9,2,18,58,Finished,hulkenberg,27,HUL,http://en.wikipedia.org/wiki/Nico_H%C3%BClkenberg,Nico,Hülkenberg,1987-08-19,German,sauber,https://en.wikipedia.org/wiki/Sauber_Motorsport,Sauber,Swiss,5246483.0,+1:19.014,4.0,46.0,1:27.050,,,2025,24,Abu Dhabi Grand Prix,2025-12-07,yas_marina,audi,1
1827,18,10,10,1,15,58,Finished,stroll,18,STR,http://en.wikipedia.org/wiki/Lance_Stroll,Lance,Stroll,1998-10-29,Canadian,aston_martin,https://en.wikipedia.org/wiki/Aston_Martin_in_Formula_One,Aston Martin,British,5246992.0,+1:19.523,6.0,52.0,1:27.626,,,2025,24,Abu Dhabi Grand Prix,2025-12-07,yas_marina,aston_martin,1
1828,5,11,11,0,7,58,Finished,bortoleto,5,BOR,https://en.wikipedia.org/wiki/Gabriel_Bortoleto,Gabriel,Bortoleto,2004-10-14,Brazilian,sauber,https://en.wikipedia.org/wiki/Sauber_Motorsport,Sauber,Swiss,5248512.0,+1:21.043,19.0,47.0,1:29.114,,,2025,24,Abu Dhabi Grand Prix,2025-12-07,yas_marina,audi,1
1829,87,12,12,0,11,58,Finished,bearman,87,BEA,http://en.wikipedia.org/wiki/Oliver_Bearman,Oliver,Bearman,2005-05-08,British,haas,https://en.wikipedia.org/wiki/Haas_F1_Team,Haas F1 Team,American,5248635.0,+1:21.166,17.0,50.0,1:28.976,,,2025,24,Abu Dhabi Grand Prix,2025-12-07,yas_marina,haas,1
1830,55,13,13,0,12,58,Finished,sainz,55,SAI,http://en.wikipedia.org/wiki/Carlos_Sainz_Jr.,Carlos,Sainz,1994-09-01,Spanish,williams,https://en.wikipedia.org/wiki/Williams_Racing,Williams,British,5249627.0,+1:22.158,18.0,51.0,1:29.052,,,2025,24,Abu Dhabi Grand Prix,2025-12-07,yas_marina,williams,1
1831,22,14,14,0,10,58,Finished,tsunoda,22,TSU,http://en.wikipedia.org/wiki/Yuki_Tsunoda,Yuki,Tsunoda,2000-05-11,Japanese,red_bull,https://en.wikipedia.org/wiki/Red_Bull_Racing,Red Bull,Austrian,5251263.0,+1:23.794,13.0,44.0,1:28.557,,,2025,24,Abu Dhabi Grand Prix,2025-12-07,yas_marina,red_bull,1
1832,12,15,15,0,14,58,Finished,antonelli,12,ANT,https://en.wikipedia.org/wiki/Andrea_Kimi_Antonelli,Andrea Kimi,Antonelli,2006-08-25,Italian,mercedes,https://en.wikipedia.org/wiki/Mercedes-Benz_in_Formula_One,Mercedes,German,5251868.0,+1:24.399,9.0,34.0,1:28.029,,,2025,24,Abu Dhabi Grand Prix,2025-12-07,yas_marina,mercedes,1
1833,23,16,16,0,17,58,Finished,albon,23,ALB,http://en.wikipedia.org/wiki/Alexander_Albon,Alexander,Albon,1996-03-23,Thai,williams,https://en.wikipedia.org/wiki/Williams_Racing,Williams,British,5257796.0,+1:30.327,12.0,45.0,1:28.367,,,2025,24,Abu Dhabi Grand Prix,2025-12-07,yas_marina,williams,1
1834,6,17,17,0,9,57,Lapped,hadjar,6,HAD,https://en.wikipedia.org/wiki/Isack_Hadjar,Isack,Hadjar,2004-09-28,French,rb,https://en.wikipedia.org/wiki/Racing_Bulls,RB F1 Team,Italian,5168796.0,+1.327,20.0,52.0,1:29.375,,,2025,24,Abu Dhabi Grand Prix,2025-12-07,yas_marina,rb,1
1835,30,18,18,0,13,57,Lapped,lawson,30,LAW,http://en.wikipedia.org/wiki/Liam_Lawson,Liam,Lawson,2002-02-11,New Zealander,rb,https://en.wikipedia.org/wiki/Racing_Bulls,RB F1 Team,Italian,5172128.0,+4.659,16.0,39.0,1:28.886,,,2025,24,Abu Dhabi Grand Prix,2025-12-07,yas_marina,rb,1
1836,10,19,19,0,19,57,Lapped,gasly,10,GAS,http://en.wikipedia.org/wiki/Pierre_Gasly,Pierre,Gasly,1996-02-07,French,alpine,https://en.wikipedia.org/wiki/Alpine_F1_Team,Alpine F1 Team,French,5179377.0,+11.908,8.0,46.0,1:27.767,,,2025,24,Abu Dhabi Grand Prix,2025-12-07,yas_marina,alpine,1
1837,43,20,20,0,20,57,Lapped,colapinto,43,COL,http://en.wikipedia.org/wiki/Franco_Colapinto,Franco,Colapinto,2003-05-27,Argentine,alpine,https://en.wikipedia.org/wiki/Alpine_F1_Team,Alpine F1 Team,French,5181472.0,+14.003,7.0,42.0,1:27.710,,,2025,24,Abu Dhabi Grand Prix,2025-12-07,yas_marina,alpine,1
1838,63,1,1,25,1,58,Finished,russell,63,RUS,http://en.wikipedia.org/wiki/George_Russell_(racing_driver),George,Russell,1998-02-15,British,mercedes,https://en.wikipedia.org/wiki/Mercedes-Benz_in_Formula_One,Mercedes,German,4986801.0,1:23:06.801,6.0,21.0,1:22.670,,,2026,1,Australian Grand Prix,2026-03-08,albert_park,mercedes,1
1839,12,2,2,18,2,58,Finished,antonelli,12,ANT,https://en.wikipedia.org/wiki/Andrea_Kimi_Antonelli,Andrea Kimi,Antonelli,2006-08-25,Italian,mercedes,https://en.wikipedia.org/wiki/Mercedes-Benz_in_Formula_One,Mercedes,German,4989775.0,+2.974,3.0,57.0,1:22.417,,,2026,1,Australian Grand Prix,2026-03-08,albert_park,mercedes,1
1840,16,3,3,15,4,58,Finished,leclerc,16,LEC,http://en.wikipedia.org/wiki/Charles_Leclerc,Charles,Leclerc,1997-10-16,Monegasque,ferrari,https://en.wikipedia.org/wiki/Scuderia_Ferrari,Ferrari,Italian,5002320.0,+15.519,5.0,38.0,1:22.579,,,2026,1,Australian Grand Prix,2026-03-08,albert_park,ferrari,1
1841,44,4,4,12,7,58,Finished,hamilton,44,HAM,http://en.wikipedia.org/wiki/Lewis_Hamilton,Lewis,Hamilton,1985-01-07,British,ferrari,https://en.wikipedia.org/wiki/Scuderia_Ferrari,Ferrari,Italian,5002945.0,+16.144,4.0,55.0,1:22.423,,,2026,1,Australian Grand Prix,2026-03-08,albert_park,ferrari,1
1842,1,5,5,10,6,58,Finished,norris,1,NOR,http://en.wikipedia.org/wiki/Lando_Norris,Lando,Norris,1999-11-13,British,mclaren,https://en.wikipedia.org/wiki/McLaren,McLaren,British,5038542.0,+51.741,2.0,53.0,1:22.358,,,2026,1,Australian Grand Prix,2026-03-08,albert_park,mclaren,1
1843,3,6,6,8,20,58,Finished,max_verstappen,3,VER,http://en.wikipedia.org/wiki/Max_Verstappen,Max,Verstappen,1997-09-30,Dutch,red_bull,https://en.wikipedia.org/wiki/Red_Bull_Racing,Red Bull,Austrian,5041418.0,+54.617,1.0,43.0,1:22.091,,,2026,1,Australian Grand Prix,2026-03-08,albert_park,red_bull,1
1844,87,7,7,6,12,57,Lapped,bearman,87,BEA,http://en.wikipedia.org/wiki/Oliver_Bearman,Oliver,Bearman,2005-05-08,British,haas,https://en.wikipedia.org/wiki/Haas_F1_Team,Haas F1 Team,American,4991394.0,+4.593,11.0,22.0,1:24.020,,,2026,1,Australian Grand Prix,2026-03-08,albert_park,haas,1
1845,41,8,8,4,9,57,Lapped,arvid_lindblad,41,LIN,https://en.wikipedia.org/wiki/Arvid_Lindblad,Arvid,Lindblad,2007-08-08,British,rb,https://en.wikipedia.org/wiki/Racing_Bulls,RB F1 Team,Italian,4998617.0,+11.816,12.0,21.0,1:24.182,,,2026,1,Australian Grand Prix,2026-03-08,albert_park,rb,1
1846,5,9,9,2,10,57,Lapped,bortoleto,5,BOR,https://en.wikipedia.org/wiki/Gabriel_Bortoleto,Gabriel,Bortoleto,2004-10-14,Brazilian,audi,https://en.wikipedia.org/wiki/Audi_in_Formula_One,Audi,German,4999576.0,+12.775,8.0,45.0,1:23.257,,,2026,1,Australian Grand Prix,2026-03-08,albert_park,audi,1
1847,10,10,10,1,14,57,Lapped,gasly,10,GAS,http://en.wikipedia.org/wiki/Pierre_Gasly,Pierre,Gasly,1996-02-07,French,alpine,https://en.wikipedia.org/wiki/Alpine_F1_Team,Alpine F1 Team,French,5015828.0,+29.027,15.0,56.0,1:24.486,,,2026,1,Australian Grand Prix,2026-03-08,albert_park,alpine,1
1848,31,11,11,0,13,57,Lapped,ocon,31,OCO,http://en.wikipedia.org/wiki/Esteban_Ocon,Esteban,Ocon,1996-09-17,French,haas,https://en.wikipedia.org/wiki/Haas_F1_Team,Haas F1 Team,American,5016651.0,+29.850,14.0,25.0,1:24.424,,,2026,1,Australian Grand Prix,2026-03-08,albert_park,haas,1
1849,23,12,12,0,15,57,Lapped,albon,23,ALB,http://en.wikipedia.org/wiki/Alexander_Albon,Alexander,Albon,1996-03-23,Thai,williams,https://en.wikipedia.org/wiki/Williams_Racing,Williams,British,5042876.0,+56.075,13.0,36.0,1:24.375,,,2026,1,Australian Grand Prix,2026-03-08,albert_park,williams,1
1850,30,13,13,0,8,57,Lapped,lawson,30,LAW,http://en.wikipedia.org/wiki/Liam_Lawson,Liam,Lawson,2002-02-11,New Zealander,rb,https://en.wikipedia.org/wiki/Racing_Bulls,RB F1 Team,Italian,5043974.0,+57.173,10.0,47.0,1:23.783,,,2026,1,Australian Grand Prix,2026-03-08,albert_park,rb,1
1851,43,14,14,0,16,56,Lapped,colapinto,43,COL,http://en.wikipedia.org/wiki/Franco_Colapinto,Franco,Colapinto,2003-05-27,Argentine,alpine,https://en.wikipedia.org/wiki/Alpine_F1_Team,Alpine F1 Team,French,4995288.0,+8.487,7.0,48.0,1:22.926,,,2026,1,Australian Grand Prix,2026-03-08,albert_park,alpine,1
1852,55,15,15,0,21,56,Lapped,sainz,55,SAI,http://en.wikipedia.org/wiki/Carlos_Sainz_Jr.,Carlos,Sainz,1994-09-01,Spanish,williams,https://en.wikipedia.org/wiki/Williams_Racing,Williams,British,5023687.0,+36.886,9.0,52.0,1:23.590,,,2026,1,Australian Grand Prix,2026-03-08,albert_park,williams,1
1853,11,16,16,0,18,55,Lapped,perez,11,PER,http://en.wikipedia.org/wiki/Sergio_P%C3%A9rez,Sergio,Pérez,1990-01-26,Mexican,cadillac,https://en.wikipedia.org/wiki/Cadillac_in_Formula_One,Cadillac F1 Team,American,4994651.0,+7.850,19.0,47.0,1:26.070,,,2026,1,Australian Grand Prix,2026-03-08,albert_park,cadillac,1
1854,18,17,R,0,22,43,Lapped,stroll,18,STR,http://en.wikipedia.org/wiki/Lance_Stroll,Lance,Stroll,1998-10-29,Canadian,aston_martin,https://en.wikipedia.org/wiki/Aston_Martin_in_Formula_One,Aston Martin,British,,,17.0,36.0,1:25.410,,,2026,1,Australian Grand Prix,2026-03-08,albert_park,aston_martin,1
1855,14,18,R,0,17,21,Retired,alonso,14,ALO,http://en.wikipedia.org/wiki/Fernando_Alonso,Fernando,Alonso,1981-07-29,Spanish,aston_martin,https://en.wikipedia.org/wiki/Aston_Martin_in_Formula_One,Aston Martin,British,,,18.0,15.0,1:25.713,,,2026,1,Australian Grand Prix,2026-03-08,albert_park,aston_martin,0
1856,77,19,R,0,19,15,Retired,bottas,77,BOT,http://en.wikipedia.org/wiki/Valtteri_Bottas,Valtteri,Bottas,1989-08-28,Finnish,cadillac,https://en.wikipedia.org/wiki/Cadillac_in_Formula_One,Cadillac F1 Team,American,,,20.0,8.0,1:27.364,,,2026,1,Australian Grand Prix,2026-03-08,albert_park,cadillac,0
1857,6,20,R,0,3,10,Retired,hadjar,6,HAD,https://en.wikipedia.org/wiki/Isack_Hadjar,Isack,Hadjar,2004-09-28,French,red_bull,https://en.wikipedia.org/wiki/Red_Bull_Racing,Red Bull,Austrian,,,16.0,9.0,1:25.239,,,2026,1,Australian Grand Prix,2026-03-08,albert_park,red_bull,0
1858,81,21,W,0,5,0,Did not start,piastri,81,PIA,http://en.wikipedia.org/wiki/Oscar_Piastri,Oscar,Piastri,2001-04-06,Australian,mclaren,https://en.wikipedia.org/wiki/McLaren,McLaren,British,,,,,,,,2026,1,Australian Grand Prix,2026-03-08,albert_park,mclaren,0
1859,27,22,W,0,11,0,Did not start,hulkenberg,27,HUL,http://en.wikipedia.org/wiki/Nico_H%C3%BClkenberg,Nico,Hülkenberg,1987-08-19,German,audi,https://en.wikipedia.org/wiki/Audi_in_Formula_One,Audi,German,,,,,,,,2026,1,Australian Grand Prix,2026-03-08,albert_park,audi,0
1860,12,1,1,25,1,56,Finished,antonelli,12,ANT,https://en.wikipedia.org/wiki/Andrea_Kimi_Antonelli,Andrea Kimi,Antonelli,2006-08-25,Italian,mercedes,https://en.wikipedia.org/wiki/Mercedes-Benz_in_Formula_One,Mercedes,German,5595607.0,1:33:15.607,1.0,52.0,1:35.275,,,2026,2,Chinese Grand Prix,2026-03-15,shanghai,mercedes,1
1861,63,2,2,18,2,56,Finished,russell,63,RUS,http://en.wikipedia.org/wiki/George_Russell_(racing_driver),George,Russell,1998-02-15,British,mercedes,https://en.wikipedia.org/wiki/Mercedes-Benz_in_Formula_One,Mercedes,German,5601122.0,+5.515,2.0,56.0,1:35.400,,,2026,2,Chinese Grand Prix,2026-03-15,shanghai,mercedes,1
1862,44,3,3,15,3,56,Finished,hamilton,44,HAM,http://en.wikipedia.org/wiki/Lewis_Hamilton,Lewis,Hamilton,1985-01-07,British,ferrari,https://en.wikipedia.org/wiki/Scuderia_Ferrari,Ferrari,Italian,5620874.0,+25.267,5.0,55.0,1:36.092,,,2026,2,Chinese Grand Prix,2026-03-15,shanghai,ferrari,1
1863,16,4,4,12,4,56,Finished,leclerc,16,LEC,http://en.wikipedia.org/wiki/Charles_Leclerc,Charles,Leclerc,1997-10-16,Monegasque,ferrari,https://en.wikipedia.org/wiki/Scuderia_Ferrari,Ferrari,Italian,5624501.0,+28.894,4.0,56.0,1:36.011,,,2026,2,Chinese Grand Prix,2026-03-15,shanghai,ferrari,1
1864,87,5,5,10,10,56,Finished,bearman,87,BEA,http://en.wikipedia.org/wiki/Oliver_Bearman,Oliver,Bearman,2005-05-08,British,haas,https://en.wikipedia.org/wiki/Haas_F1_Team,Haas F1 Team,American,5652875.0,+57.268,8.0,56.0,1:36.429,,,2026,2,Chinese Grand Prix,2026-03-15,shanghai,haas,1
1865,10,6,6,8,7,56,Finished,gasly,10,GAS,http://en.wikipedia.org/wiki/Pierre_Gasly,Pierre,Gasly,1996-02-07,French,alpine,https://en.wikipedia.org/wiki/Alpine_F1_Team,Alpine F1 Team,French,5655254.0,+59.647,9.0,53.0,1:36.505,,,2026,2,Chinese Grand Prix,2026-03-15,shanghai,alpine,1
1866,30,7,7,6,14,56,Finished,lawson,30,LAW,http://en.wikipedia.org/wiki/Liam_Lawson,Liam,Lawson,2002-02-11,New Zealander,rb,https://en.wikipedia.org/wiki/Racing_Bulls,RB F1 Team,Italian,5676195.0,+1:20.588,12.0,56.0,1:37.096,,,2026,2,Chinese Grand Prix,2026-03-15,shanghai,rb,1
1867,6,8,8,4,9,56,Finished,hadjar,6,HAD,https://en.wikipedia.org/wiki/Isack_Hadjar,Isack,Hadjar,2004-09-28,French,red_bull,https://en.wikipedia.org/wiki/Red_Bull_Racing,Red Bull,Austrian,5682854.0,+1:27.247,13.0,46.0,1:37.311,,,2026,2,Chinese Grand Prix,2026-03-15,shanghai,red_bull,1
1868,55,9,9,2,17,55,Lapped,sainz,55,SAI,http://en.wikipedia.org/wiki/Carlos_Sainz_Jr.,Carlos,Sainz,1994-09-01,Spanish,williams,https://en.wikipedia.org/wiki/Williams_Racing,Williams,British,5607280.0,+11.673,14.0,51.0,1:37.981,,,2026,2,Chinese Grand Prix,2026-03-15,shanghai,williams,1
1869,43,10,10,1,12,55,Lapped,colapinto,43,COL,http://en.wikipedia.org/wiki/Franco_Colapinto,Franco,Colapinto,2003-05-27,Argentine,alpine,https://en.wikipedia.org/wiki/Alpine_F1_Team,Alpine F1 Team,French,5608010.0,+12.403,10.0,35.0,1:36.783,,,2026,2,Chinese Grand Prix,2026-03-15,shanghai,alpine,1
1870,27,11,11,0,11,55,Lapped,hulkenberg,27,HUL,http://en.wikipedia.org/wiki/Nico_H%C3%BClkenberg,Nico,Hülkenberg,1987-08-19,German,audi,https://en.wikipedia.org/wiki/Audi_in_Formula_One,Audi,German,5616716.0,+21.109,7.0,38.0,1:36.180,,,2026,2,Chinese Grand Prix,2026-03-15,shanghai,audi,1
1871,41,12,12,0,15,55,Lapped,arvid_lindblad,41,LIN,https://en.wikipedia.org/wiki/Arvid_Lindblad,Arvid,Lindblad,2007-08-08,British,rb,https://en.wikipedia.org/wiki/Racing_Bulls,RB F1 Team,Italian,5618435.0,+22.828,6.0,46.0,1:36.099,,,2026,2,Chinese Grand Prix,2026-03-15,shanghai,rb,1
1872,77,13,13,0,19,55,Lapped,bottas,77,BOT,http://en.wikipedia.org/wiki/Valtteri_Bottas,Valtteri,Bottas,1989-08-28,Finnish,cadillac,https://en.wikipedia.org/wiki/Cadillac_in_Formula_One,Cadillac F1 Team,American,5651765.0,+56.158,15.0,55.0,1:38.393,,,2026,2,Chinese Grand Prix,2026-03-15,shanghai,cadillac,1
1873,31,14,14,0,13,55,Lapped,ocon,31,OCO,http://en.wikipedia.org/wiki/Esteban_Ocon,Esteban,Ocon,1996-09-17,French,haas,https://en.wikipedia.org/wiki/Haas_F1_Team,Haas F1 Team,American,5661863.0,+1:06.256,3.0,54.0,1:35.964,,,2026,2,Chinese Grand Prix,2026-03-15,shanghai,haas,1
1874,11,15,15,0,21,55,Lapped,perez,11,PER,http://en.wikipedia.org/wiki/Sergio_P%C3%A9rez,Sergio,Pérez,1990-01-26,Mexican,cadillac,https://en.wikipedia.org/wiki/Cadillac_in_Formula_One,Cadillac F1 Team,American,5670248.0,+1:14.641,16.0,50.0,1:38.523,,,2026,2,Chinese Grand Prix,2026-03-15,shanghai,cadillac,1
1875,3,16,R,0,8,45,Retired,max_verstappen,3,VER,http://en.wikipedia.org/wiki/Max_Verstappen,Max,Verstappen,1997-09-30,Dutch,red_bull,https://en.wikipedia.org/wiki/Red_Bull_Racing,Red Bull,Austrian,,,11.0,39.0,1:37.046,,,2026,2,Chinese Grand Prix,2026-03-15,shanghai,red_bull,0
1876,14,17,R,0,18,32,Retired,alonso,14,ALO,http://en.wikipedia.org/wiki/Fernando_Alonso,Fernando,Alonso,1981-07-29,Spanish,aston_martin,https://en.wikipedia.org/wiki/Aston_Martin_in_Formula_One,Aston Martin,British,,,17.0,25.0,1:39.721,,,2026,2,Chinese Grand Prix,2026-03-15,shanghai,aston_martin,0
1877,18,18,R,0,20,9,Retired,stroll,18,STR,http://en.wikipedia.org/wiki/Lance_Stroll,Lance,Stroll,1998-10-29,Canadian,aston_martin,https://en.wikipedia.org/wiki/Aston_Martin_in_Formula_One,Aston Martin,British,,,18.0,9.0,1:40.883,,,2026,2,Chinese Grand Prix,2026-03-15,shanghai,aston_martin,0
1878,81,19,W,0,5,0,Did not start,piastri,81,PIA,http://en.wikipedia.org/wiki/Oscar_Piastri,Oscar,Piastri,2001-04-06,Australian,mclaren,https://en.wikipedia.org/wiki/McLaren,McLaren,British,,,,,,,,2026,2,Chinese Grand Prix,2026-03-15,shanghai,mclaren,0
1879,1,20,W,0,6,0,Did not start,norris,1,NOR,http://en.wikipedia.org/wiki/Lando_Norris,Lando,Norris,1999-11-13,British,mclaren,https://en.wikipedia.org/wiki/McLaren,McLaren,British,,,,,,,,2026,2,Chinese Grand Prix,2026-03-15,shanghai,mclaren,0
1880,5,21,W,0,16,0,Did not start,bortoleto,5,BOR,https://en.wikipedia.org/wiki/Gabriel_Bortoleto,Gabriel,Bortoleto,2004-10-14,Brazilian,audi,https://en.wikipedia.org/wiki/Audi_in_Formula_One,Audi,German,,,,,,,,2026,2,Chinese Grand Prix,2026-03-15,shanghai,audi,0
1881,23,22,W,0,22,0,Did not start,albon,23,ALB,http://en.wikipedia.org/wiki/Alexander_Albon,Alexander,Albon,1996-03-23,Thai,williams,https://en.wikipedia.org/wiki/Williams_Racing,Williams,British,,,,,,,,2026,2,Chinese Grand Prix,2026-03-15,shanghai,williams,0
1882,12,1,1,25,1,53,Finished,antonelli,12,ANT,https://en.wikipedia.org/wiki/Andrea_Kimi_Antonelli,Andrea Kimi,Antonelli,2006-08-25,Italian,mercedes,https://en.wikipedia.org/wiki/Mercedes-Benz_in_Formula_One,Mercedes,German,5283403.0,1:28:03.403,1.0,49.0,1:32.432,,,2026,3,Japanese Grand Prix,2026-03-29,suzuka,mercedes,1
1883,81,2,2,18,3,53,Finished,piastri,81,PIA,http://en.wikipedia.org/wiki/Oscar_Piastri,Oscar,Piastri,2001-04-06,Australian,mclaren,https://en.wikipedia.org/wiki/McLaren,McLaren,British,5297125.0,+13.722,5.0,49.0,1:32.996,,,2026,3,Japanese Grand Prix,2026-03-29,suzuka,mclaren,1
1884,16,3,3,15,4,53,Finished,leclerc,16,LEC,http://en.wikipedia.org/wiki/Charles_Leclerc,Charles,Leclerc,1997-10-16,Monegasque,ferrari,https://en.wikipedia.org/wiki/Scuderia_Ferrari,Ferrari,Italian,5298673.0,+15.270,3.0,53.0,1:32.634,,,2026,3,Japanese Grand Prix,2026-03-29,suzuka,ferrari,1
1885,63,4,4,12,2,53,Finished,russell,63,RUS,http://en.wikipedia.org/wiki/George_Russell_(racing_driver),George,Russell,1998-02-15,British,mercedes,https://en.wikipedia.org/wiki/Mercedes-Benz_in_Formula_One,Mercedes,German,5299157.0,+15.754,2.0,53.0,1:32.549,,,2026,3,Japanese Grand Prix,2026-03-29,suzuka,mercedes,1
1886,1,5,5,10,5,53,Finished,norris,1,NOR,http://en.wikipedia.org/wiki/Lando_Norris,Lando,Norris,1999-11-13,British,mclaren,https://en.wikipedia.org/wiki/McLaren,McLaren,British,5306882.0,+23.479,6.0,52.0,1:33.208,,,2026,3,Japanese Grand Prix,2026-03-29,suzuka,mclaren,1
1887,44,6,6,8,6,53,Finished,hamilton,44,HAM,http://en.wikipedia.org/wiki/Lewis_Hamilton,Lewis,Hamilton,1985-01-07,British,ferrari,https://en.wikipedia.org/wiki/Scuderia_Ferrari,Ferrari,Italian,5308440.0,+25.037,4.0,48.0,1:32.777,,,2026,3,Japanese Grand Prix,2026-03-29,suzuka,ferrari,1
1888,10,7,7,6,7,53,Finished,gasly,10,GAS,http://en.wikipedia.org/wiki/Pierre_Gasly,Pierre,Gasly,1996-02-07,French,alpine,https://en.wikipedia.org/wiki/Alpine_F1_Team,Alpine F1 Team,French,5315743.0,+32.340,9.0,39.0,1:33.691,,,2026,3,Japanese Grand Prix,2026-03-29,suzuka,alpine,1
1889,3,8,8,4,11,53,Finished,max_verstappen,3,VER,http://en.wikipedia.org/wiki/Max_Verstappen,Max,Verstappen,1997-09-30,Dutch,red_bull,https://en.wikipedia.org/wiki/Red_Bull_Racing,Red Bull,Austrian,5316080.0,+32.677,8.0,41.0,1:33.552,,,2026,3,Japanese Grand Prix,2026-03-29,suzuka,red_bull,1
1890,30,9,9,2,14,53,Finished,lawson,30,LAW,http://en.wikipedia.org/wiki/Liam_Lawson,Liam,Lawson,2002-02-11,New Zealander,rb,https://en.wikipedia.org/wiki/Racing_Bulls,RB F1 Team,Italian,5333583.0,+50.180,13.0,53.0,1:34.230,,,2026,3,Japanese Grand Prix,2026-03-29,suzuka,rb,1
1891,31,10,10,1,12,53,Finished,ocon,31,OCO,http://en.wikipedia.org/wiki/Esteban_Ocon,Esteban,Ocon,1996-09-17,French,haas,https://en.wikipedia.org/wiki/Haas_F1_Team,Haas F1 Team,American,5334619.0,+51.216,14.0,53.0,1:34.256,,,2026,3,Japanese Grand Prix,2026-03-29,suzuka,haas,1
1892,27,11,11,0,13,53,Finished,hulkenberg,27,HUL,http://en.wikipedia.org/wiki/Nico_H%C3%BClkenberg,Nico,Hülkenberg,1987-08-19,German,audi,https://en.wikipedia.org/wiki/Audi_in_Formula_One,Audi,German,5335683.0,+52.280,10.0,47.0,1:33.732,,,2026,3,Japanese Grand Prix,2026-03-29,suzuka,audi,1
1893,6,12,12,0,8,53,Finished,hadjar,6,HAD,https://en.wikipedia.org/wiki/Isack_Hadjar,Isack,Hadjar,2004-09-28,French,red_bull,https://en.wikipedia.org/wiki/Red_Bull_Racing,Red Bull,Austrian,5339557.0,+56.154,11.0,53.0,1:33.837,,,2026,3,Japanese Grand Prix,2026-03-29,suzuka,red_bull,1
1894,5,13,13,0,9,53,Finished,bortoleto,5,BOR,https://en.wikipedia.org/wiki/Gabriel_Bortoleto,Gabriel,Bortoleto,2004-10-14,Brazilian,audi,https://en.wikipedia.org/wiki/Audi_in_Formula_One,Audi,German,5342481.0,+59.078,12.0,40.0,1:34.164,,,2026,3,Japanese Grand Prix,2026-03-29,suzuka,audi,1
1895,41,14,14,0,10,53,Finished,arvid_lindblad,41,LIN,https://en.wikipedia.org/wiki/Arvid_Lindblad,Arvid,Lindblad,2007-08-08,British,rb,https://en.wikipedia.org/wiki/Racing_Bulls,RB F1 Team,Italian,5343251.0,+59.848,15.0,53.0,1:34.314,,,2026,3,Japanese Grand Prix,2026-03-29,suzuka,rb,1
1896,55,15,15,0,16,53,Finished,sainz,55,SAI,http://en.wikipedia.org/wiki/Carlos_Sainz_Jr.,Carlos,Sainz,1994-09-01,Spanish,williams,https://en.wikipedia.org/wiki/Williams_Racing,Williams,British,5348411.0,+1:05.008,17.0,38.0,1:34.514,,,2026,3,Japanese Grand Prix,2026-03-29,suzuka,williams,1
1897,43,16,16,0,15,53,Finished,colapinto,43,COL,http://en.wikipedia.org/wiki/Franco_Colapinto,Franco,Colapinto,2003-05-27,Argentine,alpine,https://en.wikipedia.org/wiki/Alpine_F1_Team,Alpine F1 Team,French,5349176.0,+1:05.773,16.0,41.0,1:34.512,,,2026,3,Japanese Grand Prix,2026-03-29,suzuka,alpine,1
1898,11,17,17,0,19,53,Finished,perez,11,PER,http://en.wikipedia.org/wiki/Sergio_P%C3%A9rez,Sergio,Pérez,1990-01-26,Mexican,cadillac,https://en.wikipedia.org/wiki/Cadillac_in_Formula_One,Cadillac F1 Team,American,5375856.0,+1:32.453,19.0,53.0,1:35.637,,,2026,3,Japanese Grand Prix,2026-03-29,suzuka,cadillac,1
1899,14,18,18,0,21,52,Lapped,alonso,14,ALO,http://en.wikipedia.org/wiki/Fernando_Alonso,Fernando,Alonso,1981-07-29,Spanish,aston_martin,https://en.wikipedia.org/wiki/Aston_Martin_in_Formula_One,Aston Martin,British,5309951.0,+26.548,20.0,47.0,1:36.221,,,2026,3,Japanese Grand Prix,2026-03-29,suzuka,aston_martin,1
1900,77,19,19,0,20,52,Lapped,bottas,77,BOT,http://en.wikipedia.org/wiki/Valtteri_Bottas,Valtteri,Bottas,1989-08-28,Finnish,cadillac,https://en.wikipedia.org/wiki/Cadillac_in_Formula_One,Cadillac F1 Team,American,5326024.0,+42.621,21.0,52.0,1:36.269,,,2026,3,Japanese Grand Prix,2026-03-29,suzuka,cadillac,1
1901,23,20,20,0,17,51,Lapped,albon,23,ALB,http://en.wikipedia.org/wiki/Alexander_Albon,Alexander,Albon,1996-03-23,Thai,williams,https://en.wikipedia.org/wiki/Williams_Racing,Williams,British,5288470.0,+5.067,7.0,51.0,1:33.427,,,2026,3,Japanese Grand Prix,2026-03-29,suzuka,williams,1
1902,18,21,R,0,22,30,Retired,stroll,18,STR,http://en.wikipedia.org/wiki/Lance_Stroll,Lance,Stroll,1998-10-29,Canadian,aston_martin,https://en.wikipedia.org/wiki/Aston_Martin_in_Formula_One,Aston Martin,British,,,22.0,29.0,1:37.217,,,2026,3,Japanese Grand Prix,2026-03-29,suzuka,aston_martin,0
1903,87,22,R,0,18,20,Retired,bearman,87,BEA,http://en.wikipedia.org/wiki/Oliver_Bearman,Oliver,Bearman,2005-05-08,British,haas,https://en.wikipedia.org/wiki/Haas_F1_Team,Haas F1 Team,American,,,18.0,20.0,1:35.604,,,2026,3,Japanese Grand Prix,2026-03-29,suzuka,haas,0
1904,12,1,1,25,1,57,Finished,antonelli,12,ANT,https://en.wikipedia.org/wiki/Andrea_Kimi_Antonelli,Andrea Kimi,Antonelli,2006-08-25,Italian,mercedes,https://en.wikipedia.org/wiki/Mercedes-Benz_in_Formula_One,Mercedes,German,5599273.0,1:33:19.273,3.0,34.0,1:31.968,,,2026,4,Miami Grand Prix,2026-05-03,miami,mercedes,1
1905,1,2,2,18,4,57,Finished,norris,1,NOR,http://en.wikipedia.org/wiki/Lando_Norris,Lando,Norris,1999-11-13,British,mclaren,https://en.wikipedia.org/wiki/McLaren,McLaren,British,5602537.0,+3.264,1.0,35.0,1:31.869,,,2026,4,Miami Grand Prix,2026-05-03,miami,mclaren,1
1906,81,3,3,15,7,57,Finished,piastri,81,PIA,http://en.wikipedia.org/wiki/Oscar_Piastri,Oscar,Piastri,2001-04-06,Australian,mclaren,https://en.wikipedia.org/wiki/McLaren,McLaren,British,5626365.0,+27.092,2.0,30.0,1:31.949,,,2026,4,Miami Grand Prix,2026-05-03,miami,mclaren,1
1907,63,4,4,12,5,57,Finished,russell,63,RUS,http://en.wikipedia.org/wiki/George_Russell_(racing_driver),George,Russell,1998-02-15,British,mercedes,https://en.wikipedia.org/wiki/Mercedes-Benz_in_Formula_One,Mercedes,German,5642324.0,+43.051,4.0,53.0,1:32.446,,,2026,4,Miami Grand Prix,2026-05-03,miami,mercedes,1
1908,3,5,5,10,2,57,Finished,max_verstappen,3,VER,http://en.wikipedia.org/wiki/Max_Verstappen,Max,Verstappen,1997-09-30,Dutch,red_bull,https://en.wikipedia.org/wiki/Red_Bull_Racing,Red Bull,Austrian,5648222.0,+48.949,9.0,24.0,1:33.110,,,2026,4,Miami Grand Prix,2026-05-03,miami,red_bull,1
1909,44,6,6,8,6,57,Finished,hamilton,44,HAM,http://en.wikipedia.org/wiki/Lewis_Hamilton,Lewis,Hamilton,1985-01-07,British,ferrari,https://en.wikipedia.org/wiki/Scuderia_Ferrari,Ferrari,Italian,5653026.0,+53.753,6.0,29.0,1:32.676,,,2026,4,Miami Grand Prix,2026-05-03,miami,ferrari,1
1910,43,7,7,6,8,57,Finished,colapinto,43,COL,http://en.wikipedia.org/wiki/Franco_Colapinto,Franco,Colapinto,2003-05-27,Argentine,alpine,https://en.wikipedia.org/wiki/Alpine_F1_Team,Alpine F1 Team,French,5661144.0,+1:01.871,8.0,33.0,1:33.035,,,2026,4,Miami Grand Prix,2026-05-03,miami,alpine,1
1911,16,8,8,4,3,57,Finished,leclerc,16,LEC,http://en.wikipedia.org/wiki/Charles_Leclerc,Charles,Leclerc,1997-10-16,Monegasque,ferrari,https://en.wikipedia.org/wiki/Scuderia_Ferrari,Ferrari,Italian,5663518.0,+1:04.245,5.0,44.0,1:32.515,,,2026,4,Miami Grand Prix,2026-05-03,miami,ferrari,1
1912,55,9,9,2,13,57,Finished,sainz,55,SAI,http://en.wikipedia.org/wiki/Carlos_Sainz_Jr.,Carlos,Sainz,1994-09-01,Spanish,williams,https://en.wikipedia.org/wiki/Williams_Racing,Williams,British,5681345.0,+1:22.072,7.0,30.0,1:33.026,,,2026,4,Miami Grand Prix,2026-05-03,miami,williams,1
1913,23,10,10,1,15,57,Finished,albon,23,ALB,http://en.wikipedia.org/wiki/Alexander_Albon,Alexander,Albon,1996-03-23,Thai,williams,https://en.wikipedia.org/wiki/Williams_Racing,Williams,British,5690245.0,+1:30.972,13.0,30.0,1:33.784,,,2026,4,Miami Grand Prix,2026-05-03,miami,williams,1
1914,87,11,11,0,12,56,Lapped,bearman,87,BEA,http://en.wikipedia.org/wiki/Oliver_Bearman,Oliver,Bearman,2005-05-08,British,haas,https://en.wikipedia.org/wiki/Haas_F1_Team,Haas F1 Team,American,5605673.0,+6.400,12.0,28.0,1:33.744,,,2026,4,Miami Grand Prix,2026-05-03,miami,haas,1
1915,5,12,12,0,21,56,Lapped,bortoleto,5,BOR,https://en.wikipedia.org/wiki/Gabriel_Bortoleto,Gabriel,Bortoleto,2004-10-14,Brazilian,audi,https://en.wikipedia.org/wiki/Audi_in_Formula_One,Audi,German,5608626.0,+9.353,10.0,55.0,1:33.500,,,2026,4,Miami Grand Prix,2026-05-03,miami,audi,1
1916,31,13,13,0,14,56,Lapped,ocon,31,OCO,http://en.wikipedia.org/wiki/Esteban_Ocon,Esteban,Ocon,1996-09-17,French,haas,https://en.wikipedia.org/wiki/Haas_F1_Team,Haas F1 Team,American,5613146.0,+13.873,11.0,33.0,1:33.712,,,2026,4,Miami Grand Prix,2026-05-03,miami,haas,1
1917,41,14,14,0,16,56,Lapped,arvid_lindblad,41,LIN,https://en.wikipedia.org/wiki/Arvid_Lindblad,Arvid,Lindblad,2007-08-08,British,rb,https://en.wikipedia.org/wiki/Racing_Bulls,RB F1 Team,Italian,5644054.0,+44.781,14.0,30.0,1:34.058,,,2026,4,Miami Grand Prix,2026-05-03,miami,rb,1
1918,14,15,15,0,17,56,Lapped,alonso,14,ALO,http://en.wikipedia.org/wiki/Fernando_Alonso,Fernando,Alonso,1981-07-29,Spanish,aston_martin,https://en.wikipedia.org/wiki/Aston_Martin_in_Formula_One,Aston Martin,British,5674237.0,+1:14.964,16.0,45.0,1:34.594,,,2026,4,Miami Grand Prix,2026-05-03,miami,aston_martin,1
1919,11,16,16,0,20,56,Lapped,perez,11,PER,http://en.wikipedia.org/wiki/Sergio_P%C3%A9rez,Sergio,Pérez,1990-01-26,Mexican,cadillac,https://en.wikipedia.org/wiki/Cadillac_in_Formula_One,Cadillac F1 Team,American,5676786.0,+1:17.513,21.0,31.0,1:34.895,,,2026,4,Miami Grand Prix,2026-05-03,miami,cadillac,1
1920,18,17,17,0,18,56,Lapped,stroll,18,STR,http://en.wikipedia.org/wiki/Lance_Stroll,Lance,Stroll,1998-10-29,Canadian,aston_martin,https://en.wikipedia.org/wiki/Aston_Martin_in_Formula_One,Aston Martin,British,5681904.0,+1:22.631,17.0,56.0,1:34.716,,,2026,4,Miami Grand Prix,2026-05-03,miami,aston_martin,1
1921,77,18,18,0,19,55,Lapped,bottas,77,BOT,http://en.wikipedia.org/wiki/Valtteri_Bottas,Valtteri,Bottas,1989-08-28,Finnish,cadillac,https://en.wikipedia.org/wiki/Cadillac_in_Formula_One,Cadillac F1 Team,American,5667528.0,+1:08.255,22.0,16.0,1:36.080,,,2026,4,Miami Grand Prix,2026-05-03,miami,cadillac,1
1922,27,19,R,0,10,7,Retired,hulkenberg,27,HUL,http://en.wikipedia.org/wiki/Nico_H%C3%BClkenberg,Nico,Hülkenberg,1987-08-19,German,audi,https://en.wikipedia.org/wiki/Audi_in_Formula_One,Audi,German,,,15.0,4.0,1:34.523,,,2026,4,Miami Grand Prix,2026-05-03,miami,audi,0
1923,30,20,R,0,11,6,Retired,lawson,30,LAW,http://en.wikipedia.org/wiki/Liam_Lawson,Liam,Lawson,2002-02-11,New Zealander,rb,https://en.wikipedia.org/wiki/Racing_Bulls,RB F1 Team,Italian,,,18.0,3.0,1:34.814,,,2026,4,Miami Grand Prix,2026-05-03,miami,rb,0
1924,10,21,R,0,9,4,Retired,gasly,10,GAS,http://en.wikipedia.org/wiki/Pierre_Gasly,Pierre,Gasly,1996-02-07,French,alpine,https://en.wikipedia.org/wiki/Alpine_F1_Team,Alpine F1 Team,French,,,20.0,4.0,1:34.856,,,2026,4,Miami Grand Prix,2026-05-03,miami,alpine,0
1925,6,22,R,0,22,4,Retired,hadjar,6,HAD,https://en.wikipedia.org/wiki/Isack_Hadjar,Isack,Hadjar,2004-09-28,French,red_bull,https://en.wikipedia.org/wiki/Red_Bull_Racing,Red Bull,Austrian,,,19.0,4.0,1:34.833,,,2026,4,Miami Grand Prix,2026-05-03,miami,red_bull,0
1926,12,1,1,25,2,68,Finished,antonelli,12,ANT,https://en.wikipedia.org/wiki/Andrea_Kimi_Antonelli,Andrea Kimi,Antonelli,2006-08-25,Italian,mercedes,https://en.wikipedia.org/wiki/Mercedes-Benz_in_Formula_One,Mercedes,German,5295758.0,1:28:15.758,1.0,68.0,1:14.210,,,2026,5,Canadian Grand Prix,2026-05-24,villeneuve,mercedes,1
1927,44,2,2,18,5,68,Finished,hamilton,44,HAM,http://en.wikipedia.org/wiki/Lewis_Hamilton,Lewis,Hamilton,1985-01-07,British,ferrari,https://en.wikipedia.org/wiki/Scuderia_Ferrari,Ferrari,Italian,5306526.0,+10.768,3.0,61.0,1:14.573,,,2026,5,Canadian Grand Prix,2026-05-24,villeneuve,ferrari,1
1928,3,3,3,15,6,68,Finished,max_verstappen,3,VER,http://en.wikipedia.org/wiki/Max_Verstappen,Max,Verstappen,1997-09-30,Dutch,red_bull,https://en.wikipedia.org/wiki/Red_Bull_Racing,Red Bull,Austrian,5307034.0,+11.276,2.0,68.0,1:14.398,,,2026,5,Canadian Grand Prix,2026-05-24,villeneuve,red_bull,1
1929,16,4,4,12,8,68,Finished,leclerc,16,LEC,http://en.wikipedia.org/wiki/Charles_Leclerc,Charles,Leclerc,1997-10-16,Monegasque,ferrari,https://en.wikipedia.org/wiki/Scuderia_Ferrari,Ferrari,Italian,5339909.0,+44.151,5.0,37.0,1:15.297,,,2026,5,Canadian Grand Prix,2026-05-24,villeneuve,ferrari,1
1930,6,5,5,10,7,67,Lapped,hadjar,6,HAD,https://en.wikipedia.org/wiki/Isack_Hadjar,Isack,Hadjar,2004-09-28,French,red_bull,https://en.wikipedia.org/wiki/Red_Bull_Racing,Red Bull,Austrian,5300791.0,+5.033,4.0,67.0,1:14.578,,,2026,5,Canadian Grand Prix,2026-05-24,villeneuve,red_bull,1
1931,43,6,6,8,10,67,Lapped,colapinto,43,COL,http://en.wikipedia.org/wiki/Franco_Colapinto,Franco,Colapinto,2003-05-27,Argentine,alpine,https://en.wikipedia.org/wiki/Alpine_F1_Team,Alpine F1 Team,French,5315268.0,+19.510,8.0,67.0,1:15.462,,,2026,5,Canadian Grand Prix,2026-05-24,villeneuve,alpine,1
1932,30,7,7,6,12,67,Lapped,lawson,30,LAW,http://en.wikipedia.org/wiki/Liam_Lawson,Liam,Lawson,2002-02-11,New Zealander,rb,https://en.wikipedia.org/wiki/Racing_Bulls,RB F1 Team,Italian,5329993.0,+34.235,10.0,59.0,1:15.604,,,2026,5,Canadian Grand Prix,2026-05-24,villeneuve,rb,1
1933,10,8,8,4,14,67,Lapped,gasly,10,GAS,http://en.wikipedia.org/wiki/Pierre_Gasly,Pierre,Gasly,1996-02-07,French,alpine,https://en.wikipedia.org/wiki/Alpine_F1_Team,Alpine F1 Team,French,5330330.0,+34.572,6.0,67.0,1:15.390,,,2026,5,Canadian Grand Prix,2026-05-24,villeneuve,alpine,1
1934,55,9,9,2,15,67,Lapped,sainz,55,SAI,http://en.wikipedia.org/wiki/Carlos_Sainz_Jr.,Carlos,Sainz,1994-09-01,Spanish,williams,https://en.wikipedia.org/wiki/Williams_Racing,Williams,British,5353772.0,+58.014,12.0,65.0,1:15.852,,,2026,5,Canadian Grand Prix,2026-05-24,villeneuve,williams,1
1935,87,10,10,1,16,67,Lapped,bearman,87,BEA,http://en.wikipedia.org/wiki/Oliver_Bearman,Oliver,Bearman,2005-05-08,British,haas,https://en.wikipedia.org/wiki/Haas_F1_Team,Haas F1 Team,American,5354807.0,+59.049,13.0,64.0,1:16.002,,,2026,5,Canadian Grand Prix,2026-05-24,villeneuve,haas,1
1936,81,11,11,0,4,66,Lapped,piastri,81,PIA,http://en.wikipedia.org/wiki/Oscar_Piastri,Oscar,Piastri,2001-04-06,Australian,mclaren,https://en.wikipedia.org/wiki/McLaren,McLaren,British,5308457.0,+12.699,7.0,61.0,1:15.456,,,2026,5,Canadian Grand Prix,2026-05-24,villeneuve,mclaren,1
1937,27,12,12,0,11,66,Lapped,hulkenberg,27,HUL,http://en.wikipedia.org/wiki/Nico_H%C3%BClkenberg,Nico,Hülkenberg,1987-08-19,German,audi,https://en.wikipedia.org/wiki/Audi_in_Formula_One,Audi,German,5309940.0,+14.182,15.0,57.0,1:16.275,,,2026,5,Canadian Grand Prix,2026-05-24,villeneuve,audi,1
1938,5,13,13,0,13,66,Lapped,bortoleto,5,BOR,https://en.wikipedia.org/wiki/Gabriel_Bortoleto,Gabriel,Bortoleto,2004-10-14,Brazilian,audi,https://en.wikipedia.org/wiki/Audi_in_Formula_One,Audi,German,5316914.0,+21.156,14.0,50.0,1:16.221,,,2026,5,Canadian Grand Prix,2026-05-24,villeneuve,audi,1
1939,31,14,14,0,17,66,Lapped,ocon,31,OCO,http://en.wikipedia.org/wiki/Esteban_Ocon,Esteban,Ocon,1996-09-17,French,haas,https://en.wikipedia.org/wiki/Haas_F1_Team,Haas F1 Team,American,5364393.0,+1:08.635,16.0,64.0,1:16.577,,,2026,5,Canadian Grand Prix,2026-05-24,villeneuve,haas,1
1940,18,15,15,0,22,64,Lapped,stroll,18,STR,http://en.wikipedia.org/wiki/Lance_Stroll,Lance,Stroll,1998-10-29,Canadian,aston_martin,https://en.wikipedia.org/wiki/Aston_Martin_in_Formula_One,Aston Martin,British,5314155.0,+18.397,20.0,39.0,1:18.721,,,2026,5,Canadian Grand Prix,2026-05-24,villeneuve,aston_martin,1
1941,77,16,16,0,21,64,Lapped,bottas,77,BOT,http://en.wikipedia.org/wiki/Valtteri_Bottas,Valtteri,Bottas,1989-08-28,Finnish,cadillac,https://en.wikipedia.org/wiki/Cadillac_in_Formula_One,Cadillac F1 Team,American,5349148.0,+53.390,19.0,59.0,1:17.725,,,2026,5,Canadian Grand Prix,2026-05-24,villeneuve,cadillac,1
1942,11,17,R,0,20,39,Retired,perez,11,PER,http://en.wikipedia.org/wiki/Sergio_P%C3%A9rez,Sergio,Pérez,1990-01-26,Mexican,cadillac,https://en.wikipedia.org/wiki/Cadillac_in_Formula_One,Cadillac F1 Team,American,,,17.0,37.0,1:16.915,,,2026,5,Canadian Grand Prix,2026-05-24,villeneuve,cadillac,0
1943,1,18,R,0,3,38,Retired,norris,1,NOR,http://en.wikipedia.org/wiki/Lando_Norris,Lando,Norris,1999-11-13,British,mclaren,https://en.wikipedia.org/wiki/McLaren,McLaren,British,,,11.0,36.0,1:15.845,,,2026,5,Canadian Grand Prix,2026-05-24,villeneuve,mclaren,0
1944,63,19,R,0,1,29,Retired,russell,63,RUS,http://en.wikipedia.org/wiki/George_Russell_(racing_driver),George,Russell,1998-02-15,British,mercedes,https://en.wikipedia.org/wiki/Mercedes-Benz_in_Formula_One,Mercedes,German,,,9.0,16.0,1:15.477,,,2026,5,Canadian Grand Prix,2026-05-24,villeneuve,mercedes,0
1945,14,20,R,0,19,23,Retired,alonso,14,ALO,http://en.wikipedia.org/wiki/Fernando_Alonso,Fernando,Alonso,1981-07-29,Spanish,aston_martin,https://en.wikipedia.org/wiki/Aston_Martin_in_Formula_One,Aston Martin,British,,,21.0,10.0,1:19.635,,,2026,5,Canadian Grand Prix,2026-05-24,villeneuve,aston_martin,0
1946,23,21,R,0,18,11,Retired,albon,23,ALB,http://en.wikipedia.org/wiki/Alexander_Albon,Alexander,Albon,1996-03-23,Thai,williams,https://en.wikipedia.org/wiki/Williams_Racing,Williams,British,,,18.0,11.0,1:17.221,,,2026,5,Canadian Grand Prix,2026-05-24,villeneuve,williams,0
1947,41,22,W,0,9,0,Did not start,arvid_lindblad,41,LIN,https://en.wikipedia.org/wiki/Arvid_Lindblad,Arvid,Lindblad,2007-08-08,British,rb,https://en.wikipedia.org/wiki/Racing_Bulls,RB F1 Team,Italian,,,,,,,,2026,5,Canadian Grand Prix,2026-05-24,villeneuve,rb,0
1948,12,1,1,25,1,78,Finished,antonelli,12,ANT,https://en.wikipedia.org/wiki/Andrea_Kimi_Antonelli,Andrea Kimi,Antonelli,2006-08-25,Italian,mercedes,https://en.wikipedia.org/wiki/Mercedes-Benz_in_Formula_One,Mercedes,German,8611243.0,2:23:31.243,1.0,76.0,1:13.481,,,2026,6,Monaco Grand Prix,2026-06-07,monaco,mercedes,1
1949,44,2,2,18,3,78,Finished,hamilton,44,HAM,http://en.wikipedia.org/wiki/Lewis_Hamilton,Lewis,Hamilton,1985-01-07,British,ferrari,https://en.wikipedia.org/wiki/Scuderia_Ferrari,Ferrari,Italian,8617514.0,+6.271,2.0,74.0,1:14.643,,,2026,6,Monaco Grand Prix,2026-06-07,monaco,ferrari,1
1950,10,3,3,15,9,78,Finished,gasly,10,GAS,http://en.wikipedia.org/wiki/Pierre_Gasly,Pierre,Gasly,1996-02-07,French,alpine,https://en.wikipedia.org/wiki/Alpine_F1_Team,Alpine F1 Team,French,8631612.0,+20.369,3.0,77.0,1:15.497,,,2026,6,Monaco Grand Prix,2026-06-07,monaco,alpine,1
1951,6,4,4,12,5,78,Finished,hadjar,6,HAD,https://en.wikipedia.org/wiki/Isack_Hadjar,Isack,Hadjar,2004-09-28,French,red_bull,https://en.wikipedia.org/wiki/Red_Bull_Racing,Red Bull,Austrian,8634637.0,+23.394,4.0,77.0,1:15.669,,,2026,6,Monaco Grand Prix,2026-06-07,monaco,red_bull,1
1952,81,5,5,10,7,78,Finished,piastri,81,PIA,http://en.wikipedia.org/wiki/Oscar_Piastri,Oscar,Piastri,2001-04-06,Australian,mclaren,https://en.wikipedia.org/wiki/McLaren,McLaren,British,8635504.0,+24.261,7.0,76.0,1:15.816,,,2026,6,Monaco Grand Prix,2026-06-07,monaco,mclaren,1
1953,30,6,6,8,10,78,Finished,lawson,30,LAW,http://en.wikipedia.org/wiki/Liam_Lawson,Liam,Lawson,2002-02-11,New Zealander,rb,https://en.wikipedia.org/wiki/Racing_Bulls,RB F1 Team,Italian,8637796.0,+26.553,5.0,76.0,1:15.754,,,2026,6,Monaco Grand Prix,2026-06-07,monaco,rb,1
1954,41,7,7,6,15,78,Finished,arvid_lindblad,41,LIN,https://en.wikipedia.org/wiki/Arvid_Lindblad,Arvid,Lindblad,2007-08-08,British,rb,https://en.wikipedia.org/wiki/Racing_Bulls,RB F1 Team,Italian,8640253.0,+29.010,8.0,76.0,1:15.908,,,2026,6,Monaco Grand Prix,2026-06-07,monaco,rb,1
1955,23,8,8,4,11,78,Finished,albon,23,ALB,http://en.wikipedia.org/wiki/Alexander_Albon,Alexander,Albon,1996-03-23,Thai,williams,https://en.wikipedia.org/wiki/Williams_Racing,Williams,British,8644656.0,+33.413,12.0,78.0,1:16.393,,,2026,6,Monaco Grand Prix,2026-06-07,monaco,williams,1
1956,31,9,9,2,17,78,Finished,ocon,31,OCO,http://en.wikipedia.org/wiki/Esteban_Ocon,Esteban,Ocon,1996-09-17,French,haas,https://en.wikipedia.org/wiki/Haas_F1_Team,Haas F1 Team,American,8648383.0,+37.140,15.0,77.0,1:16.914,,,2026,6,Monaco Grand Prix,2026-06-07,monaco,haas,1
1957,14,10,10,1,21,78,Finished,alonso,14,ALO,http://en.wikipedia.org/wiki/Fernando_Alonso,Fernando,Alonso,1981-07-29,Spanish,aston_martin,https://en.wikipedia.org/wiki/Aston_Martin_in_Formula_One,Aston Martin,British,8653142.0,+41.899,16.0,77.0,1:17.120,,,2026,6,Monaco Grand Prix,2026-06-07,monaco,aston_martin,1
1958,5,11,11,0,16,78,Finished,bortoleto,5,BOR,https://en.wikipedia.org/wiki/Gabriel_Bortoleto,Gabriel,Bortoleto,2004-10-14,Brazilian,audi,https://en.wikipedia.org/wiki/Audi_in_Formula_One,Audi,German,8653991.0,+42.748,13.0,46.0,1:16.803,,,2026,6,Monaco Grand Prix,2026-06-07,monaco,audi,1
1959,63,12,12,0,6,78,Finished,russell,63,RUS,http://en.wikipedia.org/wiki/George_Russell_(racing_driver),George,Russell,1998-02-15,British,mercedes,https://en.wikipedia.org/wiki/Mercedes-Benz_in_Formula_One,Mercedes,German,8654596.0,+43.353,6.0,56.0,1:15.773,,,2026,6,Monaco Grand Prix,2026-06-07,monaco,mercedes,1
1960,27,13,13,0,13,78,Finished,hulkenberg,27,HUL,http://en.wikipedia.org/wiki/Nico_H%C3%BClkenberg,Nico,Hülkenberg,1987-08-19,German,audi,https://en.wikipedia.org/wiki/Audi_in_Formula_One,Audi,German,8655345.0,+44.102,11.0,15.0,1:16.332,,,2026,6,Monaco Grand Prix,2026-06-07,monaco,audi,1
1961,43,14,14,0,14,78,Finished,colapinto,43,COL,http://en.wikipedia.org/wiki/Franco_Colapinto,Franco,Colapinto,2003-05-27,Argentine,alpine,https://en.wikipedia.org/wiki/Alpine_F1_Team,Alpine F1 Team,French,8660207.0,+48.964,10.0,74.0,1:16.316,,,2026,6,Monaco Grand Prix,2026-06-07,monaco,alpine,1
1962,11,15,15,0,18,78,Finished,perez,11,PER,http://en.wikipedia.org/wiki/Sergio_P%C3%A9rez,Sergio,Pérez,1990-01-26,Mexican,cadillac,https://en.wikipedia.org/wiki/Cadillac_in_Formula_One,Cadillac F1 Team,American,8660396.0,+49.153,14.0,78.0,1:16.891,,,2026,6,Monaco Grand Prix,2026-06-07,monaco,cadillac,1
1963,55,16,16,0,12,70,Retired,sainz,55,SAI,http://en.wikipedia.org/wiki/Carlos_Sainz_Jr.,Carlos,Sainz,1994-09-01,Spanish,williams,https://en.wikipedia.org/wiki/Williams_Racing,Williams,British,8012889.0,,18.0,51.0,1:18.022,,,2026,6,Monaco Grand Prix,2026-06-07,monaco,williams,0
1964,16,17,R,0,4,64,Retired,leclerc,16,LEC,http://en.wikipedia.org/wiki/Charles_Leclerc,Charles,Leclerc,1997-10-16,Monegasque,ferrari,https://en.wikipedia.org/wiki/Scuderia_Ferrari,Ferrari,Italian,,,9.0,53.0,1:15.964,,,2026,6,Monaco Grand Prix,2026-06-07,monaco,ferrari,0
1965,18,18,R,0,22,56,Retired,stroll,18,STR,http://en.wikipedia.org/wiki/Lance_Stroll,Lance,Stroll,1998-10-29,Canadian,aston_martin,https://en.wikipedia.org/wiki/Aston_Martin_in_Formula_One,Aston Martin,British,,,20.0,36.0,1:18.845,,,2026,6,Monaco Grand Prix,2026-06-07,monaco,aston_martin,0
1966,1,19,R,0,8,43,Retired,norris,1,NOR,http://en.wikipedia.org/wiki/Lando_Norris,Lando,Norris,1999-11-13,British,mclaren,https://en.wikipedia.org/wiki/McLaren,McLaren,British,,,17.0,34.0,1:17.670,,,2026,6,Monaco Grand Prix,2026-06-07,monaco,mclaren,0
1967,87,20,R,0,19,27,Retired,bearman,87,BEA,http://en.wikipedia.org/wiki/Oliver_Bearman,Oliver,Bearman,2005-05-08,British,haas,https://en.wikipedia.org/wiki/Haas_F1_Team,Haas F1 Team,American,,,19.0,22.0,1:18.475,,,2026,6,Monaco Grand Prix,2026-06-07,monaco,haas,0
1968,77,21,R,0,20,15,Retired,bottas,77,BOT,http://en.wikipedia.org/wiki/Valtteri_Bottas,Valtteri,Bottas,1989-08-28,Finnish,cadillac,https://en.wikipedia.org/wiki/Cadillac_in_Formula_One,Cadillac F1 Team,American,,,21.0,8.0,1:20.494,,,2026,6,Monaco Grand Prix,2026-06-07,monaco,cadillac,0
1969,3,22,R,0,2,0,Retired,max_verstappen,3,VER,http://en.wikipedia.org/wiki/Max_Verstappen,Max,Verstappen,1997-09-30,Dutch,red_bull,https://en.wikipedia.org/wiki/Red_Bull_Racing,Red Bull,Austrian,,,,,,,,2026,6,Monaco Grand Prix,2026-06-07,monaco,red_bull,0
