number,position,positionText,points,grid,laps,status,Driver.driverId,Driver.permanentNumber,Driver.code,Driver.url,Driver.givenName,Driver.familyName,Driver.dateOfBirth,Driver.nationality,Constructor.constructorId,Constructor.url,Constructor.name,Constructor.nationality,Time.millis,Time.time,FastestLap.rank,FastestLap.lap,FastestLap.Time.time,FastestLap.AverageSpeed.units,FastestLap.AverageSpeed.speed,season,round,raceName,date,Circuit.circuitId
16,1,1,26,1,57,Finished,leclerc,16,LEC,http://en.wikipedia.org/wiki/Charles_Leclerc,Charles,Leclerc,1997-10-16,Monegasque,ferrari,https://en.wikipedia.org/wiki/Scuderia_Ferrari,Ferrari,Italian,5853584,1:37:33.584,1,51,1:34.570,kph,206.018,2022,1,Bahrain Grand Prix,2022-03-20,bahrain
55,2,2,18,3,57,Finished,sainz,55,SAI,http://en.wikipedia.org/wiki/Carlos_Sainz_Jr.,Carlos,Sainz,1994-09-01,Spanish,ferrari,https://en.wikipedia.org/wiki/Scuderia_Ferrari,Ferrari,Italian,5859182,+5.598,3,52,1:35.740,kph,203.501,2022,1,Bahrain Grand Prix,2022-03-20,bahrain
44,3,3,15,5,57,Finished,hamilton,44,HAM,http://en.wikipedia.org/wiki/Lewis_Hamilton,Lewis,Hamilton,1985-01-07,British,mercedes,https://en.wikipedia.org/wiki/Mercedes-Benz_in_Formula_One,Mercedes,German,5863259,+9.675,5,53,1:36.228,kph,202.469,2022,1,Bahrain Grand Prix,2022-03-20,bahrain
63,4,4,12,9,57,Finished,russell,63,RUS,http://en.wikipedia.org/wiki/George_Russell_(racing_driver),George,Russell,1998-02-15,British,mercedes,https://en.wikipedia.org/wiki/Mercedes-Benz_in_Formula_One,Mercedes,German,5864795,+11.211,6,56,1:36.302,kph,202.313,2022,1,Bahrain Grand Prix,2022-03-20,bahrain
20,5,5,10,7,57,Finished,kevin_magnussen,20,MAG,http://en.wikipedia.org/wiki/Kevin_Magnussen,Kevin,Magnussen,1992-10-05,Danish,haas,https://en.wikipedia.org/wiki/Haas_F1_Team,Haas F1 Team,American,5868338,+14.754,8,53,1:36.623,kph,201.641,2022,1,Bahrain Grand Prix,2022-03-20,bahrain
77,6,6,8,6,57,Finished,bottas,77,BOT,http://en.wikipedia.org/wiki/Valtteri_Bottas,Valtteri,Bottas,1989-08-28,Finnish,alfa,https://en.wikipedia.org/wiki/Alfa_Romeo_in_Formula_One,Alfa Romeo,Swiss,5869703,+16.119,7,53,1:36.599,kph,201.691,2022,1,Bahrain Grand Prix,2022-03-20,bahrain
31,7,7,6,11,57,Finished,ocon,31,OCO,http://en.wikipedia.org/wiki/Esteban_Ocon,Esteban,Ocon,1996-09-17,French,alpine,https://en.wikipedia.org/wiki/Alpine_F1_Team,Alpine F1 Team,French,5873007,+19.423,14,53,1:37.110,kph,200.630,2022,1,Bahrain Grand Prix,2022-03-20,bahrain
22,8,8,4,16,57,Finished,tsunoda,22,TSU,http://en.wikipedia.org/wiki/Yuki_Tsunoda,Yuki,Tsunoda,2000-05-11,Japanese,alphatauri,https://en.wikipedia.org/wiki/Scuderia_AlphaTauri,AlphaTauri,Italian,5873970,+20.386,13,53,1:37.104,kph,200.642,2022,1,Bahrain Grand Prix,2022-03-20,bahrain
14,9,9,2,8,57,Finished,alonso,14,ALO,http://en.wikipedia.org/wiki/Fernando_Alonso,Fernando,Alonso,1981-07-29,Spanish,alpine,https://en.wikipedia.org/wiki/Alpine_F1_Team,Alpine F1 Team,French,5875974,+22.390,10,44,1:36.733,kph,201.412,2022,1,Bahrain Grand Prix,2022-03-20,bahrain
24,10,10,1,15,57,Finished,zhou,24,ZHO,http://en.wikipedia.org/wiki/Zhou_Guanyu,Guanyu,Zhou,1999-05-30,Chinese,alfa,https://en.wikipedia.org/wiki/Alfa_Romeo_in_Formula_One,Alfa Romeo,Swiss,5876648,+23.064,9,39,1:36.685,kph,201.512,2022,1,Bahrain Grand Prix,2022-03-20,bahrain
47,11,11,0,12,57,Finished,mick_schumacher,47,MSC,http://en.wikipedia.org/wiki/Mick_Schumacher,Mick,Schumacher,1999-03-22,German,haas,https://en.wikipedia.org/wiki/Haas_F1_Team,Haas F1 Team,American,5886158,+32.574,11,37,1:36.956,kph,200.948,2022,1,Bahrain Grand Prix,2022-03-20,bahrain
18,12,12,0,19,57,Finished,stroll,18,STR,http://en.wikipedia.org/wiki/Lance_Stroll,Lance,Stroll,1998-10-29,Canadian,aston_martin,https://en.wikipedia.org/wiki/Aston_Martin_in_Formula_One,Aston Martin,British,5899457,+45.873,15,49,1:37.146,kph,200.555,2022,1,Bahrain Grand Prix,2022-03-20,bahrain
23,13,13,0,14,57,Finished,albon,23,ALB,http://en.wikipedia.org/wiki/Alexander_Albon,Alexander,Albon,1996-03-23,Thai,williams,https://en.wikipedia.org/wiki/Williams_Racing,Williams,British,5907516,+53.932,18,50,1:37.355,kph,200.125,2022,1,Bahrain Grand Prix,2022-03-20,bahrain
3,14,14,0,18,57,Finished,ricciardo,3,RIC,http://en.wikipedia.org/wiki/Daniel_Ricciardo,Daniel,Ricciardo,1989-07-01,Australian,mclaren,https://en.wikipedia.org/wiki/McLaren,McLaren,British,5908559,+54.975,16,50,1:37.261,kph,200.318,2022,1,Bahrain Grand Prix,2022-03-20,bahrain
4,15,15,0,13,57,Finished,norris,1,NOR,http://en.wikipedia.org/wiki/Lando_Norris,Lando,Norris,1999-11-13,British,mclaren,https://en.wikipedia.org/wiki/McLaren,McLaren,British,5909919,+56.335,12,51,1:36.988,kph,200.882,2022,1,Bahrain Grand Prix,2022-03-20,bahrain
6,16,16,0,20,57,Finished,latifi,6,LAT,http://en.wikipedia.org/wiki/Nicholas_Latifi,Nicholas,Latifi,1995-06-29,Canadian,williams,https://en.wikipedia.org/wiki/Williams_Racing,Williams,British,5915379,+1:01.795,20,51,1:38.251,kph,198.300,2022,1,Bahrain Grand Prix,2022-03-20,bahrain
27,17,17,0,17,57,Finished,hulkenberg,27,HUL,http://en.wikipedia.org/wiki/Nico_H%C3%BClkenberg,Nico,Hülkenberg,1987-08-19,German,aston_martin,https://en.wikipedia.org/wiki/Aston_Martin_in_Formula_One,Aston Martin,British,5917413,+1:03.829,19,49,1:38.201,kph,198.401,2022,1,Bahrain Grand Prix,2022-03-20,bahrain
11,18,18,0,4,56,Fuel pressure,perez,11,PER,http://en.wikipedia.org/wiki/Sergio_P%C3%A9rez,Sergio,Pérez,1990-01-26,Mexican,red_bull,https://en.wikipedia.org/wiki/Red_Bull_Racing,Red Bull,Austrian,,,4,52,1:36.089,kph,202.762,2022,1,Bahrain Grand Prix,2022-03-20,bahrain
1,19,19,0,2,54,Fuel pressure,max_verstappen,3,VER,http://en.wikipedia.org/wiki/Max_Verstappen,Max,Verstappen,1997-09-30,Dutch,red_bull,https://en.wikipedia.org/wiki/Red_Bull_Racing,Red Bull,Austrian,,,2,51,1:35.440,kph,204.140,2022,1,Bahrain Grand Prix,2022-03-20,bahrain
10,20,R,0,10,44,Power Unit,gasly,10,GAS,http://en.wikipedia.org/wiki/Pierre_Gasly,Pierre,Gasly,1996-02-07,French,alphatauri,https://en.wikipedia.org/wiki/Scuderia_AlphaTauri,AlphaTauri,Italian,,,17,34,1:37.324,kph,200.189,2022,1,Bahrain Grand Prix,2022-03-20,bahrain
1,1,1,25,4,50,Finished,max_verstappen,3,VER,http://en.wikipedia.org/wiki/Max_Verstappen,Max,Verstappen,1997-09-30,Dutch,red_bull,https://en.wikipedia.org/wiki/Red_Bull_Racing,Red Bull,Austrian,5059293,1:24:19.293,2,50,1:31.772,kph,242.191,2022,2,Saudi Arabian Grand Prix,2022-03-27,jeddah
16,2,2,19,2,50,Finished,leclerc,16,LEC,http://en.wikipedia.org/wiki/Charles_Leclerc,Charles,Leclerc,1997-10-16,Monegasque,ferrari,https://en.wikipedia.org/wiki/Scuderia_Ferrari,Ferrari,Italian,5059842,+0.549,1,48,1:31.634,kph,242.556,2022,2,Saudi Arabian Grand Prix,2022-03-27,jeddah
55,3,3,15,3,50,Finished,sainz,55,SAI,http://en.wikipedia.org/wiki/Carlos_Sainz_Jr.,Carlos,Sainz,1994-09-01,Spanish,ferrari,https://en.wikipedia.org/wiki/Scuderia_Ferrari,Ferrari,Italian,5067390,+8.097,3,48,1:31.905,kph,241.841,2022,2,Saudi Arabian Grand Prix,2022-03-27,jeddah
11,4,4,12,1,50,Finished,perez,11,PER,http://en.wikipedia.org/wiki/Sergio_P%C3%A9rez,Sergio,Pérez,1990-01-26,Mexican,red_bull,https://en.wikipedia.org/wiki/Red_Bull_Racing,Red Bull,Austrian,5070093,+10.800,4,46,1:32.042,kph,241.481,2022,2,Saudi Arabian Grand Prix,2022-03-27,jeddah
63,5,5,10,6,50,Finished,russell,63,RUS,http://en.wikipedia.org/wiki/George_Russell_(racing_driver),George,Russell,1998-02-15,British,mercedes,https://en.wikipedia.org/wiki/Mercedes-Benz_in_Formula_One,Mercedes,German,5092025,+32.732,7,43,1:32.821,kph,239.454,2022,2,Saudi Arabian Grand Prix,2022-03-27,jeddah
31,6,6,8,5,50,Finished,ocon,31,OCO,http://en.wikipedia.org/wiki/Esteban_Ocon,Esteban,Ocon,1996-09-17,French,alpine,https://en.wikipedia.org/wiki/Alpine_F1_Team,Alpine F1 Team,French,5115310,+56.017,9,46,1:33.103,kph,238.729,2022,2,Saudi Arabian Grand Prix,2022-03-27,jeddah
4,7,7,6,11,50,Finished,norris,1,NOR,http://en.wikipedia.org/wiki/Lando_Norris,Lando,Norris,1999-11-13,British,mclaren,https://en.wikipedia.org/wiki/McLaren,McLaren,British,5115417,+56.124,5,46,1:32.753,kph,239.629,2022,2,Saudi Arabian Grand Prix,2022-03-27,jeddah
10,8,8,4,9,50,Finished,gasly,10,GAS,http://en.wikipedia.org/wiki/Pierre_Gasly,Pierre,Gasly,1996-02-07,French,alphatauri,https://en.wikipedia.org/wiki/Scuderia_AlphaTauri,AlphaTauri,Italian,5122239,+1:02.946,10,42,1:33.468,kph,237.796,2022,2,Saudi Arabian Grand Prix,2022-03-27,jeddah
20,9,9,2,10,50,Finished,kevin_magnussen,20,MAG,http://en.wikipedia.org/wiki/Kevin_Magnussen,Kevin,Magnussen,1992-10-05,Danish,haas,https://en.wikipedia.org/wiki/Haas_F1_Team,Haas F1 Team,American,5123601,+1:04.308,6,48,1:32.779,kph,239.562,2022,2,Saudi Arabian Grand Prix,2022-03-27,jeddah
44,10,10,1,15,50,Finished,hamilton,44,HAM,http://en.wikipedia.org/wiki/Lewis_Hamilton,Lewis,Hamilton,1985-01-07,British,mercedes,https://en.wikipedia.org/wiki/Mercedes-Benz_in_Formula_One,Mercedes,German,5133241,+1:13.948,8,47,1:32.997,kph,239.001,2022,2,Saudi Arabian Grand Prix,2022-03-27,jeddah
24,11,11,0,12,50,Finished,zhou,24,ZHO,http://en.wikipedia.org/wiki/Zhou_Guanyu,Guanyu,Zhou,1999-05-30,Chinese,alfa,https://en.wikipedia.org/wiki/Alfa_Romeo_in_Formula_One,Alfa Romeo,Swiss,5141508,+1:22.215,13,45,1:33.924,kph,236.642,2022,2,Saudi Arabian Grand Prix,2022-03-27,jeddah
27,12,12,0,17,50,Finished,hulkenberg,27,HUL,http://en.wikipedia.org/wiki/Nico_H%C3%BClkenberg,Nico,Hülkenberg,1987-08-19,German,aston_martin,https://en.wikipedia.org/wiki/Aston_Martin_in_Formula_One,Aston Martin,British,5151035,+1:31.742,11,47,1:33.651,kph,237.332,2022,2,Saudi Arabian Grand Prix,2022-03-27,jeddah
18,13,13,0,13,49,+1 Lap,stroll,18,STR,http://en.wikipedia.org/wiki/Lance_Stroll,Lance,Stroll,1998-10-29,Canadian,aston_martin,https://en.wikipedia.org/wiki/Aston_Martin_in_Formula_One,Aston Martin,British,,,16,46,1:34.446,kph,235.334,2022,2,Saudi Arabian Grand Prix,2022-03-27,jeddah
23,14,14,0,16,47,Collision damage,albon,23,ALB,http://en.wikipedia.org/wiki/Alexander_Albon,Alexander,Albon,1996-03-23,Thai,williams,https://en.wikipedia.org/wiki/Williams_Racing,Williams,British,,,15,46,1:34.368,kph,235.528,2022,2,Saudi Arabian Grand Prix,2022-03-27,jeddah
77,15,R,0,8,36,Cooling system,bottas,77,BOT,http://en.wikipedia.org/wiki/Valtteri_Bottas,Valtteri,Bottas,1989-08-28,Finnish,alfa,https://en.wikipedia.org/wiki/Alfa_Romeo_in_Formula_One,Alfa Romeo,Swiss,,,14,31,1:33.979,kph,236.503,2022,2,Saudi Arabian Grand Prix,2022-03-27,jeddah
14,16,R,0,7,35,Water pump,alonso,14,ALO,http://en.wikipedia.org/wiki/Fernando_Alonso,Fernando,Alonso,1981-07-29,Spanish,alpine,https://en.wikipedia.org/wiki/Alpine_F1_Team,Alpine F1 Team,French,,,12,33,1:33.831,kph,236.876,2022,2,Saudi Arabian Grand Prix,2022-03-27,jeddah
3,17,R,0,14,35,Gearbox,ricciardo,3,RIC,http://en.wikipedia.org/wiki/Daniel_Ricciardo,Daniel,Ricciardo,1989-07-01,Australian,mclaren,https://en.wikipedia.org/wiki/McLaren,McLaren,British,,,17,34,1:34.487,kph,235.232,2022,2,Saudi Arabian Grand Prix,2022-03-27,jeddah
6,18,R,0,18,14,Accident,latifi,6,LAT,http://en.wikipedia.org/wiki/Nicholas_Latifi,Nicholas,Latifi,1995-06-29,Canadian,williams,https://en.wikipedia.org/wiki/Williams_Racing,Williams,British,,,18,9,1:37.530,kph,227.892,2022,2,Saudi Arabian Grand Prix,2022-03-27,jeddah
22,19,R,0,19,0,Power Unit,tsunoda,22,TSU,http://en.wikipedia.org/wiki/Yuki_Tsunoda,Yuki,Tsunoda,2000-05-11,Japanese,alphatauri,https://en.wikipedia.org/wiki/Scuderia_AlphaTauri,AlphaTauri,Italian,,,,,,,,2022,2,Saudi Arabian Grand Prix,2022-03-27,jeddah
47,20,W,0,0,0,Withdrew,mick_schumacher,47,MSC,http://en.wikipedia.org/wiki/Mick_Schumacher,Mick,Schumacher,1999-03-22,German,haas,https://en.wikipedia.org/wiki/Haas_F1_Team,Haas F1 Team,American,,,,,,,,2022,2,Saudi Arabian Grand Prix,2022-03-27,jeddah
16,1,1,26,1,58,Finished,leclerc,16,LEC,http://en.wikipedia.org/wiki/Charles_Leclerc,Charles,Leclerc,1997-10-16,Monegasque,ferrari,https://en.wikipedia.org/wiki/Scuderia_Ferrari,Ferrari,Italian,5266548,1:27:46.548,1,58,1:20.260,kph,236.740,2022,3,Australian Grand Prix,2022-04-10,albert_park
11,2,2,18,3,58,Finished,perez,11,PER,http://en.wikipedia.org/wiki/Sergio_P%C3%A9rez,Sergio,Pérez,1990-01-26,Mexican,red_bull,https://en.wikipedia.org/wiki/Red_Bull_Racing,Red Bull,Austrian,5287072,+20.524,3,58,1:21.094,kph,234.305,2022,3,Australian Grand Prix,2022-04-10,albert_park
63,3,3,15,6,58,Finished,russell,63,RUS,http://en.wikipedia.org/wiki/George_Russell_(racing_driver),George,Russell,1998-02-15,British,mercedes,https://en.wikipedia.org/wiki/Mercedes-Benz_in_Formula_One,Mercedes,German,5292141,+25.593,4,53,1:21.495,kph,233.152,2022,3,Australian Grand Prix,2022-04-10,albert_park
44,4,4,12,5,58,Finished,hamilton,44,HAM,http://en.wikipedia.org/wiki/Lewis_Hamilton,Lewis,Hamilton,1985-01-07,British,mercedes,https://en.wikipedia.org/wiki/Mercedes-Benz_in_Formula_One,Mercedes,German,5295091,+28.543,7,51,1:21.886,kph,232.039,2022,3,Australian Grand Prix,2022-04-10,albert_park
4,5,5,10,4,58,Finished,norris,1,NOR,http://en.wikipedia.org/wiki/Lando_Norris,Lando,Norris,1999-11-13,British,mclaren,https://en.wikipedia.org/wiki/McLaren,McLaren,British,5319851,+53.303,8,55,1:22.248,kph,231.018,2022,3,Australian Grand Prix,2022-04-10,albert_park
3,6,6,8,7,58,Finished,ricciardo,3,RIC,http://en.wikipedia.org/wiki/Daniel_Ricciardo,Daniel,Ricciardo,1989-07-01,Australian,mclaren,https://en.wikipedia.org/wiki/McLaren,McLaren,British,5320285,+53.737,9,54,1:22.451,kph,230.449,2022,3,Australian Grand Prix,2022-04-10,albert_park
31,7,7,6,8,58,Finished,ocon,31,OCO,http://en.wikipedia.org/wiki/Esteban_Ocon,Esteban,Ocon,1996-09-17,French,alpine,https://en.wikipedia.org/wiki/Alpine_F1_Team,Alpine F1 Team,French,5328231,+1:01.683,10,58,1:22.469,kph,230.399,2022,3,Australian Grand Prix,2022-04-10,albert_park
77,8,8,4,12,58,Finished,bottas,77,BOT,http://en.wikipedia.org/wiki/Valtteri_Bottas,Valtteri,Bottas,1989-08-28,Finnish,alfa,https://en.wikipedia.org/wiki/Alfa_Romeo_in_Formula_One,Alfa Romeo,Swiss,5334987,+1:08.439,5,54,1:21.651,kph,232.707,2022,3,Australian Grand Prix,2022-04-10,albert_park
10,9,9,2,11,58,Finished,gasly,10,GAS,http://en.wikipedia.org/wiki/Pierre_Gasly,Pierre,Gasly,1996-02-07,French,alphatauri,https://en.wikipedia.org/wiki/Scuderia_AlphaTauri,AlphaTauri,Italian,5342769,+1:16.221,13,52,1:22.731,kph,229.669,2022,3,Australian Grand Prix,2022-04-10,albert_park
23,10,10,1,20,58,Finished,albon,23,ALB,http://en.wikipedia.org/wiki/Alexander_Albon,Alexander,Albon,1996-03-23,Thai,williams,https://en.wikipedia.org/wiki/Williams_Racing,Williams,British,5345930,+1:19.382,12,54,1:22.589,kph,230.064,2022,3,Australian Grand Prix,2022-04-10,albert_park
24,11,11,0,14,58,Finished,zhou,24,ZHO,http://en.wikipedia.org/wiki/Zhou_Guanyu,Guanyu,Zhou,1999-05-30,Chinese,alfa,https://en.wikipedia.org/wiki/Alfa_Romeo_in_Formula_One,Alfa Romeo,Swiss,5348243,+1:21.695,11,55,1:22.541,kph,230.198,2022,3,Australian Grand Prix,2022-04-10,albert_park
18,12,12,0,19,58,Finished,stroll,18,STR,http://en.wikipedia.org/wiki/Lance_Stroll,Lance,Stroll,1998-10-29,Canadian,aston_martin,https://en.wikipedia.org/wiki/Aston_Martin_in_Formula_One,Aston Martin,British,5355146,+1:28.598,17,48,1:23.592,kph,227.304,2022,3,Australian Grand Prix,2022-04-10,albert_park
47,13,13,0,15,57,+1 Lap,mick_schumacher,47,MSC,http://en.wikipedia.org/wiki/Mick_Schumacher,Mick,Schumacher,1999-03-22,German,haas,https://en.wikipedia.org/wiki/Haas_F1_Team,Haas F1 Team,American,,,14,55,1:23.006,kph,228.908,2022,3,Australian Grand Prix,2022-04-10,albert_park
20,14,14,0,16,57,+1 Lap,kevin_magnussen,20,MAG,http://en.wikipedia.org/wiki/Kevin_Magnussen,Kevin,Magnussen,1992-10-05,Danish,haas,https://en.wikipedia.org/wiki/Haas_F1_Team,Haas F1 Team,American,,,15,44,1:23.071,kph,228.729,2022,3,Australian Grand Prix,2022-04-10,albert_park
22,15,15,0,13,57,+1 Lap,tsunoda,22,TSU,http://en.wikipedia.org/wiki/Yuki_Tsunoda,Yuki,Tsunoda,2000-05-11,Japanese,alphatauri,https://en.wikipedia.org/wiki/Scuderia_AlphaTauri,AlphaTauri,Italian,,,16,56,1:23.342,kph,227.985,2022,3,Australian Grand Prix,2022-04-10,albert_park
6,16,16,0,18,57,+1 Lap,latifi,6,LAT,http://en.wikipedia.org/wiki/Nicholas_Latifi,Nicholas,Latifi,1995-06-29,Canadian,williams,https://en.wikipedia.org/wiki/Williams_Racing,Williams,British,,,18,49,1:23.882,kph,226.518,2022,3,Australian Grand Prix,2022-04-10,albert_park
14,17,17,0,10,57,+1 Lap,alonso,14,ALO,http://en.wikipedia.org/wiki/Fernando_Alonso,Fernando,Alonso,1981-07-29,Spanish,alpine,https://en.wikipedia.org/wiki/Alpine_F1_Team,Alpine F1 Team,French,,,2,57,1:20.846,kph,235.024,2022,3,Australian Grand Prix,2022-04-10,albert_park
1,18,R,0,2,38,Fuel leak,max_verstappen,3,VER,http://en.wikipedia.org/wiki/Max_Verstappen,Max,Verstappen,1997-09-30,Dutch,red_bull,https://en.wikipedia.org/wiki/Red_Bull_Racing,Red Bull,Austrian,,,6,37,1:21.677,kph,232.633,2022,3,Australian Grand Prix,2022-04-10,albert_park
5,19,R,0,17,22,Accident,vettel,5,VET,http://en.wikipedia.org/wiki/Sebastian_Vettel,Sebastian,Vettel,1987-07-03,German,aston_martin,https://en.wikipedia.org/wiki/Aston_Martin_in_Formula_One,Aston Martin,British,,,19,17,1:25.189,kph,223.042,2022,3,Australian Grand Prix,2022-04-10,albert_park
55,20,R,0,9,1,Spun off,sainz,55,SAI,http://en.wikipedia.org/wiki/Carlos_Sainz_Jr.,Carlos,Sainz,1994-09-01,Spanish,ferrari,https://en.wikipedia.org/wiki/Scuderia_Ferrari,Ferrari,Italian,,,,,,,,2022,3,Australian Grand Prix,2022-04-10,albert_park
1,1,1,26,1,63,Finished,max_verstappen,3,VER,http://en.wikipedia.org/wiki/Max_Verstappen,Max,Verstappen,1997-09-30,Dutch,red_bull,https://en.wikipedia.org/wiki/Red_Bull_Racing,Red Bull,Austrian,5527986,1:32:07.986,1,55,1:18.446,kph,225.281,2022,4,Emilia Romagna Grand Prix,2022-04-24,imola
11,2,2,18,3,63,Finished,perez,11,PER,http://en.wikipedia.org/wiki/Sergio_P%C3%A9rez,Sergio,Pérez,1990-01-26,Mexican,red_bull,https://en.wikipedia.org/wiki/Red_Bull_Racing,Red Bull,Austrian,5544513,+16.527,3,52,1:18.949,kph,223.845,2022,4,Emilia Romagna Grand Prix,2022-04-24,imola
4,3,3,15,5,63,Finished,norris,1,NOR,http://en.wikipedia.org/wiki/Lando_Norris,Lando,Norris,1999-11-13,British,mclaren,https://en.wikipedia.org/wiki/McLaren,McLaren,British,5562820,+34.834,7,61,1:20.903,kph,218.439,2022,4,Emilia Romagna Grand Prix,2022-04-24,imola
63,4,4,12,11,63,Finished,russell,63,RUS,http://en.wikipedia.org/wiki/George_Russell_(racing_driver),George,Russell,1998-02-15,British,mercedes,https://en.wikipedia.org/wiki/Mercedes-Benz_in_Formula_One,Mercedes,German,5570492,+42.506,8,57,1:20.962,kph,218.280,2022,4,Emilia Romagna Grand Prix,2022-04-24,imola
77,5,5,10,7,63,Finished,bottas,77,BOT,http://en.wikipedia.org/wiki/Valtteri_Bottas,Valtteri,Bottas,1989-08-28,Finnish,alfa,https://en.wikipedia.org/wiki/Alfa_Romeo_in_Formula_One,Alfa Romeo,Swiss,5571167,+43.181,6,43,1:20.758,kph,218.831,2022,4,Emilia Romagna Grand Prix,2022-04-24,imola
16,6,6,8,2,63,Finished,leclerc,16,LEC,http://en.wikipedia.org/wiki/Charles_Leclerc,Charles,Leclerc,1997-10-16,Monegasque,ferrari,https://en.wikipedia.org/wiki/Scuderia_Ferrari,Ferrari,Italian,5584058,+56.072,2,63,1:18.574,kph,224.914,2022,4,Emilia Romagna Grand Prix,2022-04-24,imola
22,7,7,6,12,63,Finished,tsunoda,22,TSU,http://en.wikipedia.org/wiki/Yuki_Tsunoda,Yuki,Tsunoda,2000-05-11,Japanese,alphatauri,https://en.wikipedia.org/wiki/Scuderia_AlphaTauri,AlphaTauri,Italian,5589096,+1:01.110,5,61,1:20.544,kph,219.412,2022,4,Emilia Romagna Grand Prix,2022-04-24,imola
5,8,8,4,13,63,Finished,vettel,5,VET,http://en.wikipedia.org/wiki/Sebastian_Vettel,Sebastian,Vettel,1987-07-03,German,aston_martin,https://en.wikipedia.org/wiki/Aston_Martin_in_Formula_One,Aston Martin,British,5598878,+1:10.892,9,47,1:21.211,kph,217.610,2022,4,Emilia Romagna Grand Prix,2022-04-24,imola
20,9,9,2,8,63,Finished,kevin_magnussen,20,MAG,http://en.wikipedia.org/wiki/Kevin_Magnussen,Kevin,Magnussen,1992-10-05,Danish,haas,https://en.wikipedia.org/wiki/Haas_F1_Team,Haas F1 Team,American,5603246,+1:15.260,10,61,1:21.238,kph,217.538,2022,4,Emilia Romagna Grand Prix,2022-04-24,imola
18,10,10,1,15,62,+1 Lap,stroll,18,STR,http://en.wikipedia.org/wiki/Lance_Stroll,Lance,Stroll,1998-10-29,Canadian,aston_martin,https://en.wikipedia.org/wiki/Aston_Martin_in_Formula_One,Aston Martin,British,,,16,46,1:21.750,kph,216.176,2022,4,Emilia Romagna Grand Prix,2022-04-24,imola
23,11,11,0,18,62,+1 Lap,albon,23,ALB,http://en.wikipedia.org/wiki/Alexander_Albon,Alexander,Albon,1996-03-23,Thai,williams,https://en.wikipedia.org/wiki/Williams_Racing,Williams,British,,,17,61,1:21.757,kph,216.157,2022,4,Emilia Romagna Grand Prix,2022-04-24,imola
10,12,12,0,17,62,+1 Lap,gasly,10,GAS,http://en.wikipedia.org/wiki/Pierre_Gasly,Pierre,Gasly,1996-02-07,French,alphatauri,https://en.wikipedia.org/wiki/Scuderia_AlphaTauri,AlphaTauri,Italian,,,15,34,1:21.713,kph,216.274,2022,4,Emilia Romagna Grand Prix,2022-04-24,imola
44,13,13,0,14,62,+1 Lap,hamilton,44,HAM,http://en.wikipedia.org/wiki/Lewis_Hamilton,Lewis,Hamilton,1985-01-07,British,mercedes,https://en.wikipedia.org/wiki/Mercedes-Benz_in_Formula_One,Mercedes,German,,,13,50,1:21.419,kph,217.054,2022,4,Emilia Romagna Grand Prix,2022-04-24,imola
31,14,14,0,16,62,+1 Lap,ocon,31,OCO,http://en.wikipedia.org/wiki/Esteban_Ocon,Esteban,Ocon,1996-09-17,French,alpine,https://en.wikipedia.org/wiki/Alpine_F1_Team,Alpine F1 Team,French,,,18,37,1:21.887,kph,215.814,2022,4,Emilia Romagna Grand Prix,2022-04-24,imola
24,15,15,0,0,62,+1 Lap,zhou,24,ZHO,http://en.wikipedia.org/wiki/Zhou_Guanyu,Guanyu,Zhou,1999-05-30,Chinese,alfa,https://en.wikipedia.org/wiki/Alfa_Romeo_in_Formula_One,Alfa Romeo,Swiss,,,11,61,1:21.286,kph,217.410,2022,4,Emilia Romagna Grand Prix,2022-04-24,imola
6,16,16,0,19,62,+1 Lap,latifi,6,LAT,http://en.wikipedia.org/wiki/Nicholas_Latifi,Nicholas,Latifi,1995-06-29,Canadian,williams,https://en.wikipedia.org/wiki/Williams_Racing,Williams,British,,,12,62,1:21.338,kph,217.271,2022,4,Emilia Romagna Grand Prix,2022-04-24,imola
47,17,17,0,10,62,+1 Lap,mick_schumacher,47,MSC,http://en.wikipedia.org/wiki/Mick_Schumacher,Mick,Schumacher,1999-03-22,German,haas,https://en.wikipedia.org/wiki/Haas_F1_Team,Haas F1 Team,American,,,4,55,1:18.999,kph,223.704,2022,4,Emilia Romagna Grand Prix,2022-04-24,imola
3,18,18,0,6,62,+1 Lap,ricciardo,3,RIC,http://en.wikipedia.org/wiki/Daniel_Ricciardo,Daniel,Ricciardo,1989-07-01,Australian,mclaren,https://en.wikipedia.org/wiki/McLaren,McLaren,British,,,14,61,1:21.577,kph,216.634,2022,4,Emilia Romagna Grand Prix,2022-04-24,imola
14,19,R,0,9,6,Collision damage,alonso,14,ALO,http://en.wikipedia.org/wiki/Fernando_Alonso,Fernando,Alonso,1981-07-29,Spanish,alpine,https://en.wikipedia.org/wiki/Alpine_F1_Team,Alpine F1 Team,French,,,19,5,1:39.685,kph,177.282,2022,4,Emilia Romagna Grand Prix,2022-04-24,imola
55,20,R,0,4,0,Collision,sainz,55,SAI,http://en.wikipedia.org/wiki/Carlos_Sainz_Jr.,Carlos,Sainz,1994-09-01,Spanish,ferrari,https://en.wikipedia.org/wiki/Scuderia_Ferrari,Ferrari,Italian,,,,,,,,2022,4,Emilia Romagna Grand Prix,2022-04-24,imola
1,1,1,26,3,57,Finished,max_verstappen,3,VER,http://en.wikipedia.org/wiki/Max_Verstappen,Max,Verstappen,1997-09-30,Dutch,red_bull,https://en.wikipedia.org/wiki/Red_Bull_Racing,Red Bull,Austrian,5664258,1:34:24.258,1,54,1:31.361,kph,213.255,2022,5,Miami Grand Prix,2022-05-08,miami
16,2,2,18,1,57,Finished,leclerc,16,LEC,http://en.wikipedia.org/wiki/Charles_Leclerc,Charles,Leclerc,1997-10-16,Monegasque,ferrari,https://en.wikipedia.org/wiki/Scuderia_Ferrari,Ferrari,Italian,5668044,+3.786,2,53,1:31.488,kph,212.959,2022,5,Miami Grand Prix,2022-05-08,miami
55,3,3,15,2,57,Finished,sainz,55,SAI,http://en.wikipedia.org/wiki/Carlos_Sainz_Jr.,Carlos,Sainz,1994-09-01,Spanish,ferrari,https://en.wikipedia.org/wiki/Scuderia_Ferrari,Ferrari,Italian,5672487,+8.229,3,56,1:31.790,kph,212.258,2022,5,Miami Grand Prix,2022-05-08,miami
11,4,4,12,4,57,Finished,perez,11,PER,http://en.wikipedia.org/wiki/Sergio_P%C3%A9rez,Sergio,Pérez,1990-01-26,Mexican,red_bull,https://en.wikipedia.org/wiki/Red_Bull_Racing,Red Bull,Austrian,5674896,+10.638,4,54,1:31.819,kph,212.191,2022,5,Miami Grand Prix,2022-05-08,miami
63,5,5,10,12,57,Finished,russell,63,RUS,http://en.wikipedia.org/wiki/George_Russell_(racing_driver),George,Russell,1998-02-15,British,mercedes,https://en.wikipedia.org/wiki/Mercedes-Benz_in_Formula_One,Mercedes,German,5682840,+18.582,5,56,1:32.195,kph,211.325,2022,5,Miami Grand Prix,2022-05-08,miami
44,6,6,8,6,57,Finished,hamilton,44,HAM,http://en.wikipedia.org/wiki/Lewis_Hamilton,Lewis,Hamilton,1985-01-07,British,mercedes,https://en.wikipedia.org/wiki/Mercedes-Benz_in_Formula_One,Mercedes,German,5685626,+21.368,7,55,1:32.941,kph,209.629,2022,5,Miami Grand Prix,2022-05-08,miami
77,7,7,6,5,57,Finished,bottas,77,BOT,http://en.wikipedia.org/wiki/Valtteri_Bottas,Valtteri,Bottas,1989-08-28,Finnish,alfa,https://en.wikipedia.org/wiki/Alfa_Romeo_in_Formula_One,Alfa Romeo,Swiss,5689331,+25.073,10,56,1:33.184,kph,209.083,2022,5,Miami Grand Prix,2022-05-08,miami
31,8,8,4,20,57,Finished,ocon,31,OCO,http://en.wikipedia.org/wiki/Esteban_Ocon,Esteban,Ocon,1996-09-17,French,alpine,https://en.wikipedia.org/wiki/Alpine_F1_Team,Alpine F1 Team,French,5692644,+28.386,9,56,1:33.163,kph,209.130,2022,5,Miami Grand Prix,2022-05-08,miami
23,9,9,2,18,57,Finished,albon,23,ALB,http://en.wikipedia.org/wiki/Alexander_Albon,Alexander,Albon,1996-03-23,Thai,williams,https://en.wikipedia.org/wiki/Williams_Racing,Williams,British,5696623,+32.365,15,57,1:33.447,kph,208.494,2022,5,Miami Grand Prix,2022-05-08,miami
18,10,10,1,0,57,Finished,stroll,18,STR,http://en.wikipedia.org/wiki/Lance_Stroll,Lance,Stroll,1998-10-29,Canadian,aston_martin,https://en.wikipedia.org/wiki/Aston_Martin_in_Formula_One,Aston Martin,British,5701284,+37.026,12,52,1:33.312,kph,208.796,2022,5,Miami Grand Prix,2022-05-08,miami
14,11,11,0,11,57,Finished,alonso,14,ALO,http://en.wikipedia.org/wiki/Fernando_Alonso,Fernando,Alonso,1981-07-29,Spanish,alpine,https://en.wikipedia.org/wiki/Alpine_F1_Team,Alpine F1 Team,French,5701386,+37.128,13,53,1:33.331,kph,208.753,2022,5,Miami Grand Prix,2022-05-08,miami
22,12,12,0,9,57,Finished,tsunoda,22,TSU,http://en.wikipedia.org/wiki/Yuki_Tsunoda,Yuki,Tsunoda,2000-05-11,Japanese,alphatauri,https://en.wikipedia.org/wiki/Scuderia_AlphaTauri,AlphaTauri,Italian,5704404,+40.146,8,55,1:33.035,kph,209.417,2022,5,Miami Grand Prix,2022-05-08,miami
3,13,13,0,14,57,Finished,ricciardo,3,RIC,http://en.wikipedia.org/wiki/Daniel_Ricciardo,Daniel,Ricciardo,1989-07-01,Australian,mclaren,https://en.wikipedia.org/wiki/McLaren,McLaren,British,5705160,+40.902,11,56,1:33.265,kph,208.901,2022,5,Miami Grand Prix,2022-05-08,miami
6,14,14,0,19,57,Finished,latifi,6,LAT,http://en.wikipedia.org/wiki/Nicholas_Latifi,Nicholas,Latifi,1995-06-29,Canadian,williams,https://en.wikipedia.org/wiki/Williams_Racing,Williams,British,5714194,+49.936,18,53,1:34.169,kph,206.896,2022,5,Miami Grand Prix,2022-05-08,miami
47,15,15,0,15,57,Finished,mick_schumacher,47,MSC,http://en.wikipedia.org/wiki/Mick_Schumacher,Mick,Schumacher,1999-03-22,German,haas,https://en.wikipedia.org/wiki/Haas_F1_Team,Haas F1 Team,American,5737563,+1:13.305,6,57,1:32.528,kph,210.565,2022,5,Miami Grand Prix,2022-05-08,miami
20,16,16,0,16,56,Front wing,kevin_magnussen,20,MAG,http://en.wikipedia.org/wiki/Kevin_Magnussen,Kevin,Magnussen,1992-10-05,Danish,haas,https://en.wikipedia.org/wiki/Haas_F1_Team,Haas F1 Team,American,,,17,52,1:33.511,kph,208.351,2022,5,Miami Grand Prix,2022-05-08,miami
5,17,17,0,0,54,Collision,vettel,5,VET,http://en.wikipedia.org/wiki/Sebastian_Vettel,Sebastian,Vettel,1987-07-03,German,aston_martin,https://en.wikipedia.org/wiki/Aston_Martin_in_Formula_One,Aston Martin,British,,,16,50,1:33.479,kph,208.423,2022,5,Miami Grand Prix,2022-05-08,miami
10,18,R,0,7,45,Suspension,gasly,10,GAS,http://en.wikipedia.org/wiki/Pierre_Gasly,Pierre,Gasly,1996-02-07,French,alphatauri,https://en.wikipedia.org/wiki/Scuderia_AlphaTauri,AlphaTauri,Italian,,,19,38,1:34.487,kph,206.199,2022,5,Miami Grand Prix,2022-05-08,miami
4,19,R,0,8,39,Collision,norris,1,NOR,http://en.wikipedia.org/wiki/Lando_Norris,Lando,Norris,1999-11-13,British,mclaren,https://en.wikipedia.org/wiki/McLaren,McLaren,British,,,14,37,1:33.411,kph,208.575,2022,5,Miami Grand Prix,2022-05-08,miami
24,20,R,0,17,6,Water leak,zhou,24,ZHO,http://en.wikipedia.org/wiki/Zhou_Guanyu,Guanyu,Zhou,1999-05-30,Chinese,alfa,https://en.wikipedia.org/wiki/Alfa_Romeo_in_Formula_One,Alfa Romeo,Swiss,,,20,4,1:35.731,kph,203.520,2022,5,Miami Grand Prix,2022-05-08,miami
1,1,1,25,1,57,Finished,max_verstappen,3,VER,http://en.wikipedia.org/wiki/Max_Verstappen,Max,Verstappen,1997-09-30,Dutch,red_bull,https://en.wikipedia.org/wiki/Red_Bull_Racing,Red Bull,Austrian,5636736,1:33:56.736,6,44,1:36.236,kph,202.452,2023,1,Bahrain Grand Prix,2023-03-05,bahrain
11,2,2,18,2,57,Finished,perez,11,PER,http://en.wikipedia.org/wiki/Sergio_P%C3%A9rez,Sergio,Pérez,1990-01-26,Mexican,red_bull,https://en.wikipedia.org/wiki/Red_Bull_Racing,Red Bull,Austrian,5648723,+11.987,7,37,1:36.344,kph,202.225,2023,1,Bahrain Grand Prix,2023-03-05,bahrain
14,3,3,15,5,57,Finished,alonso,14,ALO,http://en.wikipedia.org/wiki/Fernando_Alonso,Fernando,Alonso,1981-07-29,Spanish,aston_martin,https://en.wikipedia.org/wiki/Aston_Martin_in_Formula_One,Aston Martin,British,5675373,+38.637,5,36,1:36.156,kph,202.620,2023,1,Bahrain Grand Prix,2023-03-05,bahrain
55,4,4,12,4,57,Finished,sainz,55,SAI,http://en.wikipedia.org/wiki/Carlos_Sainz_Jr.,Carlos,Sainz,1994-09-01,Spanish,ferrari,https://en.wikipedia.org/wiki/Scuderia_Ferrari,Ferrari,Italian,5684788,+48.052,14,37,1:37.130,kph,200.588,2023,1,Bahrain Grand Prix,2023-03-05,bahrain
44,5,5,10,7,57,Finished,hamilton,44,HAM,http://en.wikipedia.org/wiki/Lewis_Hamilton,Lewis,Hamilton,1985-01-07,British,mercedes,https://en.wikipedia.org/wiki/Mercedes-Benz_in_Formula_One,Mercedes,German,5687713,+50.977,10,36,1:36.546,kph,201.802,2023,1,Bahrain Grand Prix,2023-03-05,bahrain
18,6,6,8,8,57,Finished,stroll,18,STR,http://en.wikipedia.org/wiki/Lance_Stroll,Lance,Stroll,1998-10-29,Canadian,aston_martin,https://en.wikipedia.org/wiki/Aston_Martin_in_Formula_One,Aston Martin,British,5691238,+54.502,9,32,1:36.546,kph,201.802,2023,1,Bahrain Grand Prix,2023-03-05,bahrain
63,7,7,6,6,57,Finished,russell,63,RUS,http://en.wikipedia.org/wiki/George_Russell_(racing_driver),George,Russell,1998-02-15,British,mercedes,https://en.wikipedia.org/wiki/Mercedes-Benz_in_Formula_One,Mercedes,German,5692609,+55.873,17,33,1:37.221,kph,200.401,2023,1,Bahrain Grand Prix,2023-03-05,bahrain
77,8,8,4,12,57,Finished,bottas,77,BOT,http://en.wikipedia.org/wiki/Valtteri_Bottas,Valtteri,Bottas,1989-08-28,Finnish,alfa,https://en.wikipedia.org/wiki/Alfa_Romeo_in_Formula_One,Alfa Romeo,Swiss,5709383,+1:12.647,18,31,1:37.379,kph,200.075,2023,1,Bahrain Grand Prix,2023-03-05,bahrain
10,9,9,2,20,57,Finished,gasly,10,GAS,http://en.wikipedia.org/wiki/Pierre_Gasly,Pierre,Gasly,1996-02-07,French,alpine,https://en.wikipedia.org/wiki/Alpine_F1_Team,Alpine F1 Team,French,5710489,+1:13.753,2,42,1:35.068,kph,204.939,2023,1,Bahrain Grand Prix,2023-03-05,bahrain
23,10,10,1,15,57,Finished,albon,23,ALB,http://en.wikipedia.org/wiki/Alexander_Albon,Alexander,Albon,1996-03-23,Thai,williams,https://en.wikipedia.org/wiki/Williams_Racing,Williams,British,5726510,+1:29.774,15,43,1:37.144,kph,200.559,2023,1,Bahrain Grand Prix,2023-03-05,bahrain
22,11,11,0,14,57,Finished,tsunoda,22,TSU,http://en.wikipedia.org/wiki/Yuki_Tsunoda,Yuki,Tsunoda,2000-05-11,Japanese,alphatauri,https://en.wikipedia.org/wiki/Scuderia_AlphaTauri,AlphaTauri,Italian,5727606,+1:30.870,12,42,1:36.637,kph,201.612,2023,1,Bahrain Grand Prix,2023-03-05,bahrain
2,12,12,0,16,56,Lapped,sargeant,2,SAR,http://en.wikipedia.org/wiki/Logan_Sargeant,Logan,Sargeant,2000-12-31,American,williams,https://en.wikipedia.org/wiki/Williams_Racing,Williams,British,5637872,+1.136,4,42,1:36.037,kph,202.871,2023,1,Bahrain Grand Prix,2023-03-05,bahrain
20,13,13,0,17,56,Lapped,kevin_magnussen,20,MAG,http://en.wikipedia.org/wiki/Kevin_Magnussen,Kevin,Magnussen,1992-10-05,Danish,haas,https://en.wikipedia.org/wiki/Haas_F1_Team,Haas F1 Team,American,5653493,+16.757,8,42,1:36.471,kph,201.959,2023,1,Bahrain Grand Prix,2023-03-05,bahrain
21,14,14,0,19,56,Lapped,de_vries,21,DEV,http://en.wikipedia.org/wiki/Nyck_de_Vries,Nyck,de Vries,1995-02-06,Dutch,alphatauri,https://en.wikipedia.org/wiki/Scuderia_AlphaTauri,AlphaTauri,Italian,5659259,+22.523,19,30,1:37.709,kph,199.400,2023,1,Bahrain Grand Prix,2023-03-05,bahrain
27,15,15,0,10,56,Lapped,hulkenberg,27,HUL,http://en.wikipedia.org/wiki/Nico_H%C3%BClkenberg,Nico,Hülkenberg,1987-08-19,German,haas,https://en.wikipedia.org/wiki/Haas_F1_Team,Haas F1 Team,American,5675647,+38.911,11,42,1:36.616,kph,201.656,2023,1,Bahrain Grand Prix,2023-03-05,bahrain
24,16,16,0,13,56,Lapped,zhou,24,ZHO,http://en.wikipedia.org/wiki/Zhou_Guanyu,Guanyu,Zhou,1999-05-30,Chinese,alfa,https://en.wikipedia.org/wiki/Alfa_Romeo_in_Formula_One,Alfa Romeo,Swiss,5676385,+39.649,1,56,1:33.996,kph,207.276,2023,1,Bahrain Grand Prix,2023-03-05,bahrain
4,17,17,0,11,55,Lapped,norris,1,NOR,http://en.wikipedia.org/wiki/Lando_Norris,Lando,Norris,1999-11-13,British,mclaren,https://en.wikipedia.org/wiki/McLaren,McLaren,British,5643372,+6.636,3,51,1:35.822,kph,203.327,2023,1,Bahrain Grand Prix,2023-03-05,bahrain
31,18,R,0,9,41,Retired,ocon,31,OCO,http://en.wikipedia.org/wiki/Esteban_Ocon,Esteban,Ocon,1996-09-17,French,alpine,https://en.wikipedia.org/wiki/Alpine_F1_Team,Alpine F1 Team,French,,,13,34,1:36.797,kph,201.278,2023,1,Bahrain Grand Prix,2023-03-05,bahrain
16,19,R,0,3,39,Retired,leclerc,16,LEC,http://en.wikipedia.org/wiki/Charles_Leclerc,Charles,Leclerc,1997-10-16,Monegasque,ferrari,https://en.wikipedia.org/wiki/Scuderia_Ferrari,Ferrari,Italian,,,16,37,1:37.170,kph,200.506,2023,1,Bahrain Grand Prix,2023-03-05,bahrain
81,20,R,0,18,13,Retired,piastri,81,PIA,http://en.wikipedia.org/wiki/Oscar_Piastri,Oscar,Piastri,2001-04-06,Australian,mclaren,https://en.wikipedia.org/wiki/McLaren,McLaren,British,,,20,3,1:40.691,kph,193.494,2023,1,Bahrain Grand Prix,2023-03-05,bahrain
11,1,1,25,1,50,Finished,perez,11,PER,http://en.wikipedia.org/wiki/Sergio_P%C3%A9rez,Sergio,Pérez,1990-01-26,Mexican,red_bull,https://en.wikipedia.org/wiki/Red_Bull_Racing,Red Bull,Austrian,4874894,1:21:14.894,2,38,1:32.188,kph,241.098,2023,2,Saudi Arabian Grand Prix,2023-03-19,jeddah
1,2,2,19,15,50,Finished,max_verstappen,3,VER,http://en.wikipedia.org/wiki/Max_Verstappen,Max,Verstappen,1997-09-30,Dutch,red_bull,https://en.wikipedia.org/wiki/Red_Bull_Racing,Red Bull,Austrian,4880249,+5.355,1,50,1:31.906,kph,241.838,2023,2,Saudi Arabian Grand Prix,2023-03-19,jeddah
14,3,3,15,2,50,Finished,alonso,14,ALO,http://en.wikipedia.org/wiki/Fernando_Alonso,Fernando,Alonso,1981-07-29,Spanish,aston_martin,https://en.wikipedia.org/wiki/Aston_Martin_in_Formula_One,Aston Martin,British,4895622,+20.728,3,50,1:32.240,kph,240.962,2023,2,Saudi Arabian Grand Prix,2023-03-19,jeddah
63,4,4,12,3,50,Finished,russell,63,RUS,http://en.wikipedia.org/wiki/George_Russell_(racing_driver),George,Russell,1998-02-15,British,mercedes,https://en.wikipedia.org/wiki/Mercedes-Benz_in_Formula_One,Mercedes,German,4900760,+25.866,4,50,1:32.433,kph,240.459,2023,2,Saudi Arabian Grand Prix,2023-03-19,jeddah
44,5,5,10,7,50,Finished,hamilton,44,HAM,http://en.wikipedia.org/wiki/Lewis_Hamilton,Lewis,Hamilton,1985-01-07,British,mercedes,https://en.wikipedia.org/wiki/Mercedes-Benz_in_Formula_One,Mercedes,German,4905959,+31.065,6,47,1:32.941,kph,239.145,2023,2,Saudi Arabian Grand Prix,2023-03-19,jeddah
55,6,6,8,4,50,Finished,sainz,55,SAI,http://en.wikipedia.org/wiki/Carlos_Sainz_Jr.,Carlos,Sainz,1994-09-01,Spanish,ferrari,https://en.wikipedia.org/wiki/Scuderia_Ferrari,Ferrari,Italian,4910770,+35.876,5,50,1:32.822,kph,239.451,2023,2,Saudi Arabian Grand Prix,2023-03-19,jeddah
16,7,7,6,12,50,Finished,leclerc,16,LEC,http://en.wikipedia.org/wiki/Charles_Leclerc,Charles,Leclerc,1997-10-16,Monegasque,ferrari,https://en.wikipedia.org/wiki/Scuderia_Ferrari,Ferrari,Italian,4918056,+43.162,7,47,1:33.056,kph,238.849,2023,2,Saudi Arabian Grand Prix,2023-03-19,jeddah
31,8,8,4,6,50,Finished,ocon,31,OCO,http://en.wikipedia.org/wiki/Esteban_Ocon,Esteban,Ocon,1996-09-17,French,alpine,https://en.wikipedia.org/wiki/Alpine_F1_Team,Alpine F1 Team,French,4927726,+52.832,8,49,1:33.222,kph,238.424,2023,2,Saudi Arabian Grand Prix,2023-03-19,jeddah
10,9,9,2,9,50,Finished,gasly,10,GAS,http://en.wikipedia.org/wiki/Pierre_Gasly,Pierre,Gasly,1996-02-07,French,alpine,https://en.wikipedia.org/wiki/Alpine_F1_Team,Alpine F1 Team,French,4929641,+54.747,10,50,1:33.392,kph,237.990,2023,2,Saudi Arabian Grand Prix,2023-03-19,jeddah
20,10,10,1,13,50,Finished,kevin_magnussen,20,MAG,http://en.wikipedia.org/wiki/Kevin_Magnussen,Kevin,Magnussen,1992-10-05,Danish,haas,https://en.wikipedia.org/wiki/Haas_F1_Team,Haas F1 Team,American,4939720,+1:04.826,9,44,1:33.374,kph,238.036,2023,2,Saudi Arabian Grand Prix,2023-03-19,jeddah
22,11,11,0,16,50,Finished,tsunoda,22,TSU,http://en.wikipedia.org/wiki/Yuki_Tsunoda,Yuki,Tsunoda,2000-05-11,Japanese,alphatauri,https://en.wikipedia.org/wiki/Scuderia_AlphaTauri,AlphaTauri,Italian,4942388,+1:07.494,14,50,1:33.931,kph,236.624,2023,2,Saudi Arabian Grand Prix,2023-03-19,jeddah
27,12,12,0,10,50,Finished,hulkenberg,27,HUL,http://en.wikipedia.org/wiki/Nico_H%C3%BClkenberg,Nico,Hülkenberg,1987-08-19,German,haas,https://en.wikipedia.org/wiki/Haas_F1_Team,Haas F1 Team,American,4945482,+1:10.588,12,50,1:33.780,kph,237.005,2023,2,Saudi Arabian Grand Prix,2023-03-19,jeddah
24,13,13,0,11,50,Finished,zhou,24,ZHO,http://en.wikipedia.org/wiki/Zhou_Guanyu,Guanyu,Zhou,1999-05-30,Chinese,alfa,https://en.wikipedia.org/wiki/Alfa_Romeo_in_Formula_One,Alfa Romeo,Swiss,4950954,+1:16.060,13,49,1:33.894,kph,236.718,2023,2,Saudi Arabian Grand Prix,2023-03-19,jeddah
21,14,14,0,18,50,Finished,de_vries,21,DEV,http://en.wikipedia.org/wiki/Nyck_de_Vries,Nyck,de Vries,1995-02-06,Dutch,alphatauri,https://en.wikipedia.org/wiki/Scuderia_AlphaTauri,AlphaTauri,Italian,4952372,+1:17.478,11,49,1:33.609,kph,237.438,2023,2,Saudi Arabian Grand Prix,2023-03-19,jeddah
81,15,15,0,8,50,Finished,piastri,81,PIA,http://en.wikipedia.org/wiki/Oscar_Piastri,Oscar,Piastri,2001-04-06,Australian,mclaren,https://en.wikipedia.org/wiki/McLaren,McLaren,British,4959915,+1:25.021,16,48,1:34.287,kph,235.731,2023,2,Saudi Arabian Grand Prix,2023-03-19,jeddah
2,16,16,0,20,50,Finished,sargeant,2,SAR,http://en.wikipedia.org/wiki/Logan_Sargeant,Logan,Sargeant,2000-12-31,American,williams,https://en.wikipedia.org/wiki/Williams_Racing,Williams,British,4961187,+1:26.293,18,49,1:34.469,kph,235.277,2023,2,Saudi Arabian Grand Prix,2023-03-19,jeddah
4,17,17,0,19,50,Finished,norris,1,NOR,http://en.wikipedia.org/wiki/Lando_Norris,Lando,Norris,1999-11-13,British,mclaren,https://en.wikipedia.org/wiki/McLaren,McLaren,British,4961339,+1:26.445,15,49,1:34.122,kph,236.144,2023,2,Saudi Arabian Grand Prix,2023-03-19,jeddah
77,18,18,0,14,49,Lapped,bottas,77,BOT,http://en.wikipedia.org/wiki/Valtteri_Bottas,Valtteri,Bottas,1989-08-28,Finnish,alfa,https://en.wikipedia.org/wiki/Alfa_Romeo_in_Formula_One,Alfa Romeo,Swiss,4904478,+29.584,17,37,1:34.384,kph,235.489,2023,2,Saudi Arabian Grand Prix,2023-03-19,jeddah
23,19,R,0,17,27,Retired,albon,23,ALB,http://en.wikipedia.org/wiki/Alexander_Albon,Alexander,Albon,1996-03-23,Thai,williams,https://en.wikipedia.org/wiki/Williams_Racing,Williams,British,,,20,24,1:35.567,kph,232.574,2023,2,Saudi Arabian Grand Prix,2023-03-19,jeddah
18,20,R,0,5,16,Retired,stroll,18,STR,http://en.wikipedia.org/wiki/Lance_Stroll,Lance,Stroll,1998-10-29,Canadian,aston_martin,https://en.wikipedia.org/wiki/Aston_Martin_in_Formula_One,Aston Martin,British,,,19,7,1:35.140,kph,233.617,2023,2,Saudi Arabian Grand Prix,2023-03-19,jeddah
1,1,1,25,1,58,Finished,max_verstappen,3,VER,http://en.wikipedia.org/wiki/Max_Verstappen,Max,Verstappen,1997-09-30,Dutch,red_bull,https://en.wikipedia.org/wiki/Red_Bull_Racing,Red Bull,Austrian,9158371,2:32:38.371,2,49,1:20.342,kph,236.498,2023,3,Australian Grand Prix,2023-04-02,albert_park
44,2,2,18,3,58,Finished,hamilton,44,HAM,http://en.wikipedia.org/wiki/Lewis_Hamilton,Lewis,Hamilton,1985-01-07,British,mercedes,https://en.wikipedia.org/wiki/Mercedes-Benz_in_Formula_One,Mercedes,German,9158550,+0.179,5,49,1:20.613,kph,235.703,2023,3,Australian Grand Prix,2023-04-02,albert_park
14,3,3,15,4,58,Finished,alonso,14,ALO,http://en.wikipedia.org/wiki/Fernando_Alonso,Fernando,Alonso,1981-07-29,Spanish,aston_martin,https://en.wikipedia.org/wiki/Aston_Martin_in_Formula_One,Aston Martin,British,9159140,+0.769,4,53,1:20.476,kph,236.105,2023,3,Australian Grand Prix,2023-04-02,albert_park
18,4,4,12,6,58,Finished,stroll,18,STR,http://en.wikipedia.org/wiki/Lance_Stroll,Lance,Stroll,1998-10-29,Canadian,aston_martin,https://en.wikipedia.org/wiki/Aston_Martin_in_Formula_One,Aston Martin,British,9161453,+3.082,6,50,1:20.934,kph,234.769,2023,3,Australian Grand Prix,2023-04-02,albert_park
11,5,5,11,20,58,Finished,perez,11,PER,http://en.wikipedia.org/wiki/Sergio_P%C3%A9rez,Sergio,Pérez,1990-01-26,Mexican,red_bull,https://en.wikipedia.org/wiki/Red_Bull_Racing,Red Bull,Austrian,9161691,+3.320,1,53,1:20.235,kph,236.814,2023,3,Australian Grand Prix,2023-04-02,albert_park
4,6,6,8,13,58,Finished,norris,1,NOR,http://en.wikipedia.org/wiki/Lando_Norris,Lando,Norris,1999-11-13,British,mclaren,https://en.wikipedia.org/wiki/McLaren,McLaren,British,9162072,+3.701,9,46,1:21.173,kph,234.077,2023,3,Australian Grand Prix,2023-04-02,albert_park
27,7,7,6,10,58,Finished,hulkenberg,27,HUL,http://en.wikipedia.org/wiki/Nico_H%C3%BClkenberg,Nico,Hülkenberg,1987-08-19,German,haas,https://en.wikipedia.org/wiki/Haas_F1_Team,Haas F1 Team,American,9163310,+4.939,8,46,1:21.124,kph,234.219,2023,3,Australian Grand Prix,2023-04-02,albert_park
81,8,8,4,16,58,Finished,piastri,81,PIA,http://en.wikipedia.org/wiki/Oscar_Piastri,Oscar,Piastri,2001-04-06,Australian,mclaren,https://en.wikipedia.org/wiki/McLaren,McLaren,British,9163753,+5.382,12,53,1:21.335,kph,233.611,2023,3,Australian Grand Prix,2023-04-02,albert_park
24,9,9,2,17,58,Finished,zhou,24,ZHO,http://en.wikipedia.org/wiki/Zhou_Guanyu,Guanyu,Zhou,1999-05-30,Chinese,alfa,https://en.wikipedia.org/wiki/Alfa_Romeo_in_Formula_One,Alfa Romeo,Swiss,9164084,+5.713,16,48,1:21.819,kph,232.229,2023,3,Australian Grand Prix,2023-04-02,albert_park
22,10,10,1,12,58,Finished,tsunoda,22,TSU,http://en.wikipedia.org/wiki/Yuki_Tsunoda,Yuki,Tsunoda,2000-05-11,Japanese,alphatauri,https://en.wikipedia.org/wiki/Scuderia_AlphaTauri,AlphaTauri,Italian,9164423,+6.052,15,52,1:21.789,kph,232.314,2023,3,Australian Grand Prix,2023-04-02,albert_park
77,11,11,0,19,58,Finished,bottas,77,BOT,http://en.wikipedia.org/wiki/Valtteri_Bottas,Valtteri,Bottas,1989-08-28,Finnish,alfa,https://en.wikipedia.org/wiki/Alfa_Romeo_in_Formula_One,Alfa Romeo,Swiss,9164884,+6.513,17,46,1:22.233,kph,231.060,2023,3,Australian Grand Prix,2023-04-02,albert_park
55,12,12,0,5,58,Finished,sainz,55,SAI,http://en.wikipedia.org/wiki/Carlos_Sainz_Jr.,Carlos,Sainz,1994-09-01,Spanish,ferrari,https://en.wikipedia.org/wiki/Scuderia_Ferrari,Ferrari,Italian,9164965,+6.594,3,53,1:20.467,kph,236.131,2023,3,Australian Grand Prix,2023-04-02,albert_park
10,13,13,0,9,56,Retired,gasly,10,GAS,http://en.wikipedia.org/wiki/Pierre_Gasly,Pierre,Gasly,1996-02-07,French,alpine,https://en.wikipedia.org/wiki/Alpine_F1_Team,Alpine F1 Team,French,7003407,,7,47,1:20.995,kph,234.592,2023,3,Australian Grand Prix,2023-04-02,albert_park
31,14,14,0,11,56,Retired,ocon,31,OCO,http://en.wikipedia.org/wiki/Esteban_Ocon,Esteban,Ocon,1996-09-17,French,alpine,https://en.wikipedia.org/wiki/Alpine_F1_Team,Alpine F1 Team,French,7004780,,11,44,1:21.203,kph,233.991,2023,3,Australian Grand Prix,2023-04-02,albert_park
21,15,15,0,15,56,Retired,de_vries,21,DEV,http://en.wikipedia.org/wiki/Nyck_de_Vries,Nyck,de Vries,1995-02-06,Dutch,alphatauri,https://en.wikipedia.org/wiki/Scuderia_AlphaTauri,AlphaTauri,Italian,7005713,,10,50,1:21.183,kph,234.049,2023,3,Australian Grand Prix,2023-04-02,albert_park
2,16,16,0,18,56,Retired,sargeant,2,SAR,http://en.wikipedia.org/wiki/Logan_Sargeant,Logan,Sargeant,2000-12-31,American,williams,https://en.wikipedia.org/wiki/Williams_Racing,Williams,British,7005930,,13,50,1:21.456,kph,233.264,2023,3,Australian Grand Prix,2023-04-02,albert_park
20,17,17,0,14,52,Retired,kevin_magnussen,20,MAG,http://en.wikipedia.org/wiki/Kevin_Magnussen,Kevin,Magnussen,1992-10-05,Danish,haas,https://en.wikipedia.org/wiki/Haas_F1_Team,Haas F1 Team,American,5634610,,14,52,1:21.685,kph,232.610,2023,3,Australian Grand Prix,2023-04-02,albert_park
63,18,R,0,2,17,Retired,russell,63,RUS,http://en.wikipedia.org/wiki/George_Russell_(racing_driver),George,Russell,1998-02-15,British,mercedes,https://en.wikipedia.org/wiki/Mercedes-Benz_in_Formula_One,Mercedes,German,,,18,16,1:22.680,kph,229.811,2023,3,Australian Grand Prix,2023-04-02,albert_park
23,19,R,0,8,6,Retired,albon,23,ALB,http://en.wikipedia.org/wiki/Alexander_Albon,Alexander,Albon,1996-03-23,Thai,williams,https://en.wikipedia.org/wiki/Williams_Racing,Williams,British,,,19,6,1:23.349,kph,227.966,2023,3,Australian Grand Prix,2023-04-02,albert_park
16,20,R,0,7,0,Retired,leclerc,16,LEC,http://en.wikipedia.org/wiki/Charles_Leclerc,Charles,Leclerc,1997-10-16,Monegasque,ferrari,https://en.wikipedia.org/wiki/Scuderia_Ferrari,Ferrari,Italian,,,,,,,,2023,3,Australian Grand Prix,2023-04-02,albert_park
11,1,1,25,3,51,Finished,perez,11,PER,http://en.wikipedia.org/wiki/Sergio_P%C3%A9rez,Sergio,Pérez,1990-01-26,Mexican,red_bull,https://en.wikipedia.org/wiki/Red_Bull_Racing,Red Bull,Austrian,5562436,1:32:42.436,5,50,1:44.589,kph,206.625,2023,4,Azerbaijan Grand Prix,2023-04-30,baku
1,2,2,18,2,51,Finished,max_verstappen,3,VER,http://en.wikipedia.org/wiki/Max_Verstappen,Max,Verstappen,1997-09-30,Dutch,red_bull,https://en.wikipedia.org/wiki/Red_Bull_Racing,Red Bull,Austrian,5564573,+2.137,2,51,1:44.232,kph,207.333,2023,4,Azerbaijan Grand Prix,2023-04-30,baku
16,3,3,15,1,51,Finished,leclerc,16,LEC,http://en.wikipedia.org/wiki/Charles_Leclerc,Charles,Leclerc,1997-10-16,Monegasque,ferrari,https://en.wikipedia.org/wiki/Scuderia_Ferrari,Ferrari,Italian,5583653,+21.217,4,49,1:44.561,kph,206.681,2023,4,Azerbaijan Grand Prix,2023-04-30,baku
14,4,4,12,6,51,Finished,alonso,14,ALO,http://en.wikipedia.org/wiki/Fernando_Alonso,Fernando,Alonso,1981-07-29,Spanish,aston_martin,https://en.wikipedia.org/wiki/Aston_Martin_in_Formula_One,Aston Martin,British,5584460,+22.024,3,49,1:44.241,kph,207.315,2023,4,Azerbaijan Grand Prix,2023-04-30,baku
55,5,5,10,4,51,Finished,sainz,55,SAI,http://en.wikipedia.org/wiki/Carlos_Sainz_Jr.,Carlos,Sainz,1994-09-01,Spanish,ferrari,https://en.wikipedia.org/wiki/Scuderia_Ferrari,Ferrari,Italian,5607927,+45.491,6,48,1:45.175,kph,205.474,2023,4,Azerbaijan Grand Prix,2023-04-30,baku
44,6,6,8,5,51,Finished,hamilton,44,HAM,http://en.wikipedia.org/wiki/Lewis_Hamilton,Lewis,Hamilton,1985-01-07,British,mercedes,https://en.wikipedia.org/wiki/Mercedes-Benz_in_Formula_One,Mercedes,German,5608581,+46.145,7,48,1:45.346,kph,205.141,2023,4,Azerbaijan Grand Prix,2023-04-30,baku
18,7,7,6,9,51,Finished,stroll,18,STR,http://en.wikipedia.org/wiki/Lance_Stroll,Lance,Stroll,1998-10-29,Canadian,aston_martin,https://en.wikipedia.org/wiki/Aston_Martin_in_Formula_One,Aston Martin,British,5614053,+51.617,9,45,1:45.627,kph,204.595,2023,4,Azerbaijan Grand Prix,2023-04-30,baku
63,8,8,5,11,51,Finished,russell,63,RUS,http://en.wikipedia.org/wiki/George_Russell_(racing_driver),George,Russell,1998-02-15,British,mercedes,https://en.wikipedia.org/wiki/Mercedes-Benz_in_Formula_One,Mercedes,German,5636676,+1:14.240,1,51,1:43.370,kph,209.062,2023,4,Azerbaijan Grand Prix,2023-04-30,baku
4,9,9,2,7,51,Finished,norris,1,NOR,http://en.wikipedia.org/wiki/Lando_Norris,Lando,Norris,1999-11-13,British,mclaren,https://en.wikipedia.org/wiki/McLaren,McLaren,British,5642812,+1:20.376,12,49,1:45.738,kph,204.380,2023,4,Azerbaijan Grand Prix,2023-04-30,baku
22,10,10,1,8,51,Finished,tsunoda,22,TSU,http://en.wikipedia.org/wiki/Yuki_Tsunoda,Yuki,Tsunoda,2000-05-11,Japanese,alphatauri,https://en.wikipedia.org/wiki/Scuderia_AlphaTauri,AlphaTauri,Italian,5646298,+1:23.862,11,51,1:45.727,kph,204.401,2023,4,Azerbaijan Grand Prix,2023-04-30,baku
81,11,11,0,10,51,Finished,piastri,81,PIA,http://en.wikipedia.org/wiki/Oscar_Piastri,Oscar,Piastri,2001-04-06,Australian,mclaren,https://en.wikipedia.org/wiki/McLaren,McLaren,British,5648937,+1:26.501,10,51,1:45.631,kph,204.587,2023,4,Azerbaijan Grand Prix,2023-04-30,baku
23,12,12,0,12,51,Finished,albon,23,ALB,http://en.wikipedia.org/wiki/Alexander_Albon,Alexander,Albon,1996-03-23,Thai,williams,https://en.wikipedia.org/wiki/Williams_Racing,Williams,British,5651059,+1:28.623,15,51,1:45.925,kph,204.019,2023,4,Azerbaijan Grand Prix,2023-04-30,baku
20,13,13,0,16,51,Finished,kevin_magnussen,20,MAG,http://en.wikipedia.org/wiki/Kevin_Magnussen,Kevin,Magnussen,1992-10-05,Danish,haas,https://en.wikipedia.org/wiki/Haas_F1_Team,Haas F1 Team,American,5652165,+1:29.729,13,51,1:45.850,kph,204.164,2023,4,Azerbaijan Grand Prix,2023-04-30,baku
10,14,14,0,17,51,Finished,gasly,10,GAS,http://en.wikipedia.org/wiki/Pierre_Gasly,Pierre,Gasly,1996-02-07,French,alpine,https://en.wikipedia.org/wiki/Alpine_F1_Team,Alpine F1 Team,French,5653768,+1:31.332,8,47,1:45.540,kph,204.764,2023,4,Azerbaijan Grand Prix,2023-04-30,baku
31,15,15,0,19,51,Finished,ocon,31,OCO,http://en.wikipedia.org/wiki/Esteban_Ocon,Esteban,Ocon,1996-09-17,French,alpine,https://en.wikipedia.org/wiki/Alpine_F1_Team,Alpine F1 Team,French,5660230,+1:37.794,14,49,1:45.908,kph,204.052,2023,4,Azerbaijan Grand Prix,2023-04-30,baku
2,16,16,0,14,51,Finished,sargeant,2,SAR,http://en.wikipedia.org/wiki/Logan_Sargeant,Logan,Sargeant,2000-12-31,American,williams,https://en.wikipedia.org/wiki/Williams_Racing,Williams,British,5663379,+1:40.943,17,49,1:46.501,kph,202.916,2023,4,Azerbaijan Grand Prix,2023-04-30,baku
27,17,17,0,20,50,Lapped,hulkenberg,27,HUL,http://en.wikipedia.org/wiki/Nico_H%C3%BClkenberg,Nico,Hülkenberg,1987-08-19,German,haas,https://en.wikipedia.org/wiki/Haas_F1_Team,Haas F1 Team,American,5572373,+9.937,18,34,1:46.731,kph,202.479,2023,4,Azerbaijan Grand Prix,2023-04-30,baku
77,18,18,0,13,50,Lapped,bottas,77,BOT,http://en.wikipedia.org/wiki/Valtteri_Bottas,Valtteri,Bottas,1989-08-28,Finnish,alfa,https://en.wikipedia.org/wiki/Alfa_Romeo_in_Formula_One,Alfa Romeo,Swiss,5581534,+19.098,16,36,1:46.304,kph,203.292,2023,4,Azerbaijan Grand Prix,2023-04-30,baku
24,19,R,0,15,36,Retired,zhou,24,ZHO,http://en.wikipedia.org/wiki/Zhou_Guanyu,Guanyu,Zhou,1999-05-30,Chinese,alfa,https://en.wikipedia.org/wiki/Alfa_Romeo_in_Formula_One,Alfa Romeo,Swiss,,,19,31,1:47.553,kph,200.931,2023,4,Azerbaijan Grand Prix,2023-04-30,baku
21,20,R,0,18,9,Retired,de_vries,21,DEV,http://en.wikipedia.org/wiki/Nyck_de_Vries,Nyck,de Vries,1995-02-06,Dutch,alphatauri,https://en.wikipedia.org/wiki/Scuderia_AlphaTauri,AlphaTauri,Italian,,,20,4,1:48.781,kph,198.663,2023,4,Azerbaijan Grand Prix,2023-04-30,baku
1,1,1,26,9,57,Finished,max_verstappen,3,VER,http://en.wikipedia.org/wiki/Max_Verstappen,Max,Verstappen,1997-09-30,Dutch,red_bull,https://en.wikipedia.org/wiki/Red_Bull_Racing,Red Bull,Austrian,5258241,1:27:38.241,1,56,1:29.708,kph,217.184,2023,5,Miami Grand Prix,2023-05-07,miami
11,2,2,18,1,57,Finished,perez,11,PER,http://en.wikipedia.org/wiki/Sergio_P%C3%A9rez,Sergio,Pérez,1990-01-26,Mexican,red_bull,https://en.wikipedia.org/wiki/Red_Bull_Racing,Red Bull,Austrian,5263625,+5.384,3,57,1:30.560,kph,215.141,2023,5,Miami Grand Prix,2023-05-07,miami
14,3,3,15,2,57,Finished,alonso,14,ALO,http://en.wikipedia.org/wiki/Fernando_Alonso,Fernando,Alonso,1981-07-29,Spanish,aston_martin,https://en.wikipedia.org/wiki/Aston_Martin_in_Formula_One,Aston Martin,British,5284546,+26.305,2,57,1:30.519,kph,215.238,2023,5,Miami Grand Prix,2023-05-07,miami
63,4,4,12,6,57,Finished,russell,63,RUS,http://en.wikipedia.org/wiki/George_Russell_(racing_driver),George,Russell,1998-02-15,British,mercedes,https://en.wikipedia.org/wiki/Mercedes-Benz_in_Formula_One,Mercedes,German,5291470,+33.229,7,57,1:31.015,kph,214.065,2023,5,Miami Grand Prix,2023-05-07,miami
55,5,5,10,3,57,Finished,sainz,55,SAI,http://en.wikipedia.org/wiki/Carlos_Sainz_Jr.,Carlos,Sainz,1994-09-01,Spanish,ferrari,https://en.wikipedia.org/wiki/Scuderia_Ferrari,Ferrari,Italian,5300752,+42.511,10,55,1:31.362,kph,213.252,2023,5,Miami Grand Prix,2023-05-07,miami
44,6,6,8,13,57,Finished,hamilton,44,HAM,http://en.wikipedia.org/wiki/Lewis_Hamilton,Lewis,Hamilton,1985-01-07,British,mercedes,https://en.wikipedia.org/wiki/Mercedes-Benz_in_Formula_One,Mercedes,German,5309490,+51.249,4,57,1:30.669,kph,214.882,2023,5,Miami Grand Prix,2023-05-07,miami
16,7,7,6,7,57,Finished,leclerc,16,LEC,http://en.wikipedia.org/wiki/Charles_Leclerc,Charles,Leclerc,1997-10-16,Monegasque,ferrari,https://en.wikipedia.org/wiki/Scuderia_Ferrari,Ferrari,Italian,5311229,+52.988,11,57,1:31.434,kph,213.084,2023,5,Miami Grand Prix,2023-05-07,miami
10,8,8,4,5,57,Finished,gasly,10,GAS,http://en.wikipedia.org/wiki/Pierre_Gasly,Pierre,Gasly,1996-02-07,French,alpine,https://en.wikipedia.org/wiki/Alpine_F1_Team,Alpine F1 Team,French,5313911,+55.670,17,55,1:31.971,kph,211.840,2023,5,Miami Grand Prix,2023-05-07,miami
31,9,9,2,8,57,Finished,ocon,31,OCO,http://en.wikipedia.org/wiki/Esteban_Ocon,Esteban,Ocon,1996-09-17,French,alpine,https://en.wikipedia.org/wiki/Alpine_F1_Team,Alpine F1 Team,French,5316364,+58.123,9,56,1:31.143,kph,213.765,2023,5,Miami Grand Prix,2023-05-07,miami
20,10,10,1,4,57,Finished,kevin_magnussen,20,MAG,http://en.wikipedia.org/wiki/Kevin_Magnussen,Kevin,Magnussen,1992-10-05,Danish,haas,https://en.wikipedia.org/wiki/Haas_F1_Team,Haas F1 Team,American,5321186,+1:02.945,13,53,1:31.691,kph,212.487,2023,5,Miami Grand Prix,2023-05-07,miami
22,11,11,0,17,57,Finished,tsunoda,22,TSU,http://en.wikipedia.org/wiki/Yuki_Tsunoda,Yuki,Tsunoda,2000-05-11,Japanese,alphatauri,https://en.wikipedia.org/wiki/Scuderia_AlphaTauri,AlphaTauri,Italian,5322550,+1:04.309,8,56,1:31.038,kph,214.011,2023,5,Miami Grand Prix,2023-05-07,miami
18,12,12,0,18,57,Finished,stroll,18,STR,http://en.wikipedia.org/wiki/Lance_Stroll,Lance,Stroll,1998-10-29,Canadian,aston_martin,https://en.wikipedia.org/wiki/Aston_Martin_in_Formula_One,Aston Martin,British,5322995,+1:04.754,5,44,1:30.862,kph,214.426,2023,5,Miami Grand Prix,2023-05-07,miami
77,13,13,0,10,57,Finished,bottas,77,BOT,http://en.wikipedia.org/wiki/Valtteri_Bottas,Valtteri,Bottas,1989-08-28,Finnish,alfa,https://en.wikipedia.org/wiki/Alfa_Romeo_in_Formula_One,Alfa Romeo,Swiss,5329878,+1:11.637,15,56,1:31.838,kph,212.147,2023,5,Miami Grand Prix,2023-05-07,miami
23,14,14,0,11,57,Finished,albon,23,ALB,http://en.wikipedia.org/wiki/Alexander_Albon,Alexander,Albon,1996-03-23,Thai,williams,https://en.wikipedia.org/wiki/Williams_Racing,Williams,British,5331102,+1:12.861,16,55,1:31.852,kph,212.115,2023,5,Miami Grand Prix,2023-05-07,miami
27,15,15,0,12,57,Finished,hulkenberg,27,HUL,http://en.wikipedia.org/wiki/Nico_H%C3%BClkenberg,Nico,Hülkenberg,1987-08-19,German,haas,https://en.wikipedia.org/wiki/Haas_F1_Team,Haas F1 Team,American,5333191,+1:14.950,6,36,1:30.901,kph,214.334,2023,5,Miami Grand Prix,2023-05-07,miami
24,16,16,0,14,57,Finished,zhou,24,ZHO,http://en.wikipedia.org/wiki/Zhou_Guanyu,Guanyu,Zhou,1999-05-30,Chinese,alfa,https://en.wikipedia.org/wiki/Alfa_Romeo_in_Formula_One,Alfa Romeo,Swiss,5336681,+1:18.440,14,56,1:31.736,kph,212.383,2023,5,Miami Grand Prix,2023-05-07,miami
4,17,17,0,16,57,Finished,norris,1,NOR,http://en.wikipedia.org/wiki/Lando_Norris,Lando,Norris,1999-11-13,British,mclaren,https://en.wikipedia.org/wiki/McLaren,McLaren,British,5345958,+1:27.717,20,47,1:32.401,kph,210.854,2023,5,Miami Grand Prix,2023-05-07,miami
21,18,18,0,15,57,Finished,de_vries,21,DEV,http://en.wikipedia.org/wiki/Nyck_de_Vries,Nyck,de Vries,1995-02-06,Dutch,alphatauri,https://en.wikipedia.org/wiki/Scuderia_AlphaTauri,AlphaTauri,Italian,5347190,+1:28.949,12,57,1:31.562,kph,212.786,2023,5,Miami Grand Prix,2023-05-07,miami
81,19,19,0,19,56,Lapped,piastri,81,PIA,http://en.wikipedia.org/wiki/Oscar_Piastri,Oscar,Piastri,2001-04-06,Australian,mclaren,https://en.wikipedia.org/wiki/McLaren,McLaren,British,5278751,+20.510,18,56,1:32.006,kph,211.760,2023,5,Miami Grand Prix,2023-05-07,miami
2,20,20,0,20,56,Lapped,sargeant,2,SAR,http://en.wikipedia.org/wiki/Logan_Sargeant,Logan,Sargeant,2000-12-31,American,williams,https://en.wikipedia.org/wiki/Williams_Racing,Williams,British,5292629,+34.388,19,50,1:32.384,kph,210.893,2023,5,Miami Grand Prix,2023-05-07,miami
1,1,1,26,1,57,Finished,max_verstappen,3,VER,http://en.wikipedia.org/wiki/Max_Verstappen,Max,Verstappen,1997-09-30,Dutch,red_bull,https://en.wikipedia.org/wiki/Red_Bull_Racing,Red Bull,Austrian,5504742,1:31:44.742,1,39,1:32.608,kph,210.383,2024,1,Bahrain Grand Prix,2024-03-02,bahrain
11,2,2,18,5,57,Finished,perez,11,PER,http://en.wikipedia.org/wiki/Sergio_P%C3%A9rez,Sergio,Pérez,1990-01-26,Mexican,red_bull,https://en.wikipedia.org/wiki/Red_Bull_Racing,Red Bull,Austrian,5527199,+22.457,4,40,1:34.364,kph,206.468,2024,1,Bahrain Grand Prix,2024-03-02,bahrain
55,3,3,15,4,57,Finished,sainz,55,SAI,http://en.wikipedia.org/wiki/Carlos_Sainz_Jr.,Carlos,Sainz,1994-09-01,Spanish,ferrari,https://en.wikipedia.org/wiki/Scuderia_Ferrari,Ferrari,Italian,5529852,+25.110,6,44,1:34.507,kph,206.156,2024,1,Bahrain Grand Prix,2024-03-02,bahrain
16,4,4,12,2,57,Finished,leclerc,16,LEC,http://en.wikipedia.org/wiki/Charles_Leclerc,Charles,Leclerc,1997-10-16,Monegasque,ferrari,https://en.wikipedia.org/wiki/Scuderia_Ferrari,Ferrari,Italian,5544411,+39.669,2,36,1:34.090,kph,207.069,2024,1,Bahrain Grand Prix,2024-03-02,bahrain
63,5,5,10,3,57,Finished,russell,63,RUS,http://en.wikipedia.org/wiki/George_Russell_(racing_driver),George,Russell,1998-02-15,British,mercedes,https://en.wikipedia.org/wiki/Mercedes-Benz_in_Formula_One,Mercedes,German,5551530,+46.788,12,40,1:35.065,kph,204.946,2024,1,Bahrain Grand Prix,2024-03-02,bahrain
4,6,6,8,7,57,Finished,norris,1,NOR,http://en.wikipedia.org/wiki/Lando_Norris,Lando,Norris,1999-11-13,British,mclaren,https://en.wikipedia.org/wiki/McLaren,McLaren,British,5553200,+48.458,5,35,1:34.476,,,2024,1,Bahrain Grand Prix,2024-03-02,bahrain
44,7,7,6,9,57,Finished,hamilton,44,HAM,http://en.wikipedia.org/wiki/Lewis_Hamilton,Lewis,Hamilton,1985-01-07,British,mercedes,https://en.wikipedia.org/wiki/Mercedes-Benz_in_Formula_One,Mercedes,German,5555066,+50.324,7,39,1:34.722,kph,205.688,2024,1,Bahrain Grand Prix,2024-03-02,bahrain
81,8,8,4,8,57,Finished,piastri,81,PIA,http://en.wikipedia.org/wiki/Oscar_Piastri,Oscar,Piastri,2001-04-06,Australian,mclaren,https://en.wikipedia.org/wiki/McLaren,McLaren,British,5560824,+56.082,11,39,1:34.983,,,2024,1,Bahrain Grand Prix,2024-03-02,bahrain
14,9,9,2,6,57,Finished,alonso,14,ALO,http://en.wikipedia.org/wiki/Fernando_Alonso,Fernando,Alonso,1981-07-29,Spanish,aston_martin,https://en.wikipedia.org/wiki/Aston_Martin_in_Formula_One,Aston Martin,British,5579629,+1:14.887,3,48,1:34.199,kph,206.830,2024,1,Bahrain Grand Prix,2024-03-02,bahrain
18,10,10,1,12,57,Finished,stroll,18,STR,http://en.wikipedia.org/wiki/Lance_Stroll,Lance,Stroll,1998-10-29,Canadian,aston_martin,https://en.wikipedia.org/wiki/Aston_Martin_in_Formula_One,Aston Martin,British,5597958,+1:33.216,16,30,1:35.632,kph,203.730,2024,1,Bahrain Grand Prix,2024-03-02,bahrain
24,11,11,0,17,56,Lapped,zhou,24,ZHO,http://en.wikipedia.org/wiki/Zhou_Guanyu,Guanyu,Zhou,1999-05-30,Chinese,sauber,https://en.wikipedia.org/wiki/Sauber_Motorsport,Sauber,Swiss,5511501,+6.759,14,30,1:35.458,kph,204.102,2024,1,Bahrain Grand Prix,2024-03-02,bahrain
20,12,12,0,15,56,Lapped,kevin_magnussen,20,MAG,http://en.wikipedia.org/wiki/Kevin_Magnussen,Kevin,Magnussen,1992-10-05,Danish,haas,https://en.wikipedia.org/wiki/Haas_F1_Team,Haas F1 Team,American,5513058,+8.316,15,34,1:35.570,kph,203.863,2024,1,Bahrain Grand Prix,2024-03-02,bahrain
3,13,13,0,14,56,Lapped,ricciardo,3,RIC,http://en.wikipedia.org/wiki/Daniel_Ricciardo,Daniel,Ricciardo,1989-07-01,Australian,rb,https://en.wikipedia.org/wiki/Racing_Bulls,RB F1 Team,Italian,5513700,+8.958,13,37,1:35.163,kph,204.735,2024,1,Bahrain Grand Prix,2024-03-02,bahrain
22,14,14,0,11,56,Lapped,tsunoda,22,TSU,http://en.wikipedia.org/wiki/Yuki_Tsunoda,Yuki,Tsunoda,2000-05-11,Japanese,rb,https://en.wikipedia.org/wiki/Racing_Bulls,RB F1 Team,Italian,5514224,+9.482,18,37,1:35.833,kph,203.303,2024,1,Bahrain Grand Prix,2024-03-02,bahrain
23,15,15,0,13,56,Lapped,albon,23,ALB,http://en.wikipedia.org/wiki/Alexander_Albon,Alexander,Albon,1996-03-23,Thai,williams,https://en.wikipedia.org/wiki/Williams_Racing,Williams,British,5516628,+11.886,17,40,1:35.723,kph,203.537,2024,1,Bahrain Grand Prix,2024-03-02,bahrain
27,16,16,0,10,56,Lapped,hulkenberg,27,HUL,http://en.wikipedia.org/wiki/Nico_H%C3%BClkenberg,Nico,Hülkenberg,1987-08-19,German,haas,https://en.wikipedia.org/wiki/Haas_F1_Team,Haas F1 Team,American,5522374,+17.632,10,46,1:34.834,kph,205.445,2024,1,Bahrain Grand Prix,2024-03-02,bahrain
31,17,17,0,19,56,Lapped,ocon,31,OCO,http://en.wikipedia.org/wiki/Esteban_Ocon,Esteban,Ocon,1996-09-17,French,alpine,https://en.wikipedia.org/wiki/Alpine_F1_Team,Alpine F1 Team,French,5536192,+31.450,20,34,1:36.226,kph,202.473,2024,1,Bahrain Grand Prix,2024-03-02,bahrain
10,18,18,0,20,56,Lapped,gasly,10,GAS,http://en.wikipedia.org/wiki/Pierre_Gasly,Pierre,Gasly,1996-02-07,French,alpine,https://en.wikipedia.org/wiki/Alpine_F1_Team,Alpine F1 Team,French,5537159,+32.417,9,45,1:34.805,kph,205.508,2024,1,Bahrain Grand Prix,2024-03-02,bahrain
77,19,19,0,16,56,Lapped,bottas,77,BOT,http://en.wikipedia.org/wiki/Valtteri_Bottas,Valtteri,Bottas,1989-08-28,Finnish,sauber,https://en.wikipedia.org/wiki/Sauber_Motorsport,Sauber,Swiss,5587972,+1:23.230,19,33,1:36.202,kph,202.523,2024,1,Bahrain Grand Prix,2024-03-02,bahrain
2,20,20,0,18,55,Lapped,sargeant,2,SAR,http://en.wikipedia.org/wiki/Logan_Sargeant,Logan,Sargeant,2000-12-31,American,williams,https://en.wikipedia.org/wiki/Williams_Racing,Williams,British,5525537,+20.795,8,42,1:34.735,kph,205.659,2024,1,Bahrain Grand Prix,2024-03-02,bahrain
1,1,1,25,1,50,Finished,max_verstappen,3,VER,http://en.wikipedia.org/wiki/Max_Verstappen,Max,Verstappen,1997-09-30,Dutch,red_bull,https://en.wikipedia.org/wiki/Red_Bull_Racing,Red Bull,Austrian,4843273,1:20:43.273,3,50,1:31.773,kph,242.188,2024,2,Saudi Arabian Grand Prix,2024-03-09,jeddah
11,2,2,18,3,50,Finished,perez,11,PER,http://en.wikipedia.org/wiki/Sergio_P%C3%A9rez,Sergio,Pérez,1990-01-26,Mexican,red_bull,https://en.wikipedia.org/wiki/Red_Bull_Racing,Red Bull,Austrian,4856916,+13.643,8,37,1:32.273,kph,240.876,2024,2,Saudi Arabian Grand Prix,2024-03-09,jeddah
16,3,3,16,2,50,Finished,leclerc,16,LEC,http://en.wikipedia.org/wiki/Charles_Leclerc,Charles,Leclerc,1997-10-16,Monegasque,ferrari,https://en.wikipedia.org/wiki/Scuderia_Ferrari,Ferrari,Italian,4861912,+18.639,1,50,1:31.632,kph,242.561,2024,2,Saudi Arabian Grand Prix,2024-03-09,jeddah
81,4,4,12,5,50,Finished,piastri,81,PIA,http://en.wikipedia.org/wiki/Oscar_Piastri,Oscar,Piastri,2001-04-06,Australian,mclaren,https://en.wikipedia.org/wiki/McLaren,McLaren,British,4875280,+32.007,10,45,1:32.310,,,2024,2,Saudi Arabian Grand Prix,2024-03-09,jeddah
14,5,5,10,4,50,Finished,alonso,14,ALO,http://en.wikipedia.org/wiki/Fernando_Alonso,Fernando,Alonso,1981-07-29,Spanish,aston_martin,https://en.wikipedia.org/wiki/Aston_Martin_in_Formula_One,Aston Martin,British,4879032,+35.759,13,43,1:32.387,kph,240.579,2024,2,Saudi Arabian Grand Prix,2024-03-09,jeddah
63,6,6,8,7,50,Finished,russell,63,RUS,http://en.wikipedia.org/wiki/George_Russell_(racing_driver),George,Russell,1998-02-15,British,mercedes,https://en.wikipedia.org/wiki/Mercedes-Benz_in_Formula_One,Mercedes,German,4883209,+39.936,7,42,1:32.254,kph,240.926,2024,2,Saudi Arabian Grand Prix,2024-03-09,jeddah
38,7,7,6,11,50,Finished,bearman,87,BEA,http://en.wikipedia.org/wiki/Oliver_Bearman,Oliver,Bearman,2005-05-08,British,ferrari,https://en.wikipedia.org/wiki/Scuderia_Ferrari,Ferrari,Italian,4885952,+42.679,5,50,1:32.186,kph,241.103,2024,2,Saudi Arabian Grand Prix,2024-03-09,jeddah
4,8,8,4,6,50,Finished,norris,1,NOR,http://en.wikipedia.org/wiki/Lando_Norris,Lando,Norris,1999-11-13,British,mclaren,https://en.wikipedia.org/wiki/McLaren,McLaren,British,4888981,+45.708,4,40,1:31.944,,,2024,2,Saudi Arabian Grand Prix,2024-03-09,jeddah
44,9,9,2,8,50,Finished,hamilton,44,HAM,http://en.wikipedia.org/wiki/Lewis_Hamilton,Lewis,Hamilton,1985-01-07,British,mercedes,https://en.wikipedia.org/wiki/Mercedes-Benz_in_Formula_One,Mercedes,German,4890664,+47.391,2,38,1:31.746,kph,242.260,2024,2,Saudi Arabian Grand Prix,2024-03-09,jeddah
27,10,10,1,15,50,Finished,hulkenberg,27,HUL,http://en.wikipedia.org/wiki/Nico_H%C3%BClkenberg,Nico,Hülkenberg,1987-08-19,German,haas,https://en.wikipedia.org/wiki/Haas_F1_Team,Haas F1 Team,American,4920269,+1:16.996,12,49,1:32.366,kph,240.633,2024,2,Saudi Arabian Grand Prix,2024-03-09,jeddah
23,11,11,0,12,50,Finished,albon,23,ALB,http://en.wikipedia.org/wiki/Alexander_Albon,Alexander,Albon,1996-03-23,Thai,williams,https://en.wikipedia.org/wiki/Williams_Racing,Williams,British,4931627,+1:28.354,9,50,1:32.307,kph,240.787,2024,2,Saudi Arabian Grand Prix,2024-03-09,jeddah
20,12,12,0,13,50,Finished,kevin_magnussen,20,MAG,http://en.wikipedia.org/wiki/Kevin_Magnussen,Kevin,Magnussen,1992-10-05,Danish,haas,https://en.wikipedia.org/wiki/Haas_F1_Team,Haas F1 Team,American,4949010,+1:45.737,11,47,1:32.338,kph,240.706,2024,2,Saudi Arabian Grand Prix,2024-03-09,jeddah
31,13,13,0,17,49,Lapped,ocon,31,OCO,http://en.wikipedia.org/wiki/Esteban_Ocon,Esteban,Ocon,1996-09-17,French,alpine,https://en.wikipedia.org/wiki/Alpine_F1_Team,Alpine F1 Team,French,4847274,+4.001,17,48,1:33.481,kph,237.763,2024,2,Saudi Arabian Grand Prix,2024-03-09,jeddah
2,14,14,0,19,49,Lapped,sargeant,2,SAR,http://en.wikipedia.org/wiki/Logan_Sargeant,Logan,Sargeant,2000-12-31,American,williams,https://en.wikipedia.org/wiki/Williams_Racing,Williams,British,4850058,+6.785,15,49,1:33.026,,,2024,2,Saudi Arabian Grand Prix,2024-03-09,jeddah
22,15,15,0,9,49,Lapped,tsunoda,22,TSU,http://en.wikipedia.org/wiki/Yuki_Tsunoda,Yuki,Tsunoda,2000-05-11,Japanese,rb,https://en.wikipedia.org/wiki/Racing_Bulls,RB F1 Team,Italian,4853806,+10.533,18,44,1:33.523,,,2024,2,Saudi Arabian Grand Prix,2024-03-09,jeddah
3,16,16,0,14,49,Lapped,ricciardo,3,RIC,http://en.wikipedia.org/wiki/Daniel_Ricciardo,Daniel,Ricciardo,1989-07-01,Australian,rb,https://en.wikipedia.org/wiki/Racing_Bulls,RB F1 Team,Italian,4863988,+20.715,16,47,1:33.323,kph,238.166,2024,2,Saudi Arabian Grand Prix,2024-03-09,jeddah
77,17,17,0,16,49,Lapped,bottas,77,BOT,http://en.wikipedia.org/wiki/Valtteri_Bottas,Valtteri,Bottas,1989-08-28,Finnish,sauber,https://en.wikipedia.org/wiki/Sauber_Motorsport,Sauber,Swiss,4866388,+23.115,14,49,1:32.706,kph,239.751,2024,2,Saudi Arabian Grand Prix,2024-03-09,jeddah
24,18,18,0,20,49,Lapped,zhou,24,ZHO,http://en.wikipedia.org/wiki/Zhou_Guanyu,Guanyu,Zhou,1999-05-30,Chinese,sauber,https://en.wikipedia.org/wiki/Sauber_Motorsport,Sauber,Swiss,4872826,+29.553,6,49,1:32.208,kph,241.046,2024,2,Saudi Arabian Grand Prix,2024-03-09,jeddah
18,19,R,0,10,5,Retired,stroll,18,STR,http://en.wikipedia.org/wiki/Lance_Stroll,Lance,Stroll,1998-10-29,Canadian,aston_martin,https://en.wikipedia.org/wiki/Aston_Martin_in_Formula_One,Aston Martin,British,,,19,5,1:35.560,kph,232.591,2024,2,Saudi Arabian Grand Prix,2024-03-09,jeddah
10,20,R,0,18,1,Retired,gasly,10,GAS,http://en.wikipedia.org/wiki/Pierre_Gasly,Pierre,Gasly,1996-02-07,French,alpine,https://en.wikipedia.org/wiki/Alpine_F1_Team,Alpine F1 Team,French,,,,,,,,2024,2,Saudi Arabian Grand Prix,2024-03-09,jeddah
55,1,1,25,2,58,Finished,sainz,55,SAI,http://en.wikipedia.org/wiki/Carlos_Sainz_Jr.,Carlos,Sainz,1994-09-01,Spanish,ferrari,https://en.wikipedia.org/wiki/Scuderia_Ferrari,Ferrari,Italian,4826843,1:20:26.843,3,48,1:20.031,kph,237.418,2024,3,Australian Grand Prix,2024-03-24,albert_park
16,2,2,19,4,58,Finished,leclerc,16,LEC,http://en.wikipedia.org/wiki/Charles_Leclerc,Charles,Leclerc,1997-10-16,Monegasque,ferrari,https://en.wikipedia.org/wiki/Scuderia_Ferrari,Ferrari,Italian,4829209,+2.366,1,56,1:19.813,kph,238.066,2024,3,Australian Grand Prix,2024-03-24,albert_park
4,3,3,15,3,58,Finished,norris,1,NOR,http://en.wikipedia.org/wiki/Lando_Norris,Lando,Norris,1999-11-13,British,mclaren,https://en.wikipedia.org/wiki/McLaren,McLaren,British,4832747,+5.904,2,49,1:19.915,,,2024,3,Australian Grand Prix,2024-03-24,albert_park
81,4,4,12,5,58,Finished,piastri,81,PIA,http://en.wikipedia.org/wiki/Oscar_Piastri,Oscar,Piastri,2001-04-06,Australian,mclaren,https://en.wikipedia.org/wiki/McLaren,McLaren,British,4862613,+35.770,4,54,1:20.199,,,2024,3,Australian Grand Prix,2024-03-24,albert_park
11,5,5,10,6,58,Finished,perez,11,PER,http://en.wikipedia.org/wiki/Sergio_P%C3%A9rez,Sergio,Pérez,1990-01-26,Mexican,red_bull,https://en.wikipedia.org/wiki/Red_Bull_Racing,Red Bull,Austrian,4883152,+56.309,6,47,1:20.388,kph,236.363,2024,3,Australian Grand Prix,2024-03-24,albert_park
18,6,6,8,9,58,Finished,stroll,18,STR,http://en.wikipedia.org/wiki/Lance_Stroll,Lance,Stroll,1998-10-29,Canadian,aston_martin,https://en.wikipedia.org/wiki/Aston_Martin_in_Formula_One,Aston Martin,British,4920065,+1:33.222,8,49,1:20.930,kph,234.780,2024,3,Australian Grand Prix,2024-03-24,albert_park
22,7,7,6,8,58,Finished,tsunoda,22,TSU,http://en.wikipedia.org/wiki/Yuki_Tsunoda,Yuki,Tsunoda,2000-05-11,Japanese,rb,https://en.wikipedia.org/wiki/Racing_Bulls,RB F1 Team,Italian,4922444,+1:35.601,11,46,1:21.134,kph,234.190,2024,3,Australian Grand Prix,2024-03-24,albert_park
14,8,8,4,10,58,Finished,alonso,14,ALO,http://en.wikipedia.org/wiki/Fernando_Alonso,Fernando,Alonso,1981-07-29,Spanish,aston_martin,https://en.wikipedia.org/wiki/Aston_Martin_in_Formula_One,Aston Martin,British,4927835,+1:40.992,7,52,1:20.493,kph,236.055,2024,3,Australian Grand Prix,2024-03-24,albert_park
27,9,9,2,16,58,Finished,hulkenberg,27,HUL,http://en.wikipedia.org/wiki/Nico_H%C3%BClkenberg,Nico,Hülkenberg,1987-08-19,German,haas,https://en.wikipedia.org/wiki/Haas_F1_Team,Haas F1 Team,American,4931396,+1:44.553,12,46,1:21.145,kph,234.158,2024,3,Australian Grand Prix,2024-03-24,albert_park
20,10,10,1,14,57,Lapped,kevin_magnussen,20,MAG,http://en.wikipedia.org/wiki/Kevin_Magnussen,Kevin,Magnussen,1992-10-05,Danish,haas,https://en.wikipedia.org/wiki/Haas_F1_Team,Haas F1 Team,American,4830924,+4.081,9,44,1:21.082,kph,234.340,2024,3,Australian Grand Prix,2024-03-24,albert_park
23,11,11,0,12,57,Lapped,albon,23,ALB,http://en.wikipedia.org/wiki/Alexander_Albon,Alexander,Albon,1996-03-23,Thai,williams,https://en.wikipedia.org/wiki/Williams_Racing,Williams,British,4831852,+5.009,17,46,1:21.618,kph,232.801,2024,3,Australian Grand Prix,2024-03-24,albert_park
3,12,12,0,18,57,Lapped,ricciardo,3,RIC,http://en.wikipedia.org/wiki/Daniel_Ricciardo,Daniel,Ricciardo,1989-07-01,Australian,rb,https://en.wikipedia.org/wiki/Racing_Bulls,RB F1 Team,Italian,4838351,+11.508,13,46,1:21.239,kph,233.887,2024,3,Australian Grand Prix,2024-03-24,albert_park
10,13,13,0,17,57,Lapped,gasly,10,GAS,http://en.wikipedia.org/wiki/Pierre_Gasly,Pierre,Gasly,1996-02-07,French,alpine,https://en.wikipedia.org/wiki/Alpine_F1_Team,Alpine F1 Team,French,4867796,+40.953,10,51,1:21.090,kph,234.317,2024,3,Australian Grand Prix,2024-03-24,albert_park
77,14,14,0,13,57,Lapped,bottas,77,BOT,http://en.wikipedia.org/wiki/Valtteri_Bottas,Valtteri,Bottas,1989-08-28,Finnish,sauber,https://en.wikipedia.org/wiki/Sauber_Motorsport,Sauber,Swiss,4869169,+42.326,16,48,1:21.422,kph,233.361,2024,3,Australian Grand Prix,2024-03-24,albert_park
24,15,15,0,19,57,Lapped,zhou,24,ZHO,http://en.wikipedia.org/wiki/Zhou_Guanyu,Guanyu,Zhou,1999-05-30,Chinese,sauber,https://en.wikipedia.org/wiki/Sauber_Motorsport,Sauber,Swiss,4871136,+44.293,14,49,1:21.327,kph,233.634,2024,3,Australian Grand Prix,2024-03-24,albert_park
31,16,16,0,15,57,Lapped,ocon,31,OCO,http://en.wikipedia.org/wiki/Esteban_Ocon,Esteban,Ocon,1996-09-17,French,alpine,https://en.wikipedia.org/wiki/Alpine_F1_Team,Alpine F1 Team,French,4880822,+53.979,15,45,1:21.354,kph,233.557,2024,3,Australian Grand Prix,2024-03-24,albert_park
63,17,17,0,7,56,Retired,russell,63,RUS,http://en.wikipedia.org/wiki/George_Russell_(racing_driver),George,Russell,1998-02-15,British,mercedes,https://en.wikipedia.org/wiki/Mercedes-Benz_in_Formula_One,Mercedes,German,4684734,,5,53,1:20.284,kph,236.669,2024,3,Australian Grand Prix,2024-03-24,albert_park
44,18,R,0,11,15,Retired,hamilton,44,HAM,http://en.wikipedia.org/wiki/Lewis_Hamilton,Lewis,Hamilton,1985-01-07,British,mercedes,https://en.wikipedia.org/wiki/Mercedes-Benz_in_Formula_One,Mercedes,German,,,18,11,1:22.444,kph,230.469,2024,3,Australian Grand Prix,2024-03-24,albert_park
1,19,R,0,1,3,Retired,max_verstappen,3,VER,http://en.wikipedia.org/wiki/Max_Verstappen,Max,Verstappen,1997-09-30,Dutch,red_bull,https://en.wikipedia.org/wiki/Red_Bull_Racing,Red Bull,Austrian,,,19,3,1:23.115,kph,228.608,2024,3,Australian Grand Prix,2024-03-24,albert_park
1,1,1,26,1,53,Finished,max_verstappen,3,VER,http://en.wikipedia.org/wiki/Max_Verstappen,Max,Verstappen,1997-09-30,Dutch,red_bull,https://en.wikipedia.org/wiki/Red_Bull_Racing,Red Bull,Austrian,6863566,1:54:23.566,1,50,1:33.706,kph,223.093,2024,4,Japanese Grand Prix,2024-04-07,suzuka
11,2,2,18,2,53,Finished,perez,11,PER,http://en.wikipedia.org/wiki/Sergio_P%C3%A9rez,Sergio,Pérez,1990-01-26,Mexican,red_bull,https://en.wikipedia.org/wiki/Red_Bull_Racing,Red Bull,Austrian,6876101,+12.535,3,35,1:33.945,kph,222.525,2024,4,Japanese Grand Prix,2024-04-07,suzuka
55,3,3,15,4,53,Finished,sainz,55,SAI,http://en.wikipedia.org/wiki/Carlos_Sainz_Jr.,Carlos,Sainz,1994-09-01,Spanish,ferrari,https://en.wikipedia.org/wiki/Scuderia_Ferrari,Ferrari,Italian,6884432,+20.866,2,46,1:33.841,kph,222.772,2024,4,Japanese Grand Prix,2024-04-07,suzuka
16,4,4,12,8,53,Finished,leclerc,16,LEC,http://en.wikipedia.org/wiki/Charles_Leclerc,Charles,Leclerc,1997-10-16,Monegasque,ferrari,https://en.wikipedia.org/wiki/Scuderia_Ferrari,Ferrari,Italian,6890088,+26.522,9,53,1:35.044,kph,219.952,2024,4,Japanese Grand Prix,2024-04-07,suzuka
4,5,5,10,3,53,Finished,norris,1,NOR,http://en.wikipedia.org/wiki/Lando_Norris,Lando,Norris,1999-11-13,British,mclaren,https://en.wikipedia.org/wiki/McLaren,McLaren,British,6893266,+29.700,10,51,1:35.186,,,2024,4,Japanese Grand Prix,2024-04-07,suzuka
14,6,6,8,5,53,Finished,alonso,14,ALO,http://en.wikipedia.org/wiki/Fernando_Alonso,Fernando,Alonso,1981-07-29,Spanish,aston_martin,https://en.wikipedia.org/wiki/Aston_Martin_in_Formula_One,Aston Martin,British,6907838,+44.272,6,53,1:34.726,kph,220.691,2024,4,Japanese Grand Prix,2024-04-07,suzuka
63,7,7,6,9,53,Finished,russell,63,RUS,http://en.wikipedia.org/wiki/George_Russell_(racing_driver),George,Russell,1998-02-15,British,mercedes,https://en.wikipedia.org/wiki/Mercedes-Benz_in_Formula_One,Mercedes,German,6909517,+45.951,5,39,1:34.404,kph,221.444,2024,4,Japanese Grand Prix,2024-04-07,suzuka
81,8,8,4,6,53,Finished,piastri,81,PIA,http://en.wikipedia.org/wiki/Oscar_Piastri,Oscar,Piastri,2001-04-06,Australian,mclaren,https://en.wikipedia.org/wiki/McLaren,McLaren,British,6911091,+47.525,7,35,1:34.802,,,2024,4,Japanese Grand Prix,2024-04-07,suzuka
44,9,9,2,7,53,Finished,hamilton,44,HAM,http://en.wikipedia.org/wiki/Lewis_Hamilton,Lewis,Hamilton,1985-01-07,British,mercedes,https://en.wikipedia.org/wiki/Mercedes-Benz_in_Formula_One,Mercedes,German,6912192,+48.626,4,41,1:33.952,kph,222.509,2024,4,Japanese Grand Prix,2024-04-07,suzuka
22,10,10,1,10,52,Lapped,tsunoda,22,TSU,http://en.wikipedia.org/wiki/Yuki_Tsunoda,Yuki,Tsunoda,2000-05-11,Japanese,rb,https://en.wikipedia.org/wiki/Racing_Bulls,RB F1 Team,Italian,6865168,+1.602,14,51,1:36.342,kph,216.989,2024,4,Japanese Grand Prix,2024-04-07,suzuka
27,11,11,0,12,52,Lapped,hulkenberg,27,HUL,http://en.wikipedia.org/wiki/Nico_H%C3%BClkenberg,Nico,Hülkenberg,1987-08-19,German,haas,https://en.wikipedia.org/wiki/Haas_F1_Team,Haas F1 Team,American,6870734,+7.168,11,52,1:35.325,kph,219.304,2024,4,Japanese Grand Prix,2024-04-07,suzuka
18,12,12,0,16,52,Lapped,stroll,18,STR,http://en.wikipedia.org/wiki/Lance_Stroll,Lance,Stroll,1998-10-29,Canadian,aston_martin,https://en.wikipedia.org/wiki/Aston_Martin_in_Formula_One,Aston Martin,British,6874799,+11.233,12,41,1:35.798,kph,218.221,2024,4,Japanese Grand Prix,2024-04-07,suzuka
20,13,13,0,18,52,Lapped,kevin_magnussen,20,MAG,http://en.wikipedia.org/wiki/Kevin_Magnussen,Kevin,Magnussen,1992-10-05,Danish,haas,https://en.wikipedia.org/wiki/Haas_F1_Team,Haas F1 Team,American,6881485,+17.919,17,24,1:36.654,kph,216.289,2024,4,Japanese Grand Prix,2024-04-07,suzuka
77,14,14,0,13,52,Lapped,bottas,77,BOT,http://en.wikipedia.org/wiki/Valtteri_Bottas,Valtteri,Bottas,1989-08-28,Finnish,sauber,https://en.wikipedia.org/wiki/Sauber_Motorsport,Sauber,Swiss,6882459,+18.893,15,25,1:36.608,kph,216.392,2024,4,Japanese Grand Prix,2024-04-07,suzuka
31,15,15,0,15,52,Lapped,ocon,31,OCO,http://en.wikipedia.org/wiki/Esteban_Ocon,Esteban,Ocon,1996-09-17,French,alpine,https://en.wikipedia.org/wiki/Alpine_F1_Team,Alpine F1 Team,French,6904718,+41.152,13,52,1:36.232,kph,217.237,2024,4,Japanese Grand Prix,2024-04-07,suzuka
10,16,16,0,17,52,Lapped,gasly,10,GAS,http://en.wikipedia.org/wiki/Pierre_Gasly,Pierre,Gasly,1996-02-07,French,alpine,https://en.wikipedia.org/wiki/Alpine_F1_Team,Alpine F1 Team,French,6918632,+55.066,16,48,1:36.642,kph,216.315,2024,4,Japanese Grand Prix,2024-04-07,suzuka
2,17,17,0,19,52,Lapped,sargeant,2,SAR,http://en.wikipedia.org/wiki/Logan_Sargeant,Logan,Sargeant,2000-12-31,American,williams,https://en.wikipedia.org/wiki/Williams_Racing,Williams,British,6936331,+1:12.765,8,43,1:34.900,kph,220.286,2024,4,Japanese Grand Prix,2024-04-07,suzuka
24,18,R,0,20,12,Retired,zhou,24,ZHO,http://en.wikipedia.org/wiki/Zhou_Guanyu,Guanyu,Zhou,1999-05-30,Chinese,sauber,https://en.wikipedia.org/wiki/Sauber_Motorsport,Sauber,Swiss,,,18,9,1:37.160,kph,215.162,2024,4,Japanese Grand Prix,2024-04-07,suzuka
3,19,R,0,11,0,Retired,ricciardo,3,RIC,http://en.wikipedia.org/wiki/Daniel_Ricciardo,Daniel,Ricciardo,1989-07-01,Australian,rb,https://en.wikipedia.org/wiki/Racing_Bulls,RB F1 Team,Italian,,,,,,,,2024,4,Japanese Grand Prix,2024-04-07,suzuka
23,20,R,0,14,0,Retired,albon,23,ALB,http://en.wikipedia.org/wiki/Alexander_Albon,Alexander,Albon,1996-03-23,Thai,williams,https://en.wikipedia.org/wiki/Williams_Racing,Williams,British,,,,,,,,2024,4,Japanese Grand Prix,2024-04-07,suzuka
1,1,1,25,1,56,Finished,max_verstappen,3,VER,http://en.wikipedia.org/wiki/Max_Verstappen,Max,Verstappen,1997-09-30,Dutch,red_bull,https://en.wikipedia.org/wiki/Red_Bull_Racing,Red Bull,Austrian,6052554,1:40:52.554,2,33,1:38.406,kph,199.414,2024,5,Chinese Grand Prix,2024-04-21,shanghai
4,2,2,18,4,56,Finished,norris,1,NOR,http://en.wikipedia.org/wiki/Lando_Norris,Lando,Norris,1999-11-13,British,mclaren,https://en.wikipedia.org/wiki/McLaren,McLaren,British,6066327,+13.773,4,33,1:38.751,,,2024,5,Chinese Grand Prix,2024-04-21,shanghai
11,3,3,15,2,56,Finished,perez,11,PER,http://en.wikipedia.org/wiki/Sergio_P%C3%A9rez,Sergio,Pérez,1990-01-26,Mexican,red_bull,https://en.wikipedia.org/wiki/Red_Bull_Racing,Red Bull,Austrian,6071714,+19.160,7,33,1:39.388,kph,197.444,2024,5,Chinese Grand Prix,2024-04-21,shanghai
16,4,4,12,6,56,Finished,leclerc,16,LEC,http://en.wikipedia.org/wiki/Charles_Leclerc,Charles,Leclerc,1997-10-16,Monegasque,ferrari,https://en.wikipedia.org/wiki/Scuderia_Ferrari,Ferrari,Italian,6076177,+23.623,6,33,1:39.384,kph,197.452,2024,5,Chinese Grand Prix,2024-04-21,shanghai
55,5,5,10,7,56,Finished,sainz,55,SAI,http://en.wikipedia.org/wiki/Carlos_Sainz_Jr.,Carlos,Sainz,1994-09-01,Spanish,ferrari,https://en.wikipedia.org/wiki/Scuderia_Ferrari,Ferrari,Italian,6086537,+33.983,10,19,1:39.764,kph,196.700,2024,5,Chinese Grand Prix,2024-04-21,shanghai
63,6,6,8,8,56,Finished,russell,63,RUS,http://en.wikipedia.org/wiki/George_Russell_(racing_driver),George,Russell,1998-02-15,British,mercedes,https://en.wikipedia.org/wiki/Mercedes-Benz_in_Formula_One,Mercedes,German,6091278,+38.724,11,39,1:40.112,kph,196.016,2024,5,Chinese Grand Prix,2024-04-21,shanghai
14,7,7,7,3,56,Finished,alonso,14,ALO,http://en.wikipedia.org/wiki/Fernando_Alonso,Fernando,Alonso,1981-07-29,Spanish,aston_martin,https://en.wikipedia.org/wiki/Aston_Martin_in_Formula_One,Aston Martin,British,6095968,+43.414,1,45,1:37.810,kph,200.629,2024,5,Chinese Grand Prix,2024-04-21,shanghai
81,8,8,4,5,56,Finished,piastri,81,PIA,http://en.wikipedia.org/wiki/Oscar_Piastri,Oscar,Piastri,2001-04-06,Australian,mclaren,https://en.wikipedia.org/wiki/McLaren,McLaren,British,6108752,+56.198,9,18,1:39.739,,,2024,5,Chinese Grand Prix,2024-04-21,shanghai
44,9,9,2,18,56,Finished,hamilton,44,HAM,http://en.wikipedia.org/wiki/Lewis_Hamilton,Lewis,Hamilton,1985-01-07,British,mercedes,https://en.wikipedia.org/wiki/Mercedes-Benz_in_Formula_One,Mercedes,German,6110540,+57.986,14,34,1:40.835,kph,194.610,2024,5,Chinese Grand Prix,2024-04-21,shanghai
27,10,10,1,9,56,Finished,hulkenberg,27,HUL,http://en.wikipedia.org/wiki/Nico_H%C3%BClkenberg,Nico,Hülkenberg,1987-08-19,German,haas,https://en.wikipedia.org/wiki/Haas_F1_Team,Haas F1 Team,American,6113030,+1:00.476,13,32,1:40.815,kph,194.649,2024,5,Chinese Grand Prix,2024-04-21,shanghai
31,11,11,0,13,56,Finished,ocon,31,OCO,http://en.wikipedia.org/wiki/Esteban_Ocon,Esteban,Ocon,1996-09-17,French,alpine,https://en.wikipedia.org/wiki/Alpine_F1_Team,Alpine F1 Team,French,6115366,+1:02.812,15,33,1:40.937,kph,194.414,2024,5,Chinese Grand Prix,2024-04-21,shanghai
23,12,12,0,14,56,Finished,albon,23,ALB,http://en.wikipedia.org/wiki/Alexander_Albon,Alexander,Albon,1996-03-23,Thai,williams,https://en.wikipedia.org/wiki/Williams_Racing,Williams,British,6118060,+1:05.506,12,34,1:40.790,kph,194.697,2024,5,Chinese Grand Prix,2024-04-21,shanghai
10,13,13,0,15,56,Finished,gasly,10,GAS,http://en.wikipedia.org/wiki/Pierre_Gasly,Pierre,Gasly,1996-02-07,French,alpine,https://en.wikipedia.org/wiki/Alpine_F1_Team,Alpine F1 Team,French,6121777,+1:09.223,5,40,1:39.198,kph,197.822,2024,5,Chinese Grand Prix,2024-04-21,shanghai
24,14,14,0,16,56,Finished,zhou,24,ZHO,http://en.wikipedia.org/wiki/Zhou_Guanyu,Guanyu,Zhou,1999-05-30,Chinese,sauber,https://en.wikipedia.org/wiki/Sauber_Motorsport,Sauber,Swiss,6124243,+1:11.689,3,42,1:38.633,kph,198.955,2024,5,Chinese Grand Prix,2024-04-21,shanghai
18,15,15,0,11,56,Finished,stroll,18,STR,http://en.wikipedia.org/wiki/Lance_Stroll,Lance,Stroll,1998-10-29,Canadian,aston_martin,https://en.wikipedia.org/wiki/Aston_Martin_in_Formula_One,Aston Martin,British,6135340,+1:22.786,8,37,1:39.444,kph,197.333,2024,5,Chinese Grand Prix,2024-04-21,shanghai
20,16,16,0,17,56,Finished,kevin_magnussen,20,MAG,http://en.wikipedia.org/wiki/Kevin_Magnussen,Kevin,Magnussen,1992-10-05,Danish,haas,https://en.wikipedia.org/wiki/Haas_F1_Team,Haas F1 Team,American,6140087,+1:27.533,18,45,1:41.077,kph,194.145,2024,5,Chinese Grand Prix,2024-04-21,shanghai
2,17,17,0,20,56,Finished,sargeant,2,SAR,http://en.wikipedia.org/wiki/Logan_Sargeant,Logan,Sargeant,2000-12-31,American,williams,https://en.wikipedia.org/wiki/Williams_Racing,Williams,British,6147664,+1:35.110,17,14,1:41.000,kph,194.293,2024,5,Chinese Grand Prix,2024-04-21,shanghai
3,18,R,0,12,33,Retired,ricciardo,3,RIC,http://en.wikipedia.org/wiki/Daniel_Ricciardo,Daniel,Ricciardo,1989-07-01,Australian,rb,https://en.wikipedia.org/wiki/Racing_Bulls,RB F1 Team,Italian,,,16,16,1:40.994,kph,194.304,2024,5,Chinese Grand Prix,2024-04-21,shanghai
22,19,R,0,19,26,Retired,tsunoda,22,TSU,http://en.wikipedia.org/wiki/Yuki_Tsunoda,Yuki,Tsunoda,2000-05-11,Japanese,rb,https://en.wikipedia.org/wiki/Racing_Bulls,RB F1 Team,Italian,,,20,11,1:41.593,kph,193.158,2024,5,Chinese Grand Prix,2024-04-21,shanghai
77,20,R,0,10,19,Retired,bottas,77,BOT,http://en.wikipedia.org/wiki/Valtteri_Bottas,Valtteri,Bottas,1989-08-28,Finnish,sauber,https://en.wikipedia.org/wiki/Sauber_Motorsport,Sauber,Swiss,,,19,11,1:41.276,kph,193.763,2024,5,Chinese Grand Prix,2024-04-21,shanghai
4,1,1,25,5,57,Finished,norris,1,NOR,http://en.wikipedia.org/wiki/Lando_Norris,Lando,Norris,1999-11-13,British,mclaren,https://en.wikipedia.org/wiki/McLaren,McLaren,British,5449876,1:30:49.876,5,55,1:30.980,kph,214.148,2024,6,Miami Grand Prix,2024-05-05,miami
4,1,1,25,1,57,Finished,norris,1,NOR,http://en.wikipedia.org/wiki/Lando_Norris,Lando,Norris,1999-11-13,British,mclaren,https://en.wikipedia.org/wiki/McLaren,McLaren,British,6126304,1:42:06.304,1,43,1:22.167,,,2025,1,Australian Grand Prix,2025-03-16,albert_park
1,2,2,18,3,57,Finished,max_verstappen,3,VER,http://en.wikipedia.org/wiki/Max_Verstappen,Max,Verstappen,1997-09-30,Dutch,red_bull,https://en.wikipedia.org/wiki/Red_Bull_Racing,Red Bull,Austrian,6127199,+0.895,3,43,1:23.081,,,2025,1,Australian Grand Prix,2025-03-16,albert_park
63,3,3,15,4,57,Finished,russell,63,RUS,http://en.wikipedia.org/wiki/George_Russell_(racing_driver),George,Russell,1998-02-15,British,mercedes,https://en.wikipedia.org/wiki/Mercedes-Benz_in_Formula_One,Mercedes,German,6134785,+8.481,11,43,1:25.065,,,2025,1,Australian Grand Prix,2025-03-16,albert_park
12,4,4,12,16,57,Finished,antonelli,12,ANT,https://en.wikipedia.org/wiki/Andrea_Kimi_Antonelli,Andrea Kimi,Antonelli,2006-08-25,Italian,mercedes,https://en.wikipedia.org/wiki/Mercedes-Benz_in_Formula_One,Mercedes,German,6136439,+10.135,9,43,1:24.901,,,2025,1,Australian Grand Prix,2025-03-16,albert_park
23,5,5,10,6,57,Finished,albon,23,ALB,http://en.wikipedia.org/wiki/Alexander_Albon,Alexander,Albon,1996-03-23,Thai,williams,https://en.wikipedia.org/wiki/Williams_Racing,Williams,British,6139077,+12.773,8,43,1:24.597,,,2025,1,Australian Grand Prix,2025-03-16,albert_park
18,6,6,8,13,57,Finished,stroll,18,STR,http://en.wikipedia.org/wiki/Lance_Stroll,Lance,Stroll,1998-10-29,Canadian,aston_martin,https://en.wikipedia.org/wiki/Aston_Martin_in_Formula_One,Aston Martin,British,6143717,+17.413,14,43,1:25.538,,,2025,1,Australian Grand Prix,2025-03-16,albert_park
27,7,7,6,17,57,Finished,hulkenberg,27,HUL,http://en.wikipedia.org/wiki/Nico_H%C3%BClkenberg,Nico,Hülkenberg,1987-08-19,German,sauber,https://en.wikipedia.org/wiki/Sauber_Motorsport,Sauber,Swiss,6144727,+18.423,12,43,1:25.243,,,2025,1,Australian Grand Prix,2025-03-16,albert_park
16,8,8,4,7,57,Finished,leclerc,16,LEC,http://en.wikipedia.org/wiki/Charles_Leclerc,Charles,Leclerc,1997-10-16,Monegasque,ferrari,https://en.wikipedia.org/wiki/Scuderia_Ferrari,Ferrari,Italian,6146130,+19.826,13,43,1:25.271,,,2025,1,Australian Grand Prix,2025-03-16,albert_park
81,9,9,2,2,57,Finished,piastri,81,PIA,http://en.wikipedia.org/wiki/Oscar_Piastri,Oscar,Piastri,2001-04-06,Australian,mclaren,https://en.wikipedia.org/wiki/McLaren,McLaren,British,6146752,+20.448,4,43,1:23.242,,,2025,1,Australian Grand Prix,2025-03-16,albert_park
44,10,10,1,8,57,Finished,hamilton,44,HAM,http://en.wikipedia.org/wiki/Lewis_Hamilton,Lewis,Hamilton,1985-01-07,British,ferrari,https://en.wikipedia.org/wiki/Scuderia_Ferrari,Ferrari,Italian,6148777,+22.473,7,43,1:24.218,,,2025,1,Australian Grand Prix,2025-03-16,albert_park
10,11,11,0,9,57,Finished,gasly,10,GAS,http://en.wikipedia.org/wiki/Pierre_Gasly,Pierre,Gasly,1996-02-07,French,alpine,https://en.wikipedia.org/wiki/Alpine_F1_Team,Alpine F1 Team,French,6152806,+26.502,10,43,1:25.020,,,2025,1,Australian Grand Prix,2025-03-16,albert_park
22,12,12,0,5,57,Finished,tsunoda,22,TSU,http://en.wikipedia.org/wiki/Yuki_Tsunoda,Yuki,Tsunoda,2000-05-11,Japanese,rb,https://en.wikipedia.org/wiki/Racing_Bulls,RB F1 Team,Italian,6156188,+29.884,6,43,1:24.194,,,2025,1,Australian Grand Prix,2025-03-16,albert_park
31,13,13,0,19,57,Finished,ocon,31,OCO,http://en.wikipedia.org/wiki/Esteban_Ocon,Esteban,Ocon,1996-09-17,French,haas,https://en.wikipedia.org/wiki/Haas_F1_Team,Haas F1 Team,American,6159465,+33.161,15,42,1:26.764,,,2025,1,Australian Grand Prix,2025-03-16,albert_park
87,14,14,0,20,57,Finished,bearman,87,BEA,http://en.wikipedia.org/wiki/Oliver_Bearman,Oliver,Bearman,2005-05-08,British,haas,https://en.wikipedia.org/wiki/Haas_F1_Team,Haas F1 Team,American,6166655,+40.351,16,42,1:27.603,,,2025,1,Australian Grand Prix,2025-03-16,albert_park
30,15,R,0,18,46,Retired,lawson,30,LAW,http://en.wikipedia.org/wiki/Liam_Lawson,Liam,Lawson,2002-02-11,New Zealander,red_bull,https://en.wikipedia.org/wiki/Red_Bull_Racing,Red Bull,Austrian,,,2,43,1:22.970,,,2025,1,Australian Grand Prix,2025-03-16,albert_park
5,16,R,0,15,45,Retired,bortoleto,5,BOR,https://en.wikipedia.org/wiki/Gabriel_Bortoleto,Gabriel,Bortoleto,2004-10-14,Brazilian,sauber,https://en.wikipedia.org/wiki/Sauber_Motorsport,Sauber,Swiss,,,5,43,1:24.192,,,2025,1,Australian Grand Prix,2025-03-16,albert_park
14,17,R,0,12,32,Retired,alonso,14,ALO,http://en.wikipedia.org/wiki/Fernando_Alonso,Fernando,Alonso,1981-07-29,Spanish,aston_martin,https://en.wikipedia.org/wiki/Aston_Martin_in_Formula_One,Aston Martin,British,,,17,32,1:28.819,,,2025,1,Australian Grand Prix,2025-03-16,albert_park
55,18,R,0,10,0,Retired,sainz,55,SAI,http://en.wikipedia.org/wiki/Carlos_Sainz_Jr.,Carlos,Sainz,1994-09-01,Spanish,williams,https://en.wikipedia.org/wiki/Williams_Racing,Williams,British,,,,,,,,2025,1,Australian Grand Prix,2025-03-16,albert_park
7,19,R,0,14,0,Retired,doohan,7,DOO,http://en.wikipedia.org/wiki/Jack_Doohan,Jack,Doohan,2003-01-20,Australian,alpine,https://en.wikipedia.org/wiki/Alpine_F1_Team,Alpine F1 Team,French,,,,,,,,2025,1,Australian Grand Prix,2025-03-16,albert_park
6,20,R,0,11,0,Retired,hadjar,6,HAD,https://en.wikipedia.org/wiki/Isack_Hadjar,Isack,Hadjar,2004-09-28,French,rb,https://en.wikipedia.org/wiki/Racing_Bulls,RB F1 Team,Italian,,,,,,,,2025,1,Australian Grand Prix,2025-03-16,albert_park
81,1,1,25,1,56,Finished,piastri,81,PIA,http://en.wikipedia.org/wiki/Oscar_Piastri,Oscar,Piastri,2001-04-06,Australian,mclaren,https://en.wikipedia.org/wiki/McLaren,McLaren,British,5455026,1:30:55.026,3,53,1:35.520,,,2025,2,Chinese Grand Prix,2025-03-23,shanghai
4,2,2,18,3,56,Finished,norris,1,NOR,http://en.wikipedia.org/wiki/Lando_Norris,Lando,Norris,1999-11-13,British,mclaren,https://en.wikipedia.org/wiki/McLaren,McLaren,British,5464774,+9.748,1,53,1:35.454,,,2025,2,Chinese Grand Prix,2025-03-23,shanghai
63,3,3,15,2,56,Finished,russell,63,RUS,http://en.wikipedia.org/wiki/George_Russell_(racing_driver),George,Russell,1998-02-15,British,mercedes,https://en.wikipedia.org/wiki/Mercedes-Benz_in_Formula_One,Mercedes,German,5466123,+11.097,5,55,1:35.816,,,2025,2,Chinese Grand Prix,2025-03-23,shanghai
1,4,4,12,4,56,Finished,max_verstappen,3,VER,http://en.wikipedia.org/wiki/Max_Verstappen,Max,Verstappen,1997-09-30,Dutch,red_bull,https://en.wikipedia.org/wiki/Red_Bull_Racing,Red Bull,Austrian,5471682,+16.656,2,56,1:35.488,,,2025,2,Chinese Grand Prix,2025-03-23,shanghai
31,5,5,10,11,56,Finished,ocon,31,OCO,http://en.wikipedia.org/wiki/Esteban_Ocon,Esteban,Ocon,1996-09-17,French,haas,https://en.wikipedia.org/wiki/Haas_F1_Team,Haas F1 Team,American,5504995,+49.969,4,56,1:35.740,,,2025,2,Chinese Grand Prix,2025-03-23,shanghai
12,6,6,8,8,56,Finished,antonelli,12,ANT,https://en.wikipedia.org/wiki/Andrea_Kimi_Antonelli,Andrea Kimi,Antonelli,2006-08-25,Italian,mercedes,https://en.wikipedia.org/wiki/Mercedes-Benz_in_Formula_One,Mercedes,German,5508774,+53.748,11,56,1:36.046,,,2025,2,Chinese Grand Prix,2025-03-23,shanghai
23,7,7,6,10,56,Finished,albon,23,ALB,http://en.wikipedia.org/wiki/Alexander_Albon,Alexander,Albon,1996-03-23,Thai,williams,https://en.wikipedia.org/wiki/Williams_Racing,Williams,British,5511347,+56.321,12,52,1:36.254,,,2025,2,Chinese Grand Prix,2025-03-23,shanghai
87,8,8,4,17,56,Finished,bearman,87,BEA,http://en.wikipedia.org/wiki/Oliver_Bearman,Oliver,Bearman,2005-05-08,British,haas,https://en.wikipedia.org/wiki/Haas_F1_Team,Haas F1 Team,American,5516329,+1:01.303,13,52,1:36.363,,,2025,2,Chinese Grand Prix,2025-03-23,shanghai
18,9,9,2,14,56,Finished,stroll,18,STR,http://en.wikipedia.org/wiki/Lance_Stroll,Lance,Stroll,1998-10-29,Canadian,aston_martin,https://en.wikipedia.org/wiki/Aston_Martin_in_Formula_One,Aston Martin,British,5525230,+1:10.204,10,39,1:36.044,,,2025,2,Chinese Grand Prix,2025-03-23,shanghai
55,10,10,1,15,56,Finished,sainz,55,SAI,http://en.wikipedia.org/wiki/Carlos_Sainz_Jr.,Carlos,Sainz,1994-09-01,Spanish,williams,https://en.wikipedia.org/wiki/Williams_Racing,Williams,British,5531413,+1:16.387,15,50,1:36.779,,,2025,2,Chinese Grand Prix,2025-03-23,shanghai
6,11,11,0,7,56,Finished,hadjar,6,HAD,https://en.wikipedia.org/wiki/Isack_Hadjar,Isack,Hadjar,2004-09-28,French,rb,https://en.wikipedia.org/wiki/Racing_Bulls,RB F1 Team,Italian,5533901,+1:18.875,6,35,1:35.868,,,2025,2,Chinese Grand Prix,2025-03-23,shanghai
30,12,12,0,20,56,Finished,lawson,30,LAW,http://en.wikipedia.org/wiki/Liam_Lawson,Liam,Lawson,2002-02-11,New Zealander,red_bull,https://en.wikipedia.org/wiki/Red_Bull_Racing,Red Bull,Austrian,5536173,+1:21.147,9,32,1:35.985,,,2025,2,Chinese Grand Prix,2025-03-23,shanghai
7,13,13,0,18,56,Finished,doohan,7,DOO,http://en.wikipedia.org/wiki/Jack_Doohan,Jack,Doohan,2003-01-20,Australian,alpine,https://en.wikipedia.org/wiki/Alpine_F1_Team,Alpine F1 Team,French,5543427,+1:28.401,14,52,1:36.424,,,2025,2,Chinese Grand Prix,2025-03-23,shanghai
5,14,14,0,19,55,Lapped,bortoleto,5,BOR,https://en.wikipedia.org/wiki/Gabriel_Bortoleto,Gabriel,Bortoleto,2004-10-14,Brazilian,sauber,https://en.wikipedia.org/wiki/Sauber_Motorsport,Sauber,Swiss,5465782,+10.756,8,28,1:35.874,,,2025,2,Chinese Grand Prix,2025-03-23,shanghai
27,15,15,0,12,55,Lapped,hulkenberg,27,HUL,http://en.wikipedia.org/wiki/Nico_H%C3%BClkenberg,Nico,Hülkenberg,1987-08-19,German,sauber,https://en.wikipedia.org/wiki/Sauber_Motorsport,Sauber,Swiss,5475252,+20.226,16,35,1:37.275,,,2025,2,Chinese Grand Prix,2025-03-23,shanghai
22,16,16,0,9,55,Lapped,tsunoda,22,TSU,http://en.wikipedia.org/wiki/Yuki_Tsunoda,Yuki,Tsunoda,2000-05-11,Japanese,rb,https://en.wikipedia.org/wiki/Racing_Bulls,RB F1 Team,Italian,5478537,+23.511,7,49,1:35.871,,,2025,2,Chinese Grand Prix,2025-03-23,shanghai
14,17,R,0,13,4,Retired,alonso,14,ALO,http://en.wikipedia.org/wiki/Fernando_Alonso,Fernando,Alonso,1981-07-29,Spanish,aston_martin,https://en.wikipedia.org/wiki/Aston_Martin_in_Formula_One,Aston Martin,British,,,17,3,1:39.256,,,2025,2,Chinese Grand Prix,2025-03-23,shanghai
16,18,D,0,6,0,Disqualified,leclerc,16,LEC,http://en.wikipedia.org/wiki/Charles_Leclerc,Charles,Leclerc,1997-10-16,Monegasque,ferrari,https://en.wikipedia.org/wiki/Scuderia_Ferrari,Ferrari,Italian,,,,,,,,2025,2,Chinese Grand Prix,2025-03-23,shanghai
44,19,D,0,5,0,Disqualified,hamilton,44,HAM,http://en.wikipedia.org/wiki/Lewis_Hamilton,Lewis,Hamilton,1985-01-07,British,ferrari,https://en.wikipedia.org/wiki/Scuderia_Ferrari,Ferrari,Italian,,,,,,,,2025,2,Chinese Grand Prix,2025-03-23,shanghai
10,20,D,0,16,0,Disqualified,gasly,10,GAS,http://en.wikipedia.org/wiki/Pierre_Gasly,Pierre,Gasly,1996-02-07,French,alpine,https://en.wikipedia.org/wiki/Alpine_F1_Team,Alpine F1 Team,French,,,,,,,,2025,2,Chinese Grand Prix,2025-03-23,shanghai
1,1,1,25,1,53,Finished,max_verstappen,3,VER,http://en.wikipedia.org/wiki/Max_Verstappen,Max,Verstappen,1997-09-30,Dutch,red_bull,https://en.wikipedia.org/wiki/Red_Bull_Racing,Red Bull,Austrian,4926983,1:22:06.983,3,52,1:31.041,,,2025,3,Japanese Grand Prix,2025-04-06,suzuka
4,2,2,18,2,53,Finished,norris,1,NOR,http://en.wikipedia.org/wiki/Lando_Norris,Lando,Norris,1999-11-13,British,mclaren,https://en.wikipedia.org/wiki/McLaren,McLaren,British,4928406,+1.423,5,51,1:31.116,,,2025,3,Japanese Grand Prix,2025-04-06,suzuka
81,3,3,15,3,53,Finished,piastri,81,PIA,http://en.wikipedia.org/wiki/Oscar_Piastri,Oscar,Piastri,2001-04-06,Australian,mclaren,https://en.wikipedia.org/wiki/McLaren,McLaren,British,4929112,+2.129,2,53,1:31.039,,,2025,3,Japanese Grand Prix,2025-04-06,suzuka
16,4,4,12,4,53,Finished,leclerc,16,LEC,http://en.wikipedia.org/wiki/Charles_Leclerc,Charles,Leclerc,1997-10-16,Monegasque,ferrari,https://en.wikipedia.org/wiki/Scuderia_Ferrari,Ferrari,Italian,4943080,+16.097,10,47,1:31.469,,,2025,3,Japanese Grand Prix,2025-04-06,suzuka
63,5,5,10,5,53,Finished,russell,63,RUS,http://en.wikipedia.org/wiki/George_Russell_(racing_driver),George,Russell,1998-02-15,British,mercedes,https://en.wikipedia.org/wiki/Mercedes-Benz_in_Formula_One,Mercedes,German,4944345,+17.362,8,51,1:31.357,,,2025,3,Japanese Grand Prix,2025-04-06,suzuka
12,6,6,8,6,53,Finished,antonelli,12,ANT,https://en.wikipedia.org/wiki/Andrea_Kimi_Antonelli,Andrea Kimi,Antonelli,2006-08-25,Italian,mercedes,https://en.wikipedia.org/wiki/Mercedes-Benz_in_Formula_One,Mercedes,German,4945654,+18.671,1,50,1:30.965,,,2025,3,Japanese Grand Prix,2025-04-06,suzuka
44,7,7,6,8,53,Finished,hamilton,44,HAM,http://en.wikipedia.org/wiki/Lewis_Hamilton,Lewis,Hamilton,1985-01-07,British,ferrari,https://en.wikipedia.org/wiki/Scuderia_Ferrari,Ferrari,Italian,4956165,+29.182,9,51,1:31.406,,,2025,3,Japanese Grand Prix,2025-04-06,suzuka
6,8,8,4,7,53,Finished,hadjar,6,HAD,https://en.wikipedia.org/wiki/Isack_Hadjar,Isack,Hadjar,2004-09-28,French,rb,https://en.wikipedia.org/wiki/Racing_Bulls,RB F1 Team,Italian,4964117,+37.134,7,52,1:31.317,,,2025,3,Japanese Grand Prix,2025-04-06,suzuka
23,9,9,2,9,53,Finished,albon,23,ALB,http://en.wikipedia.org/wiki/Alexander_Albon,Alexander,Albon,1996-03-23,Thai,williams,https://en.wikipedia.org/wiki/Williams_Racing,Williams,British,4967350,+40.367,6,52,1:31.125,,,2025,3,Japanese Grand Prix,2025-04-06,suzuka
87,10,10,1,10,53,Finished,bearman,87,BEA,http://en.wikipedia.org/wiki/Oliver_Bearman,Oliver,Bearman,2005-05-08,British,haas,https://en.wikipedia.org/wiki/Haas_F1_Team,Haas F1 Team,American,4981512,+54.529,15,49,1:32.006,,,2025,3,Japanese Grand Prix,2025-04-06,suzuka
14,11,11,0,12,53,Finished,alonso,14,ALO,http://en.wikipedia.org/wiki/Fernando_Alonso,Fernando,Alonso,1981-07-29,Spanish,aston_martin,https://en.wikipedia.org/wiki/Aston_Martin_in_Formula_One,Aston Martin,British,4984316,+57.333,11,51,1:31.770,,,2025,3,Japanese Grand Prix,2025-04-06,suzuka
22,12,12,0,14,53,Finished,tsunoda,22,TSU,http://en.wikipedia.org/wiki/Yuki_Tsunoda,Yuki,Tsunoda,2000-05-11,Japanese,red_bull,https://en.wikipedia.org/wiki/Red_Bull_Racing,Red Bull,Austrian,4985384,+58.401,13,51,1:31.871,,,2025,3,Japanese Grand Prix,2025-04-06,suzuka
10,13,13,0,11,53,Finished,gasly,10,GAS,http://en.wikipedia.org/wiki/Pierre_Gasly,Pierre,Gasly,1996-02-07,French,alpine,https://en.wikipedia.org/wiki/Alpine_F1_Team,Alpine F1 Team,French,4989105,+1:02.122,12,52,1:31.820,,,2025,3,Japanese Grand Prix,2025-04-06,suzuka
55,14,14,0,15,53,Finished,sainz,55,SAI,http://en.wikipedia.org/wiki/Carlos_Sainz_Jr.,Carlos,Sainz,1994-09-01,Spanish,williams,https://en.wikipedia.org/wiki/Williams_Racing,Williams,British,5001112,+1:14.129,4,36,1:31.106,,,2025,3,Japanese Grand Prix,2025-04-06,suzuka
7,15,15,0,19,53,Finished,doohan,7,DOO,http://en.wikipedia.org/wiki/Jack_Doohan,Jack,Doohan,2003-01-20,Australian,alpine,https://en.wikipedia.org/wiki/Alpine_F1_Team,Alpine F1 Team,French,5008297,+1:21.314,20,47,1:32.685,,,2025,3,Japanese Grand Prix,2025-04-06,suzuka
27,16,16,0,16,53,Finished,hulkenberg,27,HUL,http://en.wikipedia.org/wiki/Nico_H%C3%BClkenberg,Nico,Hülkenberg,1987-08-19,German,sauber,https://en.wikipedia.org/wiki/Sauber_Motorsport,Sauber,Swiss,5008940,+1:21.957,19,31,1:32.572,,,2025,3,Japanese Grand Prix,2025-04-06,suzuka
30,17,17,0,13,53,Finished,lawson,30,LAW,http://en.wikipedia.org/wiki/Liam_Lawson,Liam,Lawson,2002-02-11,New Zealander,rb,https://en.wikipedia.org/wiki/Racing_Bulls,RB F1 Team,Italian,5009717,+1:22.734,17,39,1:32.043,,,2025,3,Japanese Grand Prix,2025-04-06,suzuka
31,18,18,0,18,53,Finished,ocon,31,OCO,http://en.wikipedia.org/wiki/Esteban_Ocon,Esteban,Ocon,1996-09-17,French,haas,https://en.wikipedia.org/wiki/Haas_F1_Team,Haas F1 Team,American,5010421,+1:23.438,14,48,1:31.967,,,2025,3,Japanese Grand Prix,2025-04-06,suzuka
5,19,19,0,17,53,Finished,bortoleto,5,BOR,https://en.wikipedia.org/wiki/Gabriel_Bortoleto,Gabriel,Bortoleto,2004-10-14,Brazilian,sauber,https://en.wikipedia.org/wiki/Sauber_Motorsport,Sauber,Swiss,5010880,+1:23.897,16,45,1:32.034,,,2025,3,Japanese Grand Prix,2025-04-06,suzuka
18,20,20,0,20,52,Lapped,stroll,18,STR,http://en.wikipedia.org/wiki/Lance_Stroll,Lance,Stroll,1998-10-29,Canadian,aston_martin,https://en.wikipedia.org/wiki/Aston_Martin_in_Formula_One,Aston Martin,British,4939912,+12.929,18,52,1:32.052,,,2025,3,Japanese Grand Prix,2025-04-06,suzuka
81,1,1,25,1,57,Finished,piastri,81,PIA,http://en.wikipedia.org/wiki/Oscar_Piastri,Oscar,Piastri,2001-04-06,Australian,mclaren,https://en.wikipedia.org/wiki/McLaren,McLaren,British,5739435,1:35:39.435,1,36,1:35.140,,,2025,4,Bahrain Grand Prix,2025-04-13,bahrain
63,2,2,18,3,57,Finished,russell,63,RUS,http://en.wikipedia.org/wiki/George_Russell_(racing_driver),George,Russell,1998-02-15,British,mercedes,https://en.wikipedia.org/wiki/Mercedes-Benz_in_Formula_One,Mercedes,German,5754934,+15.499,2,36,1:35.518,,,2025,4,Bahrain Grand Prix,2025-04-13,bahrain
4,3,3,15,6,57,Finished,norris,1,NOR,http://en.wikipedia.org/wiki/Lando_Norris,Lando,Norris,1999-11-13,British,mclaren,https://en.wikipedia.org/wiki/McLaren,McLaren,British,5755708,+16.273,3,38,1:35.728,,,2025,4,Bahrain Grand Prix,2025-04-13,bahrain
16,4,4,12,2,57,Finished,leclerc,16,LEC,http://en.wikipedia.org/wiki/Charles_Leclerc,Charles,Leclerc,1997-10-16,Monegasque,ferrari,https://en.wikipedia.org/wiki/Scuderia_Ferrari,Ferrari,Italian,5759114,+19.679,4,36,1:36.132,,,2025,4,Bahrain Grand Prix,2025-04-13,bahrain
44,5,5,10,9,57,Finished,hamilton,44,HAM,http://en.wikipedia.org/wiki/Lewis_Hamilton,Lewis,Hamilton,1985-01-07,British,ferrari,https://en.wikipedia.org/wiki/Scuderia_Ferrari,Ferrari,Italian,5767428,+27.993,6,37,1:36.235,,,2025,4,Bahrain Grand Prix,2025-04-13,bahrain
1,6,6,8,7,57,Finished,max_verstappen,3,VER,http://en.wikipedia.org/wiki/Max_Verstappen,Max,Verstappen,1997-09-30,Dutch,red_bull,https://en.wikipedia.org/wiki/Red_Bull_Racing,Red Bull,Austrian,5773830,+34.395,5,29,1:36.167,,,2025,4,Bahrain Grand Prix,2025-04-13,bahrain
10,7,7,6,4,57,Finished,gasly,10,GAS,http://en.wikipedia.org/wiki/Pierre_Gasly,Pierre,Gasly,1996-02-07,French,alpine,https://en.wikipedia.org/wiki/Alpine_F1_Team,Alpine F1 Team,French,5775437,+36.002,7,39,1:36.531,,,2025,4,Bahrain Grand Prix,2025-04-13,bahrain
31,8,8,4,14,57,Finished,ocon,31,OCO,http://en.wikipedia.org/wiki/Esteban_Ocon,Esteban,Ocon,1996-09-17,French,haas,https://en.wikipedia.org/wiki/Haas_F1_Team,Haas F1 Team,American,5783679,+44.244,12,30,1:37.098,,,2025,4,Bahrain Grand Prix,2025-04-13,bahrain
22,9,9,2,10,57,Finished,tsunoda,22,TSU,http://en.wikipedia.org/wiki/Yuki_Tsunoda,Yuki,Tsunoda,2000-05-11,Japanese,red_bull,https://en.wikipedia.org/wiki/Red_Bull_Racing,Red Bull,Austrian,5784496,+45.061,14,45,1:37.225,,,2025,4,Bahrain Grand Prix,2025-04-13,bahrain
87,10,10,1,20,57,Finished,bearman,87,BEA,http://en.wikipedia.org/wiki/Oliver_Bearman,Oliver,Bearman,2005-05-08,British,haas,https://en.wikipedia.org/wiki/Haas_F1_Team,Haas F1 Team,American,5787029,+47.594,15,40,1:37.303,,,2025,4,Bahrain Grand Prix,2025-04-13,bahrain
12,11,11,0,5,57,Finished,antonelli,12,ANT,https://en.wikipedia.org/wiki/Andrea_Kimi_Antonelli,Andrea Kimi,Antonelli,2006-08-25,Italian,mercedes,https://en.wikipedia.org/wiki/Mercedes-Benz_in_Formula_One,Mercedes,German,5787451,+48.016,9,29,1:36.690,,,2025,4,Bahrain Grand Prix,2025-04-13,bahrain
23,12,12,0,15,57,Finished,albon,23,ALB,http://en.wikipedia.org/wiki/Alexander_Albon,Alexander,Albon,1996-03-23,Thai,williams,https://en.wikipedia.org/wiki/Williams_Racing,Williams,British,5788274,+48.839,13,47,1:37.141,,,2025,4,Bahrain Grand Prix,2025-04-13,bahrain
6,13,13,0,12,57,Finished,hadjar,6,HAD,https://en.wikipedia.org/wiki/Isack_Hadjar,Isack,Hadjar,2004-09-28,French,rb,https://en.wikipedia.org/wiki/Racing_Bulls,RB F1 Team,Italian,5795749,+56.314,10,30,1:36.952,,,2025,4,Bahrain Grand Prix,2025-04-13,bahrain
7,14,14,0,11,57,Finished,doohan,7,DOO,http://en.wikipedia.org/wiki/Jack_Doohan,Jack,Doohan,2003-01-20,Australian,alpine,https://en.wikipedia.org/wiki/Alpine_F1_Team,Alpine F1 Team,French,5797241,+57.806,8,31,1:36.682,,,2025,4,Bahrain Grand Prix,2025-04-13,bahrain
14,15,15,0,13,57,Finished,alonso,14,ALO,http://en.wikipedia.org/wiki/Fernando_Alonso,Fernando,Alonso,1981-07-29,Spanish,aston_martin,https://en.wikipedia.org/wiki/Aston_Martin_in_Formula_One,Aston Martin,British,5799775,+1:00.340,17,38,1:37.906,,,2025,4,Bahrain Grand Prix,2025-04-13,bahrain
30,16,16,0,17,57,Finished,lawson,30,LAW,http://en.wikipedia.org/wiki/Liam_Lawson,Liam,Lawson,2002-02-11,New Zealander,rb,https://en.wikipedia.org/wiki/Racing_Bulls,RB F1 Team,Italian,5803870,+1:04.435,16,44,1:37.380,,,2025,4,Bahrain Grand Prix,2025-04-13,bahrain
18,17,17,0,19,57,Finished,stroll,18,STR,http://en.wikipedia.org/wiki/Lance_Stroll,Lance,Stroll,1998-10-29,Canadian,aston_martin,https://en.wikipedia.org/wiki/Aston_Martin_in_Formula_One,Aston Martin,British,5804924,+1:05.489,19,38,1:38.064,,,2025,4,Bahrain Grand Prix,2025-04-13,bahrain
5,18,18,0,18,57,Finished,bortoleto,5,BOR,https://en.wikipedia.org/wiki/Gabriel_Bortoleto,Gabriel,Bortoleto,2004-10-14,Brazilian,sauber,https://en.wikipedia.org/wiki/Sauber_Motorsport,Sauber,Swiss,5806307,+1:06.872,18,38,1:38.006,,,2025,4,Bahrain Grand Prix,2025-04-13,bahrain
55,19,R,0,8,45,Retired,sainz,55,SAI,http://en.wikipedia.org/wiki/Carlos_Sainz_Jr.,Carlos,Sainz,1994-09-01,Spanish,williams,https://en.wikipedia.org/wiki/Williams_Racing,Williams,British,,,11,16,1:36.954,,,2025,4,Bahrain Grand Prix,2025-04-13,bahrain
27,20,D,0,16,0,Disqualified,hulkenberg,27,HUL,http://en.wikipedia.org/wiki/Nico_H%C3%BClkenberg,Nico,Hülkenberg,1987-08-19,German,sauber,https://en.wikipedia.org/wiki/Sauber_Motorsport,Sauber,Swiss,,,,,,,,2025,4,Bahrain Grand Prix,2025-04-13,bahrain
81,1,1,25,2,50,Finished,piastri,81,PIA,http://en.wikipedia.org/wiki/Oscar_Piastri,Oscar,Piastri,2001-04-06,Australian,mclaren,https://en.wikipedia.org/wiki/McLaren,McLaren,British,4866758,1:21:06.758,3,50,1:32.228,,,2025,5,Saudi Arabian Grand Prix,2025-04-20,jeddah
1,2,2,18,1,50,Finished,max_verstappen,3,VER,http://en.wikipedia.org/wiki/Max_Verstappen,Max,Verstappen,1997-09-30,Dutch,red_bull,https://en.wikipedia.org/wiki/Red_Bull_Racing,Red Bull,Austrian,4869601,+2.843,4,49,1:32.280,,,2025,5,Saudi Arabian Grand Prix,2025-04-20,jeddah
16,3,3,15,4,50,Finished,leclerc,16,LEC,http://en.wikipedia.org/wiki/Charles_Leclerc,Charles,Leclerc,1997-10-16,Monegasque,ferrari,https://en.wikipedia.org/wiki/Scuderia_Ferrari,Ferrari,Italian,4874862,+8.104,2,49,1:32.192,,,2025,5,Saudi Arabian Grand Prix,2025-04-20,jeddah
4,4,4,12,10,50,Finished,norris,1,NOR,http://en.wikipedia.org/wiki/Lando_Norris,Lando,Norris,1999-11-13,British,mclaren,https://en.wikipedia.org/wiki/McLaren,McLaren,British,4875954,+9.196,1,41,1:31.778,,,2025,5,Saudi Arabian Grand Prix,2025-04-20,jeddah
63,5,5,10,3,50,Finished,russell,63,RUS,http://en.wikipedia.org/wiki/George_Russell_(racing_driver),George,Russell,1998-02-15,British,mercedes,https://en.wikipedia.org/wiki/Mercedes-Benz_in_Formula_One,Mercedes,German,4893994,+27.236,9,32,1:32.893,,,2025,5,Saudi Arabian Grand Prix,2025-04-20,jeddah
12,6,6,8,5,50,Finished,antonelli,12,ANT,https://en.wikipedia.org/wiki/Andrea_Kimi_Antonelli,Andrea Kimi,Antonelli,2006-08-25,Italian,mercedes,https://en.wikipedia.org/wiki/Mercedes-Benz_in_Formula_One,Mercedes,German,4901446,+34.688,5,50,1:32.396,,,2025,5,Saudi Arabian Grand Prix,2025-04-20,jeddah
44,7,7,6,7,50,Finished,hamilton,44,HAM,http://en.wikipedia.org/wiki/Lewis_Hamilton,Lewis,Hamilton,1985-01-07,British,ferrari,https://en.wikipedia.org/wiki/Scuderia_Ferrari,Ferrari,Italian,4905831,+39.073,7,43,1:32.600,,,2025,5,Saudi Arabian Grand Prix,2025-04-20,jeddah
55,8,8,4,6,50,Finished,sainz,55,SAI,http://en.wikipedia.org/wiki/Carlos_Sainz_Jr.,Carlos,Sainz,1994-09-01,Spanish,williams,https://en.wikipedia.org/wiki/Williams_Racing,Williams,British,4931388,+1:04.630,6,50,1:32.466,,,2025,5,Saudi Arabian Grand Prix,2025-04-20,jeddah
23,9,9,2,11,50,Finished,albon,23,ALB,http://en.wikipedia.org/wiki/Alexander_Albon,Alexander,Albon,1996-03-23,Thai,williams,https://en.wikipedia.org/wiki/Williams_Racing,Williams,British,4933273,+1:06.515,16,47,1:33.477,,,2025,5,Saudi Arabian Grand Prix,2025-04-20,jeddah
6,10,10,1,14,50,Finished,hadjar,6,HAD,https://en.wikipedia.org/wiki/Isack_Hadjar,Isack,Hadjar,2004-09-28,French,rb,https://en.wikipedia.org/wiki/Racing_Bulls,RB F1 Team,Italian,4933849,+1:07.091,14,39,1:33.257,,,2025,5,Saudi Arabian Grand Prix,2025-04-20,jeddah
14,11,11,0,13,50,Finished,alonso,14,ALO,http://en.wikipedia.org/wiki/Fernando_Alonso,Fernando,Alonso,1981-07-29,Spanish,aston_martin,https://en.wikipedia.org/wiki/Aston_Martin_in_Formula_One,Aston Martin,British,4942675,+1:15.917,11,49,1:33.009,,,2025,5,Saudi Arabian Grand Prix,2025-04-20,jeddah
30,12,12,0,12,50,Finished,lawson,30,LAW,http://en.wikipedia.org/wiki/Liam_Lawson,Liam,Lawson,2002-02-11,New Zealander,rb,https://en.wikipedia.org/wiki/Racing_Bulls,RB F1 Team,Italian,4945209,+1:18.451,10,43,1:32.998,,,2025,5,Saudi Arabian Grand Prix,2025-04-20,jeddah
87,13,13,0,15,50,Finished,bearman,87,BEA,http://en.wikipedia.org/wiki/Oliver_Bearman,Oliver,Bearman,2005-05-08,British,haas,https://en.wikipedia.org/wiki/Haas_F1_Team,Haas F1 Team,American,4945952,+1:19.194,13,50,1:33.238,,,2025,5,Saudi Arabian Grand Prix,2025-04-20,jeddah
31,14,14,0,19,50,Finished,ocon,31,OCO,http://en.wikipedia.org/wiki/Esteban_Ocon,Esteban,Ocon,1996-09-17,French,haas,https://en.wikipedia.org/wiki/Haas_F1_Team,Haas F1 Team,American,4966481,+1:39.723,17,47,1:34.309,,,2025,5,Saudi Arabian Grand Prix,2025-04-20,jeddah
27,15,15,0,18,49,Lapped,hulkenberg,27,HUL,http://en.wikipedia.org/wiki/Nico_H%C3%BClkenberg,Nico,Hülkenberg,1987-08-19,German,sauber,https://en.wikipedia.org/wiki/Sauber_Motorsport,Sauber,Swiss,4871367,+4.609,15,39,1:33.446,,,2025,5,Saudi Arabian Grand Prix,2025-04-20,jeddah
18,16,16,0,16,49,Lapped,stroll,18,STR,http://en.wikipedia.org/wiki/Lance_Stroll,Lance,Stroll,1998-10-29,Canadian,aston_martin,https://en.wikipedia.org/wiki/Aston_Martin_in_Formula_One,Aston Martin,British,4872285,+5.527,8,44,1:32.745,,,2025,5,Saudi Arabian Grand Prix,2025-04-20,jeddah
7,17,17,0,17,49,Lapped,doohan,7,DOO,http://en.wikipedia.org/wiki/Jack_Doohan,Jack,Doohan,2003-01-20,Australian,alpine,https://en.wikipedia.org/wiki/Alpine_F1_Team,Alpine F1 Team,French,4886022,+19.264,12,48,1:33.150,,,2025,5,Saudi Arabian Grand Prix,2025-04-20,jeddah
5,18,18,0,20,49,Lapped,bortoleto,5,BOR,https://en.wikipedia.org/wiki/Gabriel_Bortoleto,Gabriel,Bortoleto,2004-10-14,Brazilian,sauber,https://en.wikipedia.org/wiki/Sauber_Motorsport,Sauber,Swiss,4886064,+19.306,18,39,1:34.447,,,2025,5,Saudi Arabian Grand Prix,2025-04-20,jeddah
22,19,R,0,8,1,Retired,tsunoda,22,TSU,http://en.wikipedia.org/wiki/Yuki_Tsunoda,Yuki,Tsunoda,2000-05-11,Japanese,red_bull,https://en.wikipedia.org/wiki/Red_Bull_Racing,Red Bull,Austrian,,,,,,,,2025,5,Saudi Arabian Grand Prix,2025-04-20,jeddah
10,20,R,0,9,0,Retired,gasly,10,GAS,http://en.wikipedia.org/wiki/Pierre_Gasly,Pierre,Gasly,1996-02-07,French,alpine,https://en.wikipedia.org/wiki/Alpine_F1_Team,Alpine F1 Team,French,,,,,,,,2025,5,Saudi Arabian Grand Prix,2025-04-20,jeddah
63,1,1,25,1,58,Finished,russell,63,RUS,http://en.wikipedia.org/wiki/George_Russell_(racing_driver),George,Russell,1998-02-15,British,mercedes,https://en.wikipedia.org/wiki/Mercedes-Benz_in_Formula_One,Mercedes,German,4986801,1:23:06.801,6,21,1:22.670,,,2026,1,Australian Grand Prix,2026-03-08,albert_park
12,2,2,18,2,58,Finished,antonelli,12,ANT,https://en.wikipedia.org/wiki/Andrea_Kimi_Antonelli,Andrea Kimi,Antonelli,2006-08-25,Italian,mercedes,https://en.wikipedia.org/wiki/Mercedes-Benz_in_Formula_One,Mercedes,German,4989775,+2.974,3,57,1:22.417,,,2026,1,Australian Grand Prix,2026-03-08,albert_park
16,3,3,15,4,58,Finished,leclerc,16,LEC,http://en.wikipedia.org/wiki/Charles_Leclerc,Charles,Leclerc,1997-10-16,Monegasque,ferrari,https://en.wikipedia.org/wiki/Scuderia_Ferrari,Ferrari,Italian,5002320,+15.519,5,38,1:22.579,,,2026,1,Australian Grand Prix,2026-03-08,albert_park
44,4,4,12,7,58,Finished,hamilton,44,HAM,http://en.wikipedia.org/wiki/Lewis_Hamilton,Lewis,Hamilton,1985-01-07,British,ferrari,https://en.wikipedia.org/wiki/Scuderia_Ferrari,Ferrari,Italian,5002945,+16.144,4,55,1:22.423,,,2026,1,Australian Grand Prix,2026-03-08,albert_park
1,5,5,10,6,58,Finished,norris,1,NOR,http://en.wikipedia.org/wiki/Lando_Norris,Lando,Norris,1999-11-13,British,mclaren,https://en.wikipedia.org/wiki/McLaren,McLaren,British,5038542,+51.741,2,53,1:22.358,,,2026,1,Australian Grand Prix,2026-03-08,albert_park
3,6,6,8,20,58,Finished,max_verstappen,3,VER,http://en.wikipedia.org/wiki/Max_Verstappen,Max,Verstappen,1997-09-30,Dutch,red_bull,https://en.wikipedia.org/wiki/Red_Bull_Racing,Red Bull,Austrian,5041418,+54.617,1,43,1:22.091,,,2026,1,Australian Grand Prix,2026-03-08,albert_park
87,7,7,6,12,57,Lapped,bearman,87,BEA,http://en.wikipedia.org/wiki/Oliver_Bearman,Oliver,Bearman,2005-05-08,British,haas,https://en.wikipedia.org/wiki/Haas_F1_Team,Haas F1 Team,American,4991394,+4.593,11,22,1:24.020,,,2026,1,Australian Grand Prix,2026-03-08,albert_park
41,8,8,4,9,57,Lapped,arvid_lindblad,41,LIN,https://en.wikipedia.org/wiki/Arvid_Lindblad,Arvid,Lindblad,2007-08-08,British,rb,https://en.wikipedia.org/wiki/Racing_Bulls,RB F1 Team,Italian,4998617,+11.816,12,21,1:24.182,,,2026,1,Australian Grand Prix,2026-03-08,albert_park
5,9,9,2,10,57,Lapped,bortoleto,5,BOR,https://en.wikipedia.org/wiki/Gabriel_Bortoleto,Gabriel,Bortoleto,2004-10-14,Brazilian,audi,https://en.wikipedia.org/wiki/Audi_in_Formula_One,Audi,German,4999576,+12.775,8,45,1:23.257,,,2026,1,Australian Grand Prix,2026-03-08,albert_park
10,10,10,1,14,57,Lapped,gasly,10,GAS,http://en.wikipedia.org/wiki/Pierre_Gasly,Pierre,Gasly,1996-02-07,French,alpine,https://en.wikipedia.org/wiki/Alpine_F1_Team,Alpine F1 Team,French,5015828,+29.027,15,56,1:24.486,,,2026,1,Australian Grand Prix,2026-03-08,albert_park
31,11,11,0,13,57,Lapped,ocon,31,OCO,http://en.wikipedia.org/wiki/Esteban_Ocon,Esteban,Ocon,1996-09-17,French,haas,https://en.wikipedia.org/wiki/Haas_F1_Team,Haas F1 Team,American,5016651,+29.850,14,25,1:24.424,,,2026,1,Australian Grand Prix,2026-03-08,albert_park
23,12,12,0,15,57,Lapped,albon,23,ALB,http://en.wikipedia.org/wiki/Alexander_Albon,Alexander,Albon,1996-03-23,Thai,williams,https://en.wikipedia.org/wiki/Williams_Racing,Williams,British,5042876,+56.075,13,36,1:24.375,,,2026,1,Australian Grand Prix,2026-03-08,albert_park
30,13,13,0,8,57,Lapped,lawson,30,LAW,http://en.wikipedia.org/wiki/Liam_Lawson,Liam,Lawson,2002-02-11,New Zealander,rb,https://en.wikipedia.org/wiki/Racing_Bulls,RB F1 Team,Italian,5043974,+57.173,10,47,1:23.783,,,2026,1,Australian Grand Prix,2026-03-08,albert_park
43,14,14,0,16,56,Lapped,colapinto,43,COL,http://en.wikipedia.org/wiki/Franco_Colapinto,Franco,Colapinto,2003-05-27,Argentine,alpine,https://en.wikipedia.org/wiki/Alpine_F1_Team,Alpine F1 Team,French,4995288,+8.487,7,48,1:22.926,,,2026,1,Australian Grand Prix,2026-03-08,albert_park
55,15,15,0,21,56,Lapped,sainz,55,SAI,http://en.wikipedia.org/wiki/Carlos_Sainz_Jr.,Carlos,Sainz,1994-09-01,Spanish,williams,https://en.wikipedia.org/wiki/Williams_Racing,Williams,British,5023687,+36.886,9,52,1:23.590,,,2026,1,Australian Grand Prix,2026-03-08,albert_park
11,16,16,0,18,55,Lapped,perez,11,PER,http://en.wikipedia.org/wiki/Sergio_P%C3%A9rez,Sergio,Pérez,1990-01-26,Mexican,cadillac,https://en.wikipedia.org/wiki/Cadillac_in_Formula_One,Cadillac F1 Team,American,4994651,+7.850,19,47,1:26.070,,,2026,1,Australian Grand Prix,2026-03-08,albert_park
18,17,R,0,22,43,Lapped,stroll,18,STR,http://en.wikipedia.org/wiki/Lance_Stroll,Lance,Stroll,1998-10-29,Canadian,aston_martin,https://en.wikipedia.org/wiki/Aston_Martin_in_Formula_One,Aston Martin,British,,,17,36,1:25.410,,,2026,1,Australian Grand Prix,2026-03-08,albert_park
14,18,R,0,17,21,Retired,alonso,14,ALO,http://en.wikipedia.org/wiki/Fernando_Alonso,Fernando,Alonso,1981-07-29,Spanish,aston_martin,https://en.wikipedia.org/wiki/Aston_Martin_in_Formula_One,Aston Martin,British,,,18,15,1:25.713,,,2026,1,Australian Grand Prix,2026-03-08,albert_park
77,19,R,0,19,15,Retired,bottas,77,BOT,http://en.wikipedia.org/wiki/Valtteri_Bottas,Valtteri,Bottas,1989-08-28,Finnish,cadillac,https://en.wikipedia.org/wiki/Cadillac_in_Formula_One,Cadillac F1 Team,American,,,20,8,1:27.364,,,2026,1,Australian Grand Prix,2026-03-08,albert_park
6,20,R,0,3,10,Retired,hadjar,6,HAD,https://en.wikipedia.org/wiki/Isack_Hadjar,Isack,Hadjar,2004-09-28,French,red_bull,https://en.wikipedia.org/wiki/Red_Bull_Racing,Red Bull,Austrian,,,16,9,1:25.239,,,2026,1,Australian Grand Prix,2026-03-08,albert_park
81,21,W,0,5,0,Did not start,piastri,81,PIA,http://en.wikipedia.org/wiki/Oscar_Piastri,Oscar,Piastri,2001-04-06,Australian,mclaren,https://en.wikipedia.org/wiki/McLaren,McLaren,British,,,,,,,,2026,1,Australian Grand Prix,2026-03-08,albert_park
27,22,W,0,11,0,Did not start,hulkenberg,27,HUL,http://en.wikipedia.org/wiki/Nico_H%C3%BClkenberg,Nico,Hülkenberg,1987-08-19,German,audi,https://en.wikipedia.org/wiki/Audi_in_Formula_One,Audi,German,,,,,,,,2026,1,Australian Grand Prix,2026-03-08,albert_park
12,1,1,25,1,56,Finished,antonelli,12,ANT,https://en.wikipedia.org/wiki/Andrea_Kimi_Antonelli,Andrea Kimi,Antonelli,2006-08-25,Italian,mercedes,https://en.wikipedia.org/wiki/Mercedes-Benz_in_Formula_One,Mercedes,German,5595607,1:33:15.607,1,52,1:35.275,,,2026,2,Chinese Grand Prix,2026-03-15,shanghai
63,2,2,18,2,56,Finished,russell,63,RUS,http://en.wikipedia.org/wiki/George_Russell_(racing_driver),George,Russell,1998-02-15,British,mercedes,https://en.wikipedia.org/wiki/Mercedes-Benz_in_Formula_One,Mercedes,German,5601122,+5.515,2,56,1:35.400,,,2026,2,Chinese Grand Prix,2026-03-15,shanghai
44,3,3,15,3,56,Finished,hamilton,44,HAM,http://en.wikipedia.org/wiki/Lewis_Hamilton,Lewis,Hamilton,1985-01-07,British,ferrari,https://en.wikipedia.org/wiki/Scuderia_Ferrari,Ferrari,Italian,5620874,+25.267,5,55,1:36.092,,,2026,2,Chinese Grand Prix,2026-03-15,shanghai
16,4,4,12,4,56,Finished,leclerc,16,LEC,http://en.wikipedia.org/wiki/Charles_Leclerc,Charles,Leclerc,1997-10-16,Monegasque,ferrari,https://en.wikipedia.org/wiki/Scuderia_Ferrari,Ferrari,Italian,5624501,+28.894,4,56,1:36.011,,,2026,2,Chinese Grand Prix,2026-03-15,shanghai
87,5,5,10,10,56,Finished,bearman,87,BEA,http://en.wikipedia.org/wiki/Oliver_Bearman,Oliver,Bearman,2005-05-08,British,haas,https://en.wikipedia.org/wiki/Haas_F1_Team,Haas F1 Team,American,5652875,+57.268,8,56,1:36.429,,,2026,2,Chinese Grand Prix,2026-03-15,shanghai
10,6,6,8,7,56,Finished,gasly,10,GAS,http://en.wikipedia.org/wiki/Pierre_Gasly,Pierre,Gasly,1996-02-07,French,alpine,https://en.wikipedia.org/wiki/Alpine_F1_Team,Alpine F1 Team,French,5655254,+59.647,9,53,1:36.505,,,2026,2,Chinese Grand Prix,2026-03-15,shanghai
30,7,7,6,14,56,Finished,lawson,30,LAW,http://en.wikipedia.org/wiki/Liam_Lawson,Liam,Lawson,2002-02-11,New Zealander,rb,https://en.wikipedia.org/wiki/Racing_Bulls,RB F1 Team,Italian,5676195,+1:20.588,12,56,1:37.096,,,2026,2,Chinese Grand Prix,2026-03-15,shanghai
6,8,8,4,9,56,Finished,hadjar,6,HAD,https://en.wikipedia.org/wiki/Isack_Hadjar,Isack,Hadjar,2004-09-28,French,red_bull,https://en.wikipedia.org/wiki/Red_Bull_Racing,Red Bull,Austrian,5682854,+1:27.247,13,46,1:37.311,,,2026,2,Chinese Grand Prix,2026-03-15,shanghai
55,9,9,2,17,55,Lapped,sainz,55,SAI,http://en.wikipedia.org/wiki/Carlos_Sainz_Jr.,Carlos,Sainz,1994-09-01,Spanish,williams,https://en.wikipedia.org/wiki/Williams_Racing,Williams,British,5607280,+11.673,14,51,1:37.981,,,2026,2,Chinese Grand Prix,2026-03-15,shanghai
43,10,10,1,12,55,Lapped,colapinto,43,COL,http://en.wikipedia.org/wiki/Franco_Colapinto,Franco,Colapinto,2003-05-27,Argentine,alpine,https://en.wikipedia.org/wiki/Alpine_F1_Team,Alpine F1 Team,French,5608010,+12.403,10,35,1:36.783,,,2026,2,Chinese Grand Prix,2026-03-15,shanghai
27,11,11,0,11,55,Lapped,hulkenberg,27,HUL,http://en.wikipedia.org/wiki/Nico_H%C3%BClkenberg,Nico,Hülkenberg,1987-08-19,German,audi,https://en.wikipedia.org/wiki/Audi_in_Formula_One,Audi,German,5616716,+21.109,7,38,1:36.180,,,2026,2,Chinese Grand Prix,2026-03-15,shanghai
41,12,12,0,15,55,Lapped,arvid_lindblad,41,LIN,https://en.wikipedia.org/wiki/Arvid_Lindblad,Arvid,Lindblad,2007-08-08,British,rb,https://en.wikipedia.org/wiki/Racing_Bulls,RB F1 Team,Italian,5618435,+22.828,6,46,1:36.099,,,2026,2,Chinese Grand Prix,2026-03-15,shanghai
77,13,13,0,19,55,Lapped,bottas,77,BOT,http://en.wikipedia.org/wiki/Valtteri_Bottas,Valtteri,Bottas,1989-08-28,Finnish,cadillac,https://en.wikipedia.org/wiki/Cadillac_in_Formula_One,Cadillac F1 Team,American,5651765,+56.158,15,55,1:38.393,,,2026,2,Chinese Grand Prix,2026-03-15,shanghai
31,14,14,0,13,55,Lapped,ocon,31,OCO,http://en.wikipedia.org/wiki/Esteban_Ocon,Esteban,Ocon,1996-09-17,French,haas,https://en.wikipedia.org/wiki/Haas_F1_Team,Haas F1 Team,American,5661863,+1:06.256,3,54,1:35.964,,,2026,2,Chinese Grand Prix,2026-03-15,shanghai
11,15,15,0,21,55,Lapped,perez,11,PER,http://en.wikipedia.org/wiki/Sergio_P%C3%A9rez,Sergio,Pérez,1990-01-26,Mexican,cadillac,https://en.wikipedia.org/wiki/Cadillac_in_Formula_One,Cadillac F1 Team,American,5670248,+1:14.641,16,50,1:38.523,,,2026,2,Chinese Grand Prix,2026-03-15,shanghai
3,16,R,0,8,45,Retired,max_verstappen,3,VER,http://en.wikipedia.org/wiki/Max_Verstappen,Max,Verstappen,1997-09-30,Dutch,red_bull,https://en.wikipedia.org/wiki/Red_Bull_Racing,Red Bull,Austrian,,,11,39,1:37.046,,,2026,2,Chinese Grand Prix,2026-03-15,shanghai
14,17,R,0,18,32,Retired,alonso,14,ALO,http://en.wikipedia.org/wiki/Fernando_Alonso,Fernando,Alonso,1981-07-29,Spanish,aston_martin,https://en.wikipedia.org/wiki/Aston_Martin_in_Formula_One,Aston Martin,British,,,17,25,1:39.721,,,2026,2,Chinese Grand Prix,2026-03-15,shanghai
18,18,R,0,20,9,Retired,stroll,18,STR,http://en.wikipedia.org/wiki/Lance_Stroll,Lance,Stroll,1998-10-29,Canadian,aston_martin,https://en.wikipedia.org/wiki/Aston_Martin_in_Formula_One,Aston Martin,British,,,18,9,1:40.883,,,2026,2,Chinese Grand Prix,2026-03-15,shanghai
81,19,W,0,5,0,Did not start,piastri,81,PIA,http://en.wikipedia.org/wiki/Oscar_Piastri,Oscar,Piastri,2001-04-06,Australian,mclaren,https://en.wikipedia.org/wiki/McLaren,McLaren,British,,,,,,,,2026,2,Chinese Grand Prix,2026-03-15,shanghai
1,20,W,0,6,0,Did not start,norris,1,NOR,http://en.wikipedia.org/wiki/Lando_Norris,Lando,Norris,1999-11-13,British,mclaren,https://en.wikipedia.org/wiki/McLaren,McLaren,British,,,,,,,,2026,2,Chinese Grand Prix,2026-03-15,shanghai
5,21,W,0,16,0,Did not start,bortoleto,5,BOR,https://en.wikipedia.org/wiki/Gabriel_Bortoleto,Gabriel,Bortoleto,2004-10-14,Brazilian,audi,https://en.wikipedia.org/wiki/Audi_in_Formula_One,Audi,German,,,,,,,,2026,2,Chinese Grand Prix,2026-03-15,shanghai
23,22,W,0,22,0,Did not start,albon,23,ALB,http://en.wikipedia.org/wiki/Alexander_Albon,Alexander,Albon,1996-03-23,Thai,williams,https://en.wikipedia.org/wiki/Williams_Racing,Williams,British,,,,,,,,2026,2,Chinese Grand Prix,2026-03-15,shanghai
12,1,1,25,1,53,Finished,antonelli,12,ANT,https://en.wikipedia.org/wiki/Andrea_Kimi_Antonelli,Andrea Kimi,Antonelli,2006-08-25,Italian,mercedes,https://en.wikipedia.org/wiki/Mercedes-Benz_in_Formula_One,Mercedes,German,5283403,1:28:03.403,1,49,1:32.432,,,2026,3,Japanese Grand Prix,2026-03-29,suzuka
81,2,2,18,3,53,Finished,piastri,81,PIA,http://en.wikipedia.org/wiki/Oscar_Piastri,Oscar,Piastri,2001-04-06,Australian,mclaren,https://en.wikipedia.org/wiki/McLaren,McLaren,British,5297125,+13.722,5,49,1:32.996,,,2026,3,Japanese Grand Prix,2026-03-29,suzuka
16,3,3,15,4,53,Finished,leclerc,16,LEC,http://en.wikipedia.org/wiki/Charles_Leclerc,Charles,Leclerc,1997-10-16,Monegasque,ferrari,https://en.wikipedia.org/wiki/Scuderia_Ferrari,Ferrari,Italian,5298673,+15.270,3,53,1:32.634,,,2026,3,Japanese Grand Prix,2026-03-29,suzuka
63,4,4,12,2,53,Finished,russell,63,RUS,http://en.wikipedia.org/wiki/George_Russell_(racing_driver),George,Russell,1998-02-15,British,mercedes,https://en.wikipedia.org/wiki/Mercedes-Benz_in_Formula_One,Mercedes,German,5299157,+15.754,2,53,1:32.549,,,2026,3,Japanese Grand Prix,2026-03-29,suzuka
1,5,5,10,5,53,Finished,norris,1,NOR,http://en.wikipedia.org/wiki/Lando_Norris,Lando,Norris,1999-11-13,British,mclaren,https://en.wikipedia.org/wiki/McLaren,McLaren,British,5306882,+23.479,6,52,1:33.208,,,2026,3,Japanese Grand Prix,2026-03-29,suzuka
44,6,6,8,6,53,Finished,hamilton,44,HAM,http://en.wikipedia.org/wiki/Lewis_Hamilton,Lewis,Hamilton,1985-01-07,British,ferrari,https://en.wikipedia.org/wiki/Scuderia_Ferrari,Ferrari,Italian,5308440,+25.037,4,48,1:32.777,,,2026,3,Japanese Grand Prix,2026-03-29,suzuka
10,7,7,6,7,53,Finished,gasly,10,GAS,http://en.wikipedia.org/wiki/Pierre_Gasly,Pierre,Gasly,1996-02-07,French,alpine,https://en.wikipedia.org/wiki/Alpine_F1_Team,Alpine F1 Team,French,5315743,+32.340,9,39,1:33.691,,,2026,3,Japanese Grand Prix,2026-03-29,suzuka
3,8,8,4,11,53,Finished,max_verstappen,3,VER,http://en.wikipedia.org/wiki/Max_Verstappen,Max,Verstappen,1997-09-30,Dutch,red_bull,https://en.wikipedia.org/wiki/Red_Bull_Racing,Red Bull,Austrian,5316080,+32.677,8,41,1:33.552,,,2026,3,Japanese Grand Prix,2026-03-29,suzuka
30,9,9,2,14,53,Finished,lawson,30,LAW,http://en.wikipedia.org/wiki/Liam_Lawson,Liam,Lawson,2002-02-11,New Zealander,rb,https://en.wikipedia.org/wiki/Racing_Bulls,RB F1 Team,Italian,5333583,+50.180,13,53,1:34.230,,,2026,3,Japanese Grand Prix,2026-03-29,suzuka
31,10,10,1,12,53,Finished,ocon,31,OCO,http://en.wikipedia.org/wiki/Esteban_Ocon,Esteban,Ocon,1996-09-17,French,haas,https://en.wikipedia.org/wiki/Haas_F1_Team,Haas F1 Team,American,5334619,+51.216,14,53,1:34.256,,,2026,3,Japanese Grand Prix,2026-03-29,suzuka
27,11,11,0,13,53,Finished,hulkenberg,27,HUL,http://en.wikipedia.org/wiki/Nico_H%C3%BClkenberg,Nico,Hülkenberg,1987-08-19,German,audi,https://en.wikipedia.org/wiki/Audi_in_Formula_One,Audi,German,5335683,+52.280,10,47,1:33.732,,,2026,3,Japanese Grand Prix,2026-03-29,suzuka
6,12,12,0,8,53,Finished,hadjar,6,HAD,https://en.wikipedia.org/wiki/Isack_Hadjar,Isack,Hadjar,2004-09-28,French,red_bull,https://en.wikipedia.org/wiki/Red_Bull_Racing,Red Bull,Austrian,5339557,+56.154,11,53,1:33.837,,,2026,3,Japanese Grand Prix,2026-03-29,suzuka
5,13,13,0,9,53,Finished,bortoleto,5,BOR,https://en.wikipedia.org/wiki/Gabriel_Bortoleto,Gabriel,Bortoleto,2004-10-14,Brazilian,audi,https://en.wikipedia.org/wiki/Audi_in_Formula_One,Audi,German,5342481,+59.078,12,40,1:34.164,,,2026,3,Japanese Grand Prix,2026-03-29,suzuka
41,14,14,0,10,53,Finished,arvid_lindblad,41,LIN,https://en.wikipedia.org/wiki/Arvid_Lindblad,Arvid,Lindblad,2007-08-08,British,rb,https://en.wikipedia.org/wiki/Racing_Bulls,RB F1 Team,Italian,5343251,+59.848,15,53,1:34.314,,,2026,3,Japanese Grand Prix,2026-03-29,suzuka
55,15,15,0,16,53,Finished,sainz,55,SAI,http://en.wikipedia.org/wiki/Carlos_Sainz_Jr.,Carlos,Sainz,1994-09-01,Spanish,williams,https://en.wikipedia.org/wiki/Williams_Racing,Williams,British,5348411,+1:05.008,17,38,1:34.514,,,2026,3,Japanese Grand Prix,2026-03-29,suzuka
43,16,16,0,15,53,Finished,colapinto,43,COL,http://en.wikipedia.org/wiki/Franco_Colapinto,Franco,Colapinto,2003-05-27,Argentine,alpine,https://en.wikipedia.org/wiki/Alpine_F1_Team,Alpine F1 Team,French,5349176,+1:05.773,16,41,1:34.512,,,2026,3,Japanese Grand Prix,2026-03-29,suzuka
11,17,17,0,19,53,Finished,perez,11,PER,http://en.wikipedia.org/wiki/Sergio_P%C3%A9rez,Sergio,Pérez,1990-01-26,Mexican,cadillac,https://en.wikipedia.org/wiki/Cadillac_in_Formula_One,Cadillac F1 Team,American,5375856,+1:32.453,19,53,1:35.637,,,2026,3,Japanese Grand Prix,2026-03-29,suzuka
14,18,18,0,21,52,Lapped,alonso,14,ALO,http://en.wikipedia.org/wiki/Fernando_Alonso,Fernando,Alonso,1981-07-29,Spanish,aston_martin,https://en.wikipedia.org/wiki/Aston_Martin_in_Formula_One,Aston Martin,British,5309951,+26.548,20,47,1:36.221,,,2026,3,Japanese Grand Prix,2026-03-29,suzuka
77,19,19,0,20,52,Lapped,bottas,77,BOT,http://en.wikipedia.org/wiki/Valtteri_Bottas,Valtteri,Bottas,1989-08-28,Finnish,cadillac,https://en.wikipedia.org/wiki/Cadillac_in_Formula_One,Cadillac F1 Team,American,5326024,+42.621,21,52,1:36.269,,,2026,3,Japanese Grand Prix,2026-03-29,suzuka
23,20,20,0,17,51,Lapped,albon,23,ALB,http://en.wikipedia.org/wiki/Alexander_Albon,Alexander,Albon,1996-03-23,Thai,williams,https://en.wikipedia.org/wiki/Williams_Racing,Williams,British,5288470,+5.067,7,51,1:33.427,,,2026,3,Japanese Grand Prix,2026-03-29,suzuka
18,21,R,0,22,30,Retired,stroll,18,STR,http://en.wikipedia.org/wiki/Lance_Stroll,Lance,Stroll,1998-10-29,Canadian,aston_martin,https://en.wikipedia.org/wiki/Aston_Martin_in_Formula_One,Aston Martin,British,,,22,29,1:37.217,,,2026,3,Japanese Grand Prix,2026-03-29,suzuka
87,22,R,0,18,20,Retired,bearman,87,BEA,http://en.wikipedia.org/wiki/Oliver_Bearman,Oliver,Bearman,2005-05-08,British,haas,https://en.wikipedia.org/wiki/Haas_F1_Team,Haas F1 Team,American,,,18,20,1:35.604,,,2026,3,Japanese Grand Prix,2026-03-29,suzuka
12,1,1,25,1,57,Finished,antonelli,12,ANT,https://en.wikipedia.org/wiki/Andrea_Kimi_Antonelli,Andrea Kimi,Antonelli,2006-08-25,Italian,mercedes,https://en.wikipedia.org/wiki/Mercedes-Benz_in_Formula_One,Mercedes,German,5599273,1:33:19.273,3,34,1:31.968,,,2026,4,Miami Grand Prix,2026-05-03,miami
1,2,2,18,4,57,Finished,norris,1,NOR,http://en.wikipedia.org/wiki/Lando_Norris,Lando,Norris,1999-11-13,British,mclaren,https://en.wikipedia.org/wiki/McLaren,McLaren,British,5602537,+3.264,1,35,1:31.869,,,2026,4,Miami Grand Prix,2026-05-03,miami
81,3,3,15,7,57,Finished,piastri,81,PIA,http://en.wikipedia.org/wiki/Oscar_Piastri,Oscar,Piastri,2001-04-06,Australian,mclaren,https://en.wikipedia.org/wiki/McLaren,McLaren,British,5626365,+27.092,2,30,1:31.949,,,2026,4,Miami Grand Prix,2026-05-03,miami
63,4,4,12,5,57,Finished,russell,63,RUS,http://en.wikipedia.org/wiki/George_Russell_(racing_driver),George,Russell,1998-02-15,British,mercedes,https://en.wikipedia.org/wiki/Mercedes-Benz_in_Formula_One,Mercedes,German,5642324,+43.051,4,53,1:32.446,,,2026,4,Miami Grand Prix,2026-05-03,miami
3,5,5,10,2,57,Finished,max_verstappen,3,VER,http://en.wikipedia.org/wiki/Max_Verstappen,Max,Verstappen,1997-09-30,Dutch,red_bull,https://en.wikipedia.org/wiki/Red_Bull_Racing,Red Bull,Austrian,5648222,+48.949,9,24,1:33.110,,,2026,4,Miami Grand Prix,2026-05-03,miami
44,6,6,8,6,57,Finished,hamilton,44,HAM,http://en.wikipedia.org/wiki/Lewis_Hamilton,Lewis,Hamilton,1985-01-07,British,ferrari,https://en.wikipedia.org/wiki/Scuderia_Ferrari,Ferrari,Italian,5653026,+53.753,6,29,1:32.676,,,2026,4,Miami Grand Prix,2026-05-03,miami
43,7,7,6,8,57,Finished,colapinto,43,COL,http://en.wikipedia.org/wiki/Franco_Colapinto,Franco,Colapinto,2003-05-27,Argentine,alpine,https://en.wikipedia.org/wiki/Alpine_F1_Team,Alpine F1 Team,French,5661144,+1:01.871,8,33,1:33.035,,,2026,4,Miami Grand Prix,2026-05-03,miami
16,8,8,4,3,57,Finished,leclerc,16,LEC,http://en.wikipedia.org/wiki/Charles_Leclerc,Charles,Leclerc,1997-10-16,Monegasque,ferrari,https://en.wikipedia.org/wiki/Scuderia_Ferrari,Ferrari,Italian,5663518,+1:04.245,5,44,1:32.515,,,2026,4,Miami Grand Prix,2026-05-03,miami
55,9,9,2,13,57,Finished,sainz,55,SAI,http://en.wikipedia.org/wiki/Carlos_Sainz_Jr.,Carlos,Sainz,1994-09-01,Spanish,williams,https://en.wikipedia.org/wiki/Williams_Racing,Williams,British,5681345,+1:22.072,7,30,1:33.026,,,2026,4,Miami Grand Prix,2026-05-03,miami
23,10,10,1,15,57,Finished,albon,23,ALB,http://en.wikipedia.org/wiki/Alexander_Albon,Alexander,Albon,1996-03-23,Thai,williams,https://en.wikipedia.org/wiki/Williams_Racing,Williams,British,5690245,+1:30.972,13,30,1:33.784,,,2026,4,Miami Grand Prix,2026-05-03,miami
87,11,11,0,12,56,Lapped,bearman,87,BEA,http://en.wikipedia.org/wiki/Oliver_Bearman,Oliver,Bearman,2005-05-08,British,haas,https://en.wikipedia.org/wiki/Haas_F1_Team,Haas F1 Team,American,5605673,+6.400,12,28,1:33.744,,,2026,4,Miami Grand Prix,2026-05-03,miami
5,12,12,0,21,56,Lapped,bortoleto,5,BOR,https://en.wikipedia.org/wiki/Gabriel_Bortoleto,Gabriel,Bortoleto,2004-10-14,Brazilian,audi,https://en.wikipedia.org/wiki/Audi_in_Formula_One,Audi,German,5608626,+9.353,10,55,1:33.500,,,2026,4,Miami Grand Prix,2026-05-03,miami
31,13,13,0,14,56,Lapped,ocon,31,OCO,http://en.wikipedia.org/wiki/Esteban_Ocon,Esteban,Ocon,1996-09-17,French,haas,https://en.wikipedia.org/wiki/Haas_F1_Team,Haas F1 Team,American,5613146,+13.873,11,33,1:33.712,,,2026,4,Miami Grand Prix,2026-05-03,miami
41,14,14,0,16,56,Lapped,arvid_lindblad,41,LIN,https://en.wikipedia.org/wiki/Arvid_Lindblad,Arvid,Lindblad,2007-08-08,British,rb,https://en.wikipedia.org/wiki/Racing_Bulls,RB F1 Team,Italian,5644054,+44.781,14,30,1:34.058,,,2026,4,Miami Grand Prix,2026-05-03,miami
14,15,15,0,17,56,Lapped,alonso,14,ALO,http://en.wikipedia.org/wiki/Fernando_Alonso,Fernando,Alonso,1981-07-29,Spanish,aston_martin,https://en.wikipedia.org/wiki/Aston_Martin_in_Formula_One,Aston Martin,British,5674237,+1:14.964,16,45,1:34.594,,,2026,4,Miami Grand Prix,2026-05-03,miami
11,16,16,0,20,56,Lapped,perez,11,PER,http://en.wikipedia.org/wiki/Sergio_P%C3%A9rez,Sergio,Pérez,1990-01-26,Mexican,cadillac,https://en.wikipedia.org/wiki/Cadillac_in_Formula_One,Cadillac F1 Team,American,5676786,+1:17.513,21,31,1:34.895,,,2026,4,Miami Grand Prix,2026-05-03,miami
18,17,17,0,18,56,Lapped,stroll,18,STR,http://en.wikipedia.org/wiki/Lance_Stroll,Lance,Stroll,1998-10-29,Canadian,aston_martin,https://en.wikipedia.org/wiki/Aston_Martin_in_Formula_One,Aston Martin,British,5681904,+1:22.631,17,56,1:34.716,,,2026,4,Miami Grand Prix,2026-05-03,miami
77,18,18,0,19,55,Lapped,bottas,77,BOT,http://en.wikipedia.org/wiki/Valtteri_Bottas,Valtteri,Bottas,1989-08-28,Finnish,cadillac,https://en.wikipedia.org/wiki/Cadillac_in_Formula_One,Cadillac F1 Team,American,5667528,+1:08.255,22,16,1:36.080,,,2026,4,Miami Grand Prix,2026-05-03,miami
27,19,R,0,10,7,Retired,hulkenberg,27,HUL,http://en.wikipedia.org/wiki/Nico_H%C3%BClkenberg,Nico,Hülkenberg,1987-08-19,German,audi,https://en.wikipedia.org/wiki/Audi_in_Formula_One,Audi,German,,,15,4,1:34.523,,,2026,4,Miami Grand Prix,2026-05-03,miami
30,20,R,0,11,6,Retired,lawson,30,LAW,http://en.wikipedia.org/wiki/Liam_Lawson,Liam,Lawson,2002-02-11,New Zealander,rb,https://en.wikipedia.org/wiki/Racing_Bulls,RB F1 Team,Italian,,,18,3,1:34.814,,,2026,4,Miami Grand Prix,2026-05-03,miami
10,21,R,0,9,4,Retired,gasly,10,GAS,http://en.wikipedia.org/wiki/Pierre_Gasly,Pierre,Gasly,1996-02-07,French,alpine,https://en.wikipedia.org/wiki/Alpine_F1_Team,Alpine F1 Team,French,,,20,4,1:34.856,,,2026,4,Miami Grand Prix,2026-05-03,miami
6,22,R,0,22,4,Retired,hadjar,6,HAD,https://en.wikipedia.org/wiki/Isack_Hadjar,Isack,Hadjar,2004-09-28,French,red_bull,https://en.wikipedia.org/wiki/Red_Bull_Racing,Red Bull,Austrian,,,19,4,1:34.833,,,2026,4,Miami Grand Prix,2026-05-03,miami
12,1,1,25,2,68,Finished,antonelli,12,ANT,https://en.wikipedia.org/wiki/Andrea_Kimi_Antonelli,Andrea Kimi,Antonelli,2006-08-25,Italian,mercedes,https://en.wikipedia.org/wiki/Mercedes-Benz_in_Formula_One,Mercedes,German,5295758,1:28:15.758,1,68,1:14.210,,,2026,5,Canadian Grand Prix,2026-05-24,villeneuve
44,2,2,18,5,68,Finished,hamilton,44,HAM,http://en.wikipedia.org/wiki/Lewis_Hamilton,Lewis,Hamilton,1985-01-07,British,ferrari,https://en.wikipedia.org/wiki/Scuderia_Ferrari,Ferrari,Italian,5306526,+10.768,3,61,1:14.573,,,2026,5,Canadian Grand Prix,2026-05-24,villeneuve
3,3,3,15,6,68,Finished,max_verstappen,3,VER,http://en.wikipedia.org/wiki/Max_Verstappen,Max,Verstappen,1997-09-30,Dutch,red_bull,https://en.wikipedia.org/wiki/Red_Bull_Racing,Red Bull,Austrian,5307034,+11.276,2,68,1:14.398,,,2026,5,Canadian Grand Prix,2026-05-24,villeneuve
16,4,4,12,8,68,Finished,leclerc,16,LEC,http://en.wikipedia.org/wiki/Charles_Leclerc,Charles,Leclerc,1997-10-16,Monegasque,ferrari,https://en.wikipedia.org/wiki/Scuderia_Ferrari,Ferrari,Italian,5339909,+44.151,5,37,1:15.297,,,2026,5,Canadian Grand Prix,2026-05-24,villeneuve
6,5,5,10,7,67,Lapped,hadjar,6,HAD,https://en.wikipedia.org/wiki/Isack_Hadjar,Isack,Hadjar,2004-09-28,French,red_bull,https://en.wikipedia.org/wiki/Red_Bull_Racing,Red Bull,Austrian,5300791,+5.033,4,67,1:14.578,,,2026,5,Canadian Grand Prix,2026-05-24,villeneuve
43,6,6,8,10,67,Lapped,colapinto,43,COL,http://en.wikipedia.org/wiki/Franco_Colapinto,Franco,Colapinto,2003-05-27,Argentine,alpine,https://en.wikipedia.org/wiki/Alpine_F1_Team,Alpine F1 Team,French,5315268,+19.510,8,67,1:15.462,,,2026,5,Canadian Grand Prix,2026-05-24,villeneuve
30,7,7,6,12,67,Lapped,lawson,30,LAW,http://en.wikipedia.org/wiki/Liam_Lawson,Liam,Lawson,2002-02-11,New Zealander,rb,https://en.wikipedia.org/wiki/Racing_Bulls,RB F1 Team,Italian,5329993,+34.235,10,59,1:15.604,,,2026,5,Canadian Grand Prix,2026-05-24,villeneuve
10,8,8,4,14,67,Lapped,gasly,10,GAS,http://en.wikipedia.org/wiki/Pierre_Gasly,Pierre,Gasly,1996-02-07,French,alpine,https://en.wikipedia.org/wiki/Alpine_F1_Team,Alpine F1 Team,French,5330330,+34.572,6,67,1:15.390,,,2026,5,Canadian Grand Prix,2026-05-24,villeneuve
55,9,9,2,15,67,Lapped,sainz,55,SAI,http://en.wikipedia.org/wiki/Carlos_Sainz_Jr.,Carlos,Sainz,1994-09-01,Spanish,williams,https://en.wikipedia.org/wiki/Williams_Racing,Williams,British,5353772,+58.014,12,65,1:15.852,,,2026,5,Canadian Grand Prix,2026-05-24,villeneuve
87,10,10,1,16,67,Lapped,bearman,87,BEA,http://en.wikipedia.org/wiki/Oliver_Bearman,Oliver,Bearman,2005-05-08,British,haas,https://en.wikipedia.org/wiki/Haas_F1_Team,Haas F1 Team,American,5354807,+59.049,13,64,1:16.002,,,2026,5,Canadian Grand Prix,2026-05-24,villeneuve
81,11,11,0,4,66,Lapped,piastri,81,PIA,http://en.wikipedia.org/wiki/Oscar_Piastri,Oscar,Piastri,2001-04-06,Australian,mclaren,https://en.wikipedia.org/wiki/McLaren,McLaren,British,5308457,+12.699,7,61,1:15.456,,,2026,5,Canadian Grand Prix,2026-05-24,villeneuve
27,12,12,0,11,66,Lapped,hulkenberg,27,HUL,http://en.wikipedia.org/wiki/Nico_H%C3%BClkenberg,Nico,Hülkenberg,1987-08-19,German,audi,https://en.wikipedia.org/wiki/Audi_in_Formula_One,Audi,German,5309940,+14.182,15,57,1:16.275,,,2026,5,Canadian Grand Prix,2026-05-24,villeneuve
